source,split,image,bolt_boxes,nut_boxes,ignored_boxes,review_status
fastener_object_detection,train,fastener_object_detection__-10-x-1-2-Stainless-Sheet-Metal-Screw-Phillips-Pan-Head-300-Piece-Lot__S_1__68249_jpg.rf.70a86177035a3f4119a4f1f1ab839e39__2237303ac0.jpg,0,0,1,source_annotation_pending_spot_check
fastener_object_detection,train,fastener_object_detection__0001_png_jpg.rf.bbee36d15b497fb4320dc077a8c991ad__a8b6d31e1f.jpg,0,0,1,source_annotation_pending_spot_check
fastener_object_detection,train,fastener_object_detection__0002_png_jpg.rf.60429a324e8ff2e4d289e46a532494f7__8bf9e4cb5f.jpg,0,0,1,source_annotation_pending_spot_check
fastener_object_detection,train,fastener_object_detection__0003_png_jpg.rf.fe59dbc1f4de8ed6451242ce9da9fbbe__f5229aab11.jpg,0,0,1,source_annotation_pending_spot_check
fastener_object_detection,train,fastener_object_detection__0004_png_jpg.rf.5b95c86901ffb5a488fc908afef5cdda__7346c5dc65.jpg,0,0,1,source_annotation_pending_spot_check
fastener_object_detection,train,fastener_object_detection__0005_png_jpg.rf.7a5a39ae075f06d0498ea6accecb9911__907c649618.jpg,0,0,1,source_annotation_pending_spot_check
fastener_object_detection,valid,fastener_object_detection__0009_png_jpg.rf.38f48300b9b433c879d875fb8312eed8__a02d8a511d.jpg,0,0,1,source_annotation_pending_spot_check
fastener_object_detection,train,fastener_object_detection__0010_png_jpg.rf.5e5711ba62d38297f7c47713e980cac3__004f4f33eb.jpg,0,0,1,source_annotation_pending_spot_check
fastener_object_detection,train,fastener_object_detection__0011_png_jpg.rf.ea9381ef54f40b6d370f3bbd1aaa22f6__80ad39f3f1.jpg,0,0,1,source_annotation_pending_spot_check
fastener_object_detection,train,fastener_object_detection__0012_png_jpg.rf.6525f35ffa09bb49f55e5e6e894b2f07__f699be54a9.jpg,0,0,1,source_annotation_pending_spot_check
fastener_object_detection,train,fastener_object_detection__01_png_jpg.rf.485a27088878424ccd22a2e14265f987__aad9ddf3d7.jpg,0,0,1,source_annotation_pending_spot_check
fastener_object_detection,train,fastener_object_detection__02002_jpg.rf.6f5d8a91fb76293711ffc6754cf6d738__e07f06eb54.jpg,0,0,1,source_annotation_pending_spot_check
fastener_object_detection,train,fastener_object_detection__02031_jpg.rf.a7567e7c1134da6f53755cf2cf8d914d__d6f82c07e9.jpg,0,0,1,source_annotation_pending_spot_check
fastener_object_detection,train,fastener_object_detection__0219559013_jpg.rf.0c79b3e03d901f58aa50ad10045ebdcc__2ac398e5c9.jpg,0,0,2,source_annotation_pending_spot_check
fastener_object_detection,valid,fastener_object_detection__02_png_jpg.rf.2762c0cfd5c3642261a2cb99b8981595__620a9dd879.jpg,0,0,1,source_annotation_pending_spot_check
fastener_object_detection,train,fastener_object_detection__03_png_jpg.rf.c6fc5938a4276c9a9b28fad82ddc2d0e__f386c8921e.jpg,0,0,1,source_annotation_pending_spot_check
fastener_object_detection,train,fastener_object_detection__040510_jpg.rf.539ad80aec0ca8039bf24910f400fbc9__40623caf26.jpg,0,0,1,source_annotation_pending_spot_check
fastener_object_detection,train,fastener_object_detection__04_png_jpg.rf.0f99740b78b1b8ce31a28be814ce1260__ff551784f4.jpg,0,0,2,source_annotation_pending_spot_check
fastener_object_detection,train,fastener_object_detection__05_png_jpg.rf.9e06e7cf7c13fce4614a54f4f5d9efb9__7c2c7a8a64.jpg,0,0,2,source_annotation_pending_spot_check
fastener_object_detection,train,fastener_object_detection__062ButtonSocketCapScrew__31506_jpg.rf.dbc69657aab77236f1aa979acfcfd882__f5f4b32b31.jpg,0,0,0,source_annotation_pending_spot_check
fastener_object_detection,train,fastener_object_detection__063FlatSHCS__31545_png_jpg.rf.16cc6efe4497810a6c421684ed17cd18__c46a842552.jpg,0,0,1,source_annotation_pending_spot_check
fastener_object_detection,train,fastener_object_detection__06_png_jpg.rf.01e638b6e987e8cf86f222b112fbc083__c0f41af82c.jpg,0,0,1,source_annotation_pending_spot_check
fastener_object_detection,train,fastener_object_detection__07_png_jpg.rf.aa98577f821f775aea4a3c82a1cce8eb__d8307d5e4c.jpg,0,0,2,source_annotation_pending_spot_check
fastener_object_detection,train,fastener_object_detection__08_png_jpg.rf.4f1bf02a1368ca526e45acb99c653181__5f4bfd3ef5.jpg,0,0,1,source_annotation_pending_spot_check
fastener_object_detection,train,fastener_object_detection__09_png_jpg.rf.409e16f1b738d6d8c90abaf45614c8e4__8999a5a827.jpg,0,0,6,source_annotation_pending_spot_check
fastener_object_detection,train,fastener_object_detection__1-1616355063_JPG_jpg.rf.0902c5feb69644d6a3a87bb0ce75200f__428ffa3072.jpg,0,0,1,source_annotation_pending_spot_check
fastener_object_detection,train,fastener_object_detection__1000_F_211324621_DxmL7f47ieqhAWewfuA1sQkhzYJzNqMQ_jpg.rf.aae1bbc143bb6f3d74700257f0c5c479__8b24c3d99e.jpg,0,0,1,source_annotation_pending_spot_check
fastener_object_detection,train,fastener_object_detection__1000_F_372668205_Y3zO1w67zpH6IJq1pctQvquAeAMtctL1_jpg.rf.726b80ee5137d32ff96d8d2d7cf87d40__02eb395c3e.jpg,0,0,1,source_annotation_pending_spot_check
fastener_object_detection,train,fastener_object_detection__1000_F_43538016_lxUJkFsTgNlLPWGwK1vE2C7crZsUwrNY_jpg.rf.9e77d8b9008455883e646f2df422e018__cfba664df3.jpg,0,0,6,source_annotation_pending_spot_check
fastener_object_detection,train,fastener_object_detection__1013-100012-2_jpg.rf.834468a113be11f3948826b678668950__878ea738f6.jpg,0,0,1,source_annotation_pending_spot_check
fastener_object_detection,train,fastener_object_detection__11-147__13416-1619707446-1280-1280__55993_jpg.rf.5367175ac6cd909df86805cc1f463316__a66adcdb62.jpg,0,0,1,source_annotation_pending_spot_check
fastener_object_detection,train,fastener_object_detection__11_png_jpg.rf.35a712db1e69d0e0351688a580981391__3402eafc65.jpg,0,0,1,source_annotation_pending_spot_check
fastener_object_detection,train,fastener_object_detection__12-6430_jpg.rf.3ed2079fc9db737abf804156181da021__176ec3163b.jpg,0,0,1,source_annotation_pending_spot_check
fastener_object_detection,test,fastener_object_detection__139372d8292dadcf2b4b6e848a2278a0_jpg.rf.c53ea8f22aa87038f59422961524a2af__e479e40ca9.jpg,2,0,0,source_annotation_pending_spot_check
fastener_object_detection,valid,fastener_object_detection__13_png_jpg.rf.e131c0584997b2f6592a7e2989b9617c__84e5102497.jpg,1,0,0,source_annotation_pending_spot_check
fastener_object_detection,train,fastener_object_detection__14_png_jpg.rf.8280df5c46508279fa6571e522e4c2cb__9695ac1299.jpg,0,0,1,source_annotation_pending_spot_check
fastener_object_detection,train,fastener_object_detection__1508_A2Z_jpg.rf.6d438facbbc5c025745f3f316ec19096__b1425276d6.jpg,0,0,1,source_annotation_pending_spot_check
fastener_object_detection,train,fastener_object_detection__15_png_jpg.rf.c5520070dbf9fc31c2ab0683604e2680__65d60f852f.jpg,2,0,0,source_annotation_pending_spot_check
fastener_object_detection,train,fastener_object_detection__17_png_jpg.rf.8c7c2c5276e5f52d8af1066aa7222645__8df6242354.jpg,0,0,1,source_annotation_pending_spot_check
fastener_object_detection,test,fastener_object_detection__186ww22jzuw81_jpg.rf.669f4c4d85c17c136edcc4a0440781a2__0efe1230fa.jpg,0,0,1,source_annotation_pending_spot_check
fastener_object_detection,train,fastener_object_detection__19_png_jpg.rf.0b02ab43c5bf8a1a94918c04dd2fee64__6508f67d9d.jpg,2,0,0,source_annotation_pending_spot_check
fastener_object_detection,train,fastener_object_detection__1_png_jpg.rf.52bb1888eb462681acb08136044eb142__4d98518a9e.jpg,0,0,1,source_annotation_pending_spot_check
fastener_object_detection,train,fastener_object_detection__2-50-Pcs-304-Stainless-Steel-Round-Head-Hexagon-Socket-Screw-Pan-Head-Bolt-Half-Round_jpg.rf.120a559d9db66b5f7706e23731b475d4__d11666d079.jpg,0,0,2,source_annotation_pending_spot_check
fastener_object_detection,train,fastener_object_detection__20230420_133147_jpg.rf.89d3056466aa3d6fe704a441b7e8c24c__4a45290bf4.jpg,0,0,2,source_annotation_pending_spot_check
fastener_object_detection,train,fastener_object_detection__20230420_133156_jpg.rf.4941792356cb194c2db35a79e741aff9__c86f3c30e6.jpg,0,0,1,source_annotation_pending_spot_check
fastener_object_detection,train,fastener_object_detection__20230420_133354_jpg.rf.56f56007d3ae1ced505afd9178786a8b__e5eafc4eee.jpg,0,0,0,source_annotation_pending_spot_check
fastener_object_detection,train,fastener_object_detection__20230420_133510_jpg.rf.088ba15a041defa5b1b2b108ef1ea7e8__f63b975e60.jpg,0,0,1,source_annotation_pending_spot_check
fastener_object_detection,train,fastener_object_detection__20230420_133519_jpg.rf.47d8cd14a18890befced1c0763f8ea75__51bebc52e3.jpg,0,0,1,source_annotation_pending_spot_check
fastener_object_detection,test,fastener_object_detection__20230516_153117_jpg.rf.26ca9712fc7d574d512d8d6cbc95e1ec__cef4a3626f.jpg,0,0,1,source_annotation_pending_spot_check
fastener_object_detection,train,fastener_object_detection__20230516_153125_jpg.rf.4471692d5fcadd122952a37c0e755de6__a8b923ea92.jpg,0,0,1,source_annotation_pending_spot_check
fastener_object_detection,test,fastener_object_detection__20230601_181010_jpg.rf.c71688d467fd92a7e4daacb962e67c8c__1681ad24bf.jpg,0,0,1,source_annotation_pending_spot_check
fastener_object_detection,train,fastener_object_detection__20230601_181021_jpg.rf.55403216e7f94fe697e8aef65174ba58__3a5bd31d25.jpg,0,0,1,source_annotation_pending_spot_check
fastener_object_detection,train,fastener_object_detection__20230601_181035_jpg.rf.15829b55248c127a033143bd82eb7ab1__a350dd20db.jpg,0,0,1,source_annotation_pending_spot_check
fastener_object_detection,train,fastener_object_detection__20230601_181044_jpg.rf.0c25d1055e4efe6eefc27519ba948b79__dfce530bb0.jpg,0,0,1,source_annotation_pending_spot_check
fastener_object_detection,train,fastener_object_detection__20230601_181049_jpg.rf.40eff9433fcf338ffd759cd5346f1d3a__67e167f8cf.jpg,0,0,1,source_annotation_pending_spot_check
fastener_object_detection,train,fastener_object_detection__20230718_132148_jpg.rf.0f6d83f87ea4fe2e953948fa7b83336b__bbe5a4967e.jpg,0,0,1,source_annotation_pending_spot_check
fastener_object_detection,train,fastener_object_detection__20230720_152436_jpg.rf.5e43278a1d5b2cda7c6ce8bc28750b91__6e07eeda6f.jpg,0,0,1,source_annotation_pending_spot_check
fastener_object_detection,train,fastener_object_detection__20230720_181359_jpg.rf.0ab806b948b70eeea3237b4ec6811089__f4ef2c4487.jpg,0,0,1,source_annotation_pending_spot_check
fastener_object_detection,train,fastener_object_detection__20230720_181621_jpg.rf.3100139e0fe1de8cfb5d376ef64ccdd7__7dde5f967b.jpg,0,0,1,source_annotation_pending_spot_check
fastener_object_detection,train,fastener_object_detection__20230720_181734_jpg.rf.c9d14070546e63629628306e1a6a2867__440b60667b.jpg,0,0,0,source_annotation_pending_spot_check
fastener_object_detection,train,fastener_object_detection__20230720_181803_jpg.rf.7ddef55d808cc00dad7e32653d2ba637__d4910998e0.jpg,0,0,1,source_annotation_pending_spot_check
fastener_object_detection,train,fastener_object_detection__20230721_114250_jpg.rf.d65d145c555b69b75d565ac9a2ae25a6__1f8d9e9f2c.jpg,0,0,1,source_annotation_pending_spot_check
fastener_object_detection,train,fastener_object_detection__20230721_114319_jpg.rf.06bd0e22f9fe120c06b0b9274696b987__214596d155.jpg,0,0,1,source_annotation_pending_spot_check
fastener_object_detection,train,fastener_object_detection__20230721_114336_jpg.rf.2528534ed7c841303ffcd645f3e5adf8__8eee47420d.jpg,0,0,1,source_annotation_pending_spot_check
fastener_object_detection,train,fastener_object_detection__21_png_jpg.rf.20b24974e58bdd966d2711c386442f10__088bd8d8f1.jpg,0,0,1,source_annotation_pending_spot_check
fastener_object_detection,train,fastener_object_detection__21D6-d1dsL-_AC_UF894-1000_QL80__jpg.rf.069f2f2a3139265fbdf345785f3f012a__52a176c3e7.jpg,0,0,0,source_annotation_pending_spot_check
fastener_object_detection,train,fastener_object_detection__21f-mdZgkL-_AC_UF894-1000_QL80__jpg.rf.4d891e51dac11680afc4228bcead3920__272aaf4049.jpg,0,0,1,source_annotation_pending_spot_check
fastener_object_detection,train,fastener_object_detection__21fJt4uBuPL-_AC_UF1000-1000_QL80__jpg.rf.12153831bca68d7c1c395f4e7105d45a__83c2508e1f.jpg,0,0,1,source_annotation_pending_spot_check
fastener_object_detection,train,fastener_object_detection__21SjI2jjwoL-_AC_UF894-1000_QL80__jpg.rf.25be68dc707dbd6e0608459dd3c27bc8__4288b1908d.jpg,0,0,1,source_annotation_pending_spot_check
fastener_object_detection,train,fastener_object_detection__221005397188_jpg.rf.76ebed2b32ca13d7b2516b33bc6e2b69__1be61c5adc.jpg,0,0,0,source_annotation_pending_spot_check
fastener_object_detection,test,fastener_object_detection__22_png_jpg.rf.212b0c2260ac84bc5474a94e4dec52f9__9a28fd8287.jpg,0,0,2,source_annotation_pending_spot_check
fastener_object_detection,train,fastener_object_detection__233896_jpg.rf.66eec836f9c315afdf0bbbcf3b79fec4__c9b156b88d.jpg,0,0,1,source_annotation_pending_spot_check
fastener_object_detection,train,fastener_object_detection__23_png_jpg.rf.485117f9cf0fd0d7b038b6b103a0d8b5__8ec297f14f.jpg,0,0,0,source_annotation_pending_spot_check
fastener_object_detection,train,fastener_object_detection__24_png_jpg.rf.65e80cb7ff33dc42b2aded83fc768bcc__63622da639.jpg,0,0,0,source_annotation_pending_spot_check
fastener_object_detection,train,fastener_object_detection__265_jpg.rf.07fb3e5ff8422fb3531d1cf158711558__c6025ccf18.jpg,0,0,1,source_annotation_pending_spot_check
fastener_object_detection,train,fastener_object_detection__26_png_jpg.rf.82bebd74b837ed526dd098deaa3b38df__6658439feb.jpg,0,0,1,source_annotation_pending_spot_check
fastener_object_detection,train,fastener_object_detection__27_png_jpg.rf.25d087652b7e09b72ad5835e62565cf2__b03a5ebb43.jpg,0,0,1,source_annotation_pending_spot_check
fastener_object_detection,train,fastener_object_detection__28_png_jpg.rf.3ba1affc453e16a64a2caf1753c5d0b2__79297ea802.jpg,0,0,1,source_annotation_pending_spot_check
fastener_object_detection,train,fastener_object_detection__29_png_jpg.rf.43c74bd20eec42de25223c9d170294c0__1b20760f2b.jpg,0,0,1,source_annotation_pending_spot_check
fastener_object_detection,train,fastener_object_detection__30_png_jpg.rf.e37d9d06f866deb952842c563ba41aec__329336418c.jpg,0,0,1,source_annotation_pending_spot_check
fastener_object_detection,train,fastener_object_detection__3128FdEE8pL-_AC_UF350-350_QL50__jpg.rf.1250e283268f28272ae4668a27eabf93__2c117c5427.jpg,0,0,0,source_annotation_pending_spot_check
fastener_object_detection,valid,fastener_object_detection__31Acztlsi3L-_AC_UF894-1000_QL80__jpg.rf.481467f4c316513c74c2073c4100a367__79d0e520bc.jpg,0,0,1,source_annotation_pending_spot_check
fastener_object_detection,train,fastener_object_detection__31Bqn91wYeL_jpg.rf.8cc5e71b83eeba7e2dc9581d51a1c8e3__14cd7c4927.jpg,0,0,0,source_annotation_pending_spot_check
fastener_object_detection,train,fastener_object_detection__31FE8aKV9nL-_AC_UF350-350_QL50__jpg.rf.48ac1480717cabbe8cc36cbf2c8a72f6__505d6342cf.jpg,0,0,0,source_annotation_pending_spot_check
fastener_object_detection,train,fastener_object_detection__31iEk0Uo3wL-_AC_UF894-1000_QL80__jpg.rf.71af2628b11a3b7dbc7c325574f1236b__5c080a4cf4.jpg,0,0,1,source_annotation_pending_spot_check
fastener_object_detection,train,fastener_object_detection__31LZl7AXrgL-_AC_UF350-350_QL80__jpg.rf.23e5128b509789f0433a15ca380f8aea__cc3b634168.jpg,0,0,1,source_annotation_pending_spot_check
fastener_object_detection,train,fastener_object_detection__31pMC2p6GaL-_AC_UF894-1000_QL80__jpg.rf.1796ffdb97f5d8ee4b366232ad314ed2__3f921edf26.jpg,0,0,0,source_annotation_pending_spot_check
fastener_object_detection,train,fastener_object_detection__31psWfr5VcL-_AC_UF894-1000_QL80__jpg.rf.33b1fac8ef9b0cbb5b2444531688573c__e96a3e25d4.jpg,0,0,4,source_annotation_pending_spot_check
fastener_object_detection,train,fastener_object_detection__31qCTzVCA4L-_AC_UF894-1000_QL80__jpg.rf.d508b408026103e8751e80e1a79e921e__f8312d45f8.jpg,0,0,0,source_annotation_pending_spot_check
fastener_object_detection,train,fastener_object_detection__31xwQ4tckZL-_AC_UF894-1000_QL80__jpg.rf.eda4bd7ff6576fd23aea5e08eb9da8cb__917a860ffd.jpg,0,0,0,source_annotation_pending_spot_check
fastener_object_detection,train,fastener_object_detection__34-Phillips_jpg.rf.be5b35f2afca6aebe16122f33b74e28c__f5852e1c23.jpg,0,0,1,source_annotation_pending_spot_check
fastener_object_detection,test,fastener_object_detection__34_png_jpg.rf.4a12015cff24e4bcb45c4e87a3bc6a37__a19a00c53b.jpg,0,0,1,source_annotation_pending_spot_check
fastener_object_detection,train,fastener_object_detection__359575605_927381888366395_8549245216610049348_n_png_jpg.rf.3f0959ab2f9e729fa7d288da10b43510__04f18d342b.jpg,0,0,1,source_annotation_pending_spot_check
fastener_object_detection,train,fastener_object_detection__35_png_jpg.rf.7f787957679c09d3b88ef1869f29a21f__e9b53e5472.jpg,0,0,1,source_annotation_pending_spot_check
fastener_object_detection,train,fastener_object_detection__360_F_209900604_pjiN2SfAhaX7R5XVat9vpIiIwWg7HLMw_jpg.rf.9aa60daeb03fa63baf0130f9dcb139bb__86420899b2.jpg,0,0,1,source_annotation_pending_spot_check
fastener_object_detection,train,fastener_object_detection__360_F_26584523_KlwoW4FDGSWL9HRKu0SCiwNMNwyQlXIw_jpg.rf.bd4042e84ad0edcb3b1da71cf91f2055__c79b2912fe.jpg,0,0,1,source_annotation_pending_spot_check
fastener_object_detection,train,fastener_object_detection__361178164_1732513597168811_6008897734173454445_n_png_jpg.rf.3ea1b2c42013368f48bc826dc7a047ea__e17b96f9e2.jpg,0,0,1,source_annotation_pending_spot_check
fastener_object_detection,train,fastener_object_detection__361413974_3130309997272881_7420880281537816489_n_png_jpg.rf.7af77da23551eecef8b14f289bda592c__df44451b52.jpg,0,0,1,source_annotation_pending_spot_check
fastener_object_detection,train,fastener_object_detection__361582071_751867460275519_8850805954338109221_n_png_jpg.rf.1db13e4397ae4263c3410b6f754a60a1__84f6629d2d.jpg,0,0,1,source_annotation_pending_spot_check
fastener_object_detection,train,fastener_object_detection__361634820_668088925244466_4029939027335017106_n_png_jpg.rf.93f314fea2114124df5fe0b7731ec08a__69b89322a1.jpg,0,0,1,source_annotation_pending_spot_check
fastener_object_detection,train,fastener_object_detection__361653131_644893920691407_8049798322344876850_n_png_jpg.rf.1a9c611adb2ec6e22603b047419320b8__733874fec5.jpg,0,0,0,source_annotation_pending_spot_check
fastener_object_detection,train,fastener_object_detection__361663986_822244229128842_2290078688266508819_n_png_jpg.rf.b29a14eb1abc72fa2f26859916454767__90042c9dc0.jpg,0,0,0,source_annotation_pending_spot_check
fastener_object_detection,train,fastener_object_detection__361665310_1265659327410215_8938535908048470731_n_png_jpg.rf.04dfe251162e009e5dcf37d9adf665c1__33bdd03508.jpg,0,0,1,source_annotation_pending_spot_check
fastener_object_detection,train,fastener_object_detection__361677505_828353162147094_7836927154532635429_n_png_jpg.rf.e0369c89b6332fd7055afa1da2855110__f36db1054a.jpg,0,0,0,source_annotation_pending_spot_check
fastener_object_detection,valid,fastener_object_detection__361678240_192678760191432_2269587605838625072_n_png_jpg.rf.f646c8cfa9b8bcf9ddda337089e50f0d__f700c8f374.jpg,0,0,1,source_annotation_pending_spot_check
fastener_object_detection,train,fastener_object_detection__361678662_804613144642714_5137688654570573658_n_png_jpg.rf.b6b89562e684223cc4765ee88e7c1ac6__c973dc8e18.jpg,0,0,1,source_annotation_pending_spot_check
fastener_object_detection,train,fastener_object_detection__361682015_670528681665048_5731525663655072614_n_png_jpg.rf.035fe521aed457b4bc838e46c621654e__1c089ff4cd.jpg,0,0,1,source_annotation_pending_spot_check
fastener_object_detection,train,fastener_object_detection__361688278_612407607646218_7826515460563644447_n_png_jpg.rf.50c94f96d320dd54c6c8967107c72d72__963e2b08d7.jpg,0,0,0,source_annotation_pending_spot_check
fastener_object_detection,valid,fastener_object_detection__361709386_3400995426819213_764735168986122880_n_png_jpg.rf.f30e0ec9c1a2294aadb615d43b9d3344__97e559e278.jpg,0,0,1,source_annotation_pending_spot_check
fastener_object_detection,train,fastener_object_detection__36_png_jpg.rf.15cd7d313e0d30e1e48f655cc70837d1__b4dda8ac99.jpg,0,0,1,source_annotation_pending_spot_check
fastener_object_detection,train,fastener_object_detection__37_png_jpg.rf.0e02c07365d7f59cdc959ef845cafc45__ba0b0f08f5.jpg,0,0,1,source_annotation_pending_spot_check
fastener_object_detection,train,fastener_object_detection__37bdbbc0-43cf-465d-bc65-0637ebdfcc8e-ecddbadbea6e9596f0cb8efeb32422f0_jpeg_jpg.rf.0141e12d2667ff7427354759ba7b7337__1aac5cee63.jpg,0,0,0,source_annotation_pending_spot_check
fastener_object_detection,train,fastener_object_detection__38_png_jpg.rf.2e6f13227c7b90a71288a0af1bbc8210__3687ac831b.jpg,0,0,1,source_annotation_pending_spot_check
fastener_object_detection,train,fastener_object_detection__39_png_jpg.rf.861c2ffb1824b20e368f3fef6f4bb287__a36f95daa2.jpg,0,0,1,source_annotation_pending_spot_check
fastener_object_detection,train,fastener_object_detection__3_png_jpg.rf.45d862ca877f3be18a7274fb0b9b8e0b__c3ceb5f2d9.jpg,0,0,1,source_annotation_pending_spot_check
fastener_object_detection,train,fastener_object_detection__4-mm-allen-key-screw_jpg.rf.4d603b15a338618360d9f5a4ef3f3b04__d7e71fed99.jpg,1,0,0,source_annotation_pending_spot_check
fastener_object_detection,train,fastener_object_detection__40_png_jpg.rf.251caf5f40bd7db101ae09c4629b9ec3__3cee680a63.jpg,0,0,1,source_annotation_pending_spot_check
fastener_object_detection,train,fastener_object_detection__41289tmBHmL_jpg.rf.d656289acb74c49e77976eafa82ead7a__122f414a79.jpg,0,0,0,source_annotation_pending_spot_check
fastener_object_detection,train,fastener_object_detection__414DXEPMlLL-_AC_UF894-1000_QL80__jpg.rf.6976e81fe3ebc5579e65b0dc0093494d__f9f8d14527.jpg,0,0,0,source_annotation_pending_spot_check
fastener_object_detection,train,fastener_object_detection__415ZKReGeZL-_AC_UF894-1000_QL80__jpg.rf.1ce791b1541b8f933e69c00c1a51385e__d5fae69926.jpg,0,0,0,source_annotation_pending_spot_check
fastener_object_detection,train,fastener_object_detection__416ZN3SOywL-_AC_UF1000-1000_QL80__jpg.rf.4573a1fffc8c570c2ccc968f09c28245__c20fa79db5.jpg,0,0,0,source_annotation_pending_spot_check
fastener_object_detection,train,fastener_object_detection__418LCDIZvTL-_AC_UF1000-1000_QL80__jpg.rf.16cd3f51841c3b8f3810f7d53d4868ed__1361931078.jpg,0,0,1,source_annotation_pending_spot_check
fastener_object_detection,train,fastener_object_detection__41_png_jpg.rf.54245726511e2ed1cbde801df452f203__278c9ba1ac.jpg,0,0,1,source_annotation_pending_spot_check
fastener_object_detection,train,fastener_object_detection__41BJm7YKz6L-_AC_UF894-1000_QL80__jpg.rf.442ff85bca68aac9bda8079c182f4c20__21aabfcd0e.jpg,0,0,2,source_annotation_pending_spot_check
fastener_object_detection,train,fastener_object_detection__41BYZEkeksL-_AC_UF350-350_QL80__jpg.rf.9c562fdf16b004ee9af08a93172899d9__9980a0c920.jpg,0,0,0,source_annotation_pending_spot_check
fastener_object_detection,train,fastener_object_detection__41dxNk73isL-_AC_UF894-1000_QL80__jpg.rf.09a40ebe32c89d82e6092fa0233034b9__3b8d698158.jpg,0,0,2,source_annotation_pending_spot_check
fastener_object_detection,train,fastener_object_detection__41e8SAXBqCL-_AC_UL210_SR210-210__jpg.rf.02d1aa480937919667eeddb6473b7b4d__16893a6e29.jpg,0,0,1,source_annotation_pending_spot_check
fastener_object_detection,train,fastener_object_detection__41FhGv5MOyL-_AC_UF894-1000_QL80__jpg.rf.58d36904fc21dad656e1172ee876ce3d__0a33d0742c.jpg,0,0,1,source_annotation_pending_spot_check
fastener_object_detection,train,fastener_object_detection__41j4waE5I3L-_AC_UF894-1000_QL80__jpg.rf.11e8699f3b9c993938d101b05d04e18e__0d049d2e00.jpg,0,0,0,source_annotation_pending_spot_check
fastener_object_detection,train,fastener_object_detection__41k-cUqeBbL-_AC_UF894-1000_QL80__jpg.rf.2127ea7dc2ae1cf576e4e4be428ff8ae__1a3f182c0e.jpg,0,0,0,source_annotation_pending_spot_check
fastener_object_detection,train,fastener_object_detection__41Kx8pFUC2L-_AC_UF894-1000_QL80__jpg.rf.07730aeb21b94426c329af1801864ad9__585b2ecb15.jpg,0,0,1,source_annotation_pending_spot_check
fastener_object_detection,train,fastener_object_detection__41MTnNJM-tL-_AC_UF1000-1000_QL80__jpg.rf.be50504001f0d4ba7e99b366e53906be__df5aaaaf50.jpg,0,0,0,source_annotation_pending_spot_check
fastener_object_detection,train,fastener_object_detection__41nm7PRUjsL-_AC_UF894-1000_QL80__jpg.rf.95b0a3268a139867d28b47ad2e337933__97e984d633.jpg,0,0,0,source_annotation_pending_spot_check
fastener_object_detection,train,fastener_object_detection__41rh6-gBlNL-_AC_UF1000-1000_QL80__jpg.rf.af8a270fb4a8494724e7a681aca91894__d16fb8175c.jpg,0,0,0,source_annotation_pending_spot_check
fastener_object_detection,train,fastener_object_detection__41SqYgryWIL-_AC_UF894-1000_QL80__jpg.rf.cb79c209e4015fc0dcacb4ac86696e3c__ad106a2d48.jpg,1,0,0,source_annotation_pending_spot_check
fastener_object_detection,train,fastener_object_detection__41X-b6gZaDL-_AC_UF894-1000_QL80__jpg.rf.48dcdb70b335571787be64c44191fbec__3d629ffa85.jpg,0,0,0,source_annotation_pending_spot_check
fastener_object_detection,train,fastener_object_detection__41zpMPRUYNS-_AC_UF1000-1000_QL80__jpg.rf.418628e52a43d40112430472ae1199c1__0b181e6581.jpg,0,0,0,source_annotation_pending_spot_check
fastener_object_detection,train,fastener_object_detection__42_png_jpg.rf.931806d536e01c57c09026dd36cf003e__14feda9df1.jpg,0,0,3,source_annotation_pending_spot_check
fastener_object_detection,test,fastener_object_detection__43_png_jpg.rf.93ccb302942b6a889773e16e0384a7ce__d57e180b46.jpg,0,0,1,source_annotation_pending_spot_check
fastener_object_detection,train,fastener_object_detection__4450e61c-9624-4c59-89f4-b6d0e4233bd4-9e7fb3de988c27240a6eaf4749dd268e_jpeg_jpg.rf.410942b2a11aea72263cd46e7e1d781a__0e5577a633.jpg,0,0,0,source_annotation_pending_spot_check
fastener_object_detection,train,fastener_object_detection__44_png_jpg.rf.73c2461d18a41a09a7d422f883b6ff6a__b31db5fc48.jpg,0,0,1,source_annotation_pending_spot_check
fastener_object_detection,train,fastener_object_detection__46_png_jpg.rf.b309a7ddfda774254241d02ca0a4cc13__d7c1819225.jpg,0,0,2,source_annotation_pending_spot_check
fastener_object_detection,train,fastener_object_detection__47_png_jpg.rf.4090b4bb6ff36ee6ddfb6423fd8c4e9b__ae3617cbe4.jpg,0,0,2,source_annotation_pending_spot_check
fastener_object_detection,train,fastener_object_detection__48_png_jpg.rf.d8bbbeaae0f5841fa7a99b8069972c23__3c577e06ec.jpg,0,0,2,source_annotation_pending_spot_check
fastener_object_detection,train,fastener_object_detection__4_png_jpg.rf.0687a158172a1768e7b53ad90400516f__e2758cc9ee.jpg,0,0,1,source_annotation_pending_spot_check
fastener_object_detection,train,fastener_object_detection__5-50pcs-CM-M2-M2-5-M3-M4-M5-M6-M8-A2-70-304-Stainless-Steel_jpg.rf.8d083cb4ac572665c085d5b18485f9c2__d33fa7a966.jpg,0,0,0,source_annotation_pending_spot_check
fastener_object_detection,train,fastener_object_detection__500_F_128126272_cOJeHgKwdWuGFQvBiCJUQvGRuL1ktLWL_jpg.rf.22314bda069894c038ddbd29a7cbc5d7__db283d0d02.jpg,0,0,1,source_annotation_pending_spot_check
fastener_object_detection,train,fastener_object_detection__51-jtXOsknL-_AC_UF894-1000_QL80__jpg.rf.b9a09e54338d70f9b3134b9dd57ca440__8ff8057786.jpg,0,0,0,source_annotation_pending_spot_check
fastener_object_detection,train,fastener_object_detection__511-lGe9h-L-_AC_UF350-350_QL80__jpg.rf.123b5ed4b60d3d8e7ddac06bbe074ad4__ad6b0a1159.jpg,0,0,1,source_annotation_pending_spot_check
fastener_object_detection,train,fastener_object_detection__5127-vJG6RL-_AC_UF350-350_QL80__jpg.rf.77517ec7ce35e8c6f90b931fd38fd1ca__e109aa1138.jpg,0,0,0,source_annotation_pending_spot_check
fastener_object_detection,train,fastener_object_detection__512kJuiGGOL_jpg.rf.18715d17f0e2f8655e4e3ce223d40e12__d128433125.jpg,0,0,1,source_annotation_pending_spot_check
fastener_object_detection,test,fastener_object_detection__512nsK9x9RL-_AC_UF1000-1000_QL80__jpg.rf.b3b5e8c70fb868f97ac1493f53d358f4__bd3e607138.jpg,0,0,1,source_annotation_pending_spot_check
fastener_object_detection,train,fastener_object_detection__513nH8xrf-L-_AC_UF894-1000_QL80__jpg.rf.0ad25419e20546ad43dfbc9497539b8d__0df341d948.jpg,0,0,0,source_annotation_pending_spot_check
fastener_object_detection,train,fastener_object_detection__514hV4wFXLL-_AC_UF350-350_QL80__jpg.rf.1dbd8e0d8363a97ceb2668f6b9dbe6fc__c2c62f9278.jpg,0,0,0,source_annotation_pending_spot_check
fastener_object_detection,train,fastener_object_detection__516-18-Flat-Head-Socket-Cap-Screw-Stainless-Steel_jpg.rf.158e07c252b16fc1732845a178ef298e__93f3c4d6f3.jpg,0,0,0,source_annotation_pending_spot_check
fastener_object_detection,train,fastener_object_detection__5160e9UGSrL-_AC_UF350-350_QL80__jpg.rf.3f558bdb6272b3e980ba2a4404f51ab1__2c02d9ded4.jpg,0,0,0,source_annotation_pending_spot_check
fastener_object_detection,train,fastener_object_detection__518efkTfpmL_jpg.rf.e60340a278a311d58341c250086345e9__e21178c2d9.jpg,0,0,0,source_annotation_pending_spot_check
fastener_object_detection,train,fastener_object_detection__518uKUTKMVS-_AC_UF894-1000_QL80__jpg.rf.7fd4d5d89100bc5217b472f8a7615b74__e8e0b958fa.jpg,0,0,0,source_annotation_pending_spot_check
fastener_object_detection,train,fastener_object_detection__51BAuOcUYAL-_AC_UF894-1000_QL80__jpg.rf.83d0eea5e6fc53d07d4cffb498894886__5264441c42.jpg,0,0,0,source_annotation_pending_spot_check
fastener_object_detection,train,fastener_object_detection__51BFG8Ed8WL_jpg.rf.327cd16661c21f515551dc7dcf7c3f19__6daf0d4055.jpg,0,0,1,source_annotation_pending_spot_check
fastener_object_detection,train,fastener_object_detection__51bSUhgeVFL-_AC_UF894-1000_QL80__jpg.rf.5ce0f6a0dfc110aa67ef025376b0c7d6__ca2e961d7c.jpg,0,0,0,source_annotation_pending_spot_check
fastener_object_detection,train,fastener_object_detection__51CK2oxRMZL_jpg.rf.e67b01e0f23311d53b85e9a19d2df2c3__b29c48dd1c.jpg,0,0,0,source_annotation_pending_spot_check
fastener_object_detection,test,fastener_object_detection__51cTcPDWhZL-_AC_UF894-1000_QL80__jpg.rf.6e10f3caeda3d3451a186adba10254c1__6d3f838511.jpg,0,0,0,source_annotation_pending_spot_check
fastener_object_detection,train,fastener_object_detection__51cVw5r3KrL-_AC_UL210_SR210-210__jpg.rf.530a2c44c852f288f7c9a6913c1e3461__992f4e4943.jpg,0,0,1,source_annotation_pending_spot_check
fastener_object_detection,train,fastener_object_detection__51eVSICLomS-_AC_UF1000-1000_QL80__jpg.rf.402d797e93f6cbab06ca441fe02b6923__4989f891c9.jpg,0,0,0,source_annotation_pending_spot_check
fastener_object_detection,train,fastener_object_detection__51F5o2C-KL-_AC_UF1000-1000_QL80__jpg.rf.1908e77b57f69c2088d0a4800ceb497d__b8e9bfa536.jpg,0,0,1,source_annotation_pending_spot_check
fastener_object_detection,train,fastener_object_detection__51FXbuPmbgL-_AC_UF350-350_QL80__jpg.rf.807814f0b569a9421adf6468b4ab0cc6__20e395c8f0.jpg,0,0,1,source_annotation_pending_spot_check
fastener_object_detection,train,fastener_object_detection__51fZhAfCOjL-_AC_UF1000-1000_QL80__jpg.rf.07161e5a8ff1449e14244de1cb00fb74__03925399bd.jpg,0,0,0,source_annotation_pending_spot_check
fastener_object_detection,train,fastener_object_detection__51g263a6XUL-_AC_UF1000-1000_QL80__jpg.rf.499e5f594ee7482d69cbfad20febfd62__b55e4e148c.jpg,0,0,0,source_annotation_pending_spot_check
fastener_object_detection,train,fastener_object_detection__51Gbtr7RZCL-_AC_UF1000-1000_QL80__jpg.rf.627c89c83435aa37b374af5a8ccbbd61__5a3bddb90e.jpg,0,0,0,source_annotation_pending_spot_check
fastener_object_detection,train,fastener_object_detection__51Gz-TwfoL-_AC_UF894-1000_QL80__jpg.rf.3228fa06181df518dc316718a717e769__41251ee558.jpg,0,0,0,source_annotation_pending_spot_check
fastener_object_detection,train,fastener_object_detection__51jBr9zKRaL-_AC_UF350-350_QL80__jpg.rf.9ada7bb5715a3aac6509ee448d49eb11__b6e268e153.jpg,0,0,0,source_annotation_pending_spot_check
fastener_object_detection,train,fastener_object_detection__51JQyhhjkxL_jpg.rf.8451616287198a429351deb152f60530__a748a5724c.jpg,0,0,1,source_annotation_pending_spot_check
fastener_object_detection,train,fastener_object_detection__51KIwjBnAZL-_AC_UF350-350_QL80__jpg.rf.8c47abcb9d12379a0e7b3865e7a7eafd__1aeda59f3d.jpg,0,0,0,source_annotation_pending_spot_check
fastener_object_detection,train,fastener_object_detection__51KpSFB5kSL-_AC_UF894-1000_QL80__jpg.rf.2ec5fbe1fcbc559870346f142154c438__ad58846918.jpg,0,0,1,source_annotation_pending_spot_check
fastener_object_detection,train,fastener_object_detection__51LG3RMHu6L-_AC_UF894-1000_QL80__jpg.rf.43c5c1056fafc32cc62f9a74b0ee7709__4cb5bb179f.jpg,0,0,1,source_annotation_pending_spot_check
fastener_object_detection,train,fastener_object_detection__51lI-5JrQsL-_AC_UF894-1000_QL80__jpg.rf.7f9a8058d5baae06d70feeeeb84b8be7__a75c72e00a.jpg,0,0,0,source_annotation_pending_spot_check
fastener_object_detection,train,fastener_object_detection__51LTNShgtQS-_AC_UF1000-1000_QL80__jpg.rf.9cd3410df716e84bbe329d270830bc1e__acfaf3894b.jpg,0,0,0,source_annotation_pending_spot_check
fastener_object_detection,train,fastener_object_detection__51MUjWC-WpL-_AC_UF350-350_QL80__jpg.rf.9032a8e5acb53ba26a3e5d5220dc33df__6ac98464dc.jpg,0,0,0,source_annotation_pending_spot_check
fastener_object_detection,train,fastener_object_detection__51Oj8D7hZNL-_AC_UF1000-1000_QL80__jpg.rf.1904335a196f8252b1069f727153a3cc__3af9cbdb73.jpg,0,0,0,source_annotation_pending_spot_check
fastener_object_detection,train,fastener_object_detection__51PL5IraWeL-_AC_UF894-1000_QL80__jpg.rf.00baa15ba3cacafb0e36965750aa0afa__c4a8b8fc59.jpg,0,0,0,source_annotation_pending_spot_check
fastener_object_detection,valid,fastener_object_detection__51q7WO5VrOL-_AC_UF350-350_QL80__jpg.rf.21f251c330095253558849d0c1d3e18c__eecef8cabe.jpg,0,0,0,source_annotation_pending_spot_check
fastener_object_detection,train,fastener_object_detection__51q7WO5VrOL-_AC_UF894-1000_QL80__jpg.rf.0b2dc309db9d12e9181a0a8a9d7af8c1__0dbb57e46d.jpg,0,0,0,source_annotation_pending_spot_check
fastener_object_detection,train,fastener_object_detection__51QvYcExSoL-_AC_UF1000-1000_QL80__jpg.rf.0137d45b4278dc1e897058dbd63aa4b5__c039ae004e.jpg,0,0,0,source_annotation_pending_spot_check
fastener_object_detection,train,fastener_object_detection__51RiLmUfBiL-_AC_UF1000-1000_QL80__jpg.rf.9514d84be4def5a22a0c83d946060031__50b0d9af01.jpg,0,0,1,source_annotation_pending_spot_check
fastener_object_detection,train,fastener_object_detection__51sGKl24ihL-_AC_UF1000-1000_QL80__jpg.rf.125415317fc987e53c8fbf4acf15f2f6__f4e73a6f77.jpg,0,0,1,source_annotation_pending_spot_check
fastener_object_detection,train,fastener_object_detection__51tBz-OB3vL-_AC_UF350-350_QL80__jpg.rf.3fa27f8c931f6bcea0765ad8eabe8fff__89411c56b2.jpg,0,0,0,source_annotation_pending_spot_check
fastener_object_detection,train,fastener_object_detection__51TNbaAY9fL-_AC_UF894-1000_QL80__jpg.rf.c837b13d55ed787512c39cec674c654a__86b6f300ad.jpg,0,0,0,source_annotation_pending_spot_check
fastener_object_detection,train,fastener_object_detection__51TxBkLU7gL-_AC_UF894-1000_QL80__jpg.rf.1e08277807000c0dc840151b919b3fca__dc0ae5df79.jpg,0,0,0,source_annotation_pending_spot_check
fastener_object_detection,train,fastener_object_detection__51uqjez14yL-_AC_UF350-350_QL80__jpg.rf.de6cfe8d12a3c749e01915818e2fbd67__f1f965bdf3.jpg,0,0,1,source_annotation_pending_spot_check
fastener_object_detection,train,fastener_object_detection__51Uwo7UQMjL-_AC_UF1000-1000_QL80__jpg.rf.2050c183bb25d5e79e95a5201678611c__539d69fd2f.jpg,0,0,1,source_annotation_pending_spot_check
fastener_object_detection,train,fastener_object_detection__51VvwNtJQiL-_AC_UF894-1000_QL80__jpg.rf.616b000892cc3fca49035cf4fc48d7e0__faa0f3c6af.jpg,0,0,0,source_annotation_pending_spot_check
fastener_object_detection,train,fastener_object_detection__51We67KL7lL-_AC_UF894-1000_QL80__jpg.rf.40417baf724829a2cdb222b4bee43b64__cad867136c.jpg,0,0,1,source_annotation_pending_spot_check
fastener_object_detection,train,fastener_object_detection__51wUQO2ERPL-_AC_UF894-1000_QL80__jpg.rf.7c8ff2ee789259bda93fbf1d0934c85f__2ba1c87e02.jpg,0,0,2,source_annotation_pending_spot_check
fastener_object_detection,train,fastener_object_detection__51x63jznAKL-_AC_UF894-1000_QL80__jpg.rf.0d3e05fe35ac827710607eeb59562830__79aa01bd42.jpg,0,0,0,source_annotation_pending_spot_check
fastener_object_detection,train,fastener_object_detection__51y3bPbGfVL-_AC_UF1000-1000_QL80__jpg.rf.04d4ad107cfce71e0ddbe8bda1a9a795__714a2e5ede.jpg,0,0,1,source_annotation_pending_spot_check
fastener_object_detection,train,fastener_object_detection__51YcXD4Qa6S-_AC_UF894-1000_QL80__jpg.rf.185d3be022c7c1db3b70c1d1fab42df6__f23b8d9cdf.jpg,0,0,1,source_annotation_pending_spot_check
fastener_object_detection,train,fastener_object_detection__51zjSlVrNeL-_AC_UF1000-1000_QL80__jpg.rf.4d65b0eb2626c99aceb932700ad28645__a437d11a4d.jpg,0,0,1,source_annotation_pending_spot_check
fastener_object_detection,train,fastener_object_detection__52656187852_c9a8caa013_b_jpg.rf.3768737bf4fed14a5752aa7f711988f0__4211947976.jpg,0,0,2,source_annotation_pending_spot_check
fastener_object_detection,train,fastener_object_detection__582__21015_png_jpg.rf.0ff9a65eac266c1ea11c31f743ad6951__e31145c92e.jpg,0,0,1,source_annotation_pending_spot_check
fastener_object_detection,train,fastener_object_detection__5_png_jpg.rf.ba040184df0c510cfa88b2f3227c6e6d__b08979216b.jpg,0,0,1,source_annotation_pending_spot_check
fastener_object_detection,train,fastener_object_detection__61-011-019_1_jpg.rf.0acf6440c09ae5aadd11d18ec70dad76__de3fa18d15.jpg,0,0,1,source_annotation_pending_spot_check
fastener_object_detection,train,fastener_object_detection__611T-fIfw7L-_AC_UF894-1000_QL80__jpg.rf.17afdccd8afe95bcc763531e96ad6c64__eda3aa14fb.jpg,0,0,0,source_annotation_pending_spot_check
fastener_object_detection,train,fastener_object_detection__614WRhIsydL-_AC_UF350-350_QL80__jpg.rf.be3b6cd834ed180f9c5da9aa86a855bb__0307954d30.jpg,0,0,0,source_annotation_pending_spot_check
fastener_object_detection,train,fastener_object_detection__616tgYhBsCL-_AC_UF1000-1000_QL80__jpg.rf.351ea756d436c735bf275ad4960f1e7b__4137de9ac1.jpg,0,0,0,source_annotation_pending_spot_check
fastener_object_detection,train,fastener_object_detection__61ahbPh7UPL_jpg.rf.cd088827ab992d58c6f2660d43760c64__e3c19a6369.jpg,0,0,0,source_annotation_pending_spot_check
fastener_object_detection,train,fastener_object_detection__61CbSgZfiyL-_AC_UF1000-1000_QL80__jpg.rf.02c73d257469a3817ad367756014d78f__3d4eb5411c.jpg,0,0,0,source_annotation_pending_spot_check
fastener_object_detection,train,fastener_object_detection__61cfLqd7P9L-_AC_UF894-1000_QL80__jpg.rf.384550a45ad839ee2981ff3e6720b737__d2fb4539ce.jpg,0,0,0,source_annotation_pending_spot_check
fastener_object_detection,train,fastener_object_detection__61COoQRLOAL-_AC_UF350-350_QL80__jpg.rf.95e209bdbba477bc584f5038603a0f94__a045ecbb6d.jpg,0,0,0,source_annotation_pending_spot_check
fastener_object_detection,train,fastener_object_detection__61d7Qhj0h8L-_AC_UL210_SR210-210__jpg.rf.989a620368430470e8f3f6d664dc899c__bac2f3336f.jpg,0,0,0,source_annotation_pending_spot_check
fastener_object_detection,train,fastener_object_detection__61eEncqt0dL-_AC_UF350-350_QL80__jpg.rf.3443f589c7720fe43b6e41591fa3998e__cb3ce5ab66.jpg,0,0,1,source_annotation_pending_spot_check
fastener_object_detection,train,fastener_object_detection__61Fo29l1plL-_SX522__jpg.rf.60614b1144e8623c8cde0dc270969947__6e053084b8.jpg,0,0,30,source_annotation_pending_spot_check
fastener_object_detection,test,fastener_object_detection__61Ggcgc8J4L-_AC_UF1000-1000_QL80__jpg.rf.38d932ab367576313af758966d1e2427__dd9826ba6c.jpg,0,0,0,source_annotation_pending_spot_check
fastener_object_detection,train,fastener_object_detection__61HB4viLuWL-_AC_UF350-350_QL80__jpg.rf.4659caee3b7c958c1bd8db3a10643d79__f6fd4d3a37.jpg,0,0,1,source_annotation_pending_spot_check
fastener_object_detection,train,fastener_object_detection__61HB4viLuWL-_AC_UF894-1000_QL80__jpg.rf.546d59e87c40777320032c898272c7a5__3e844716d5.jpg,0,0,1,source_annotation_pending_spot_check
fastener_object_detection,train,fastener_object_detection__61HGi0BHnbL-_AC_UF1000-1000_QL80__jpg.rf.5694acbe7e853b3a46546adec8601bef__cd73229cee.jpg,0,0,0,source_annotation_pending_spot_check
fastener_object_detection,train,fastener_object_detection__61HkAH5tDqL-_AC_UF894-1000_QL80__jpg.rf.58647c046d6bed3a406415be103f811b__e687554aa7.jpg,0,0,0,source_annotation_pending_spot_check
fastener_object_detection,train,fastener_object_detection__61loIIM6NnL-_AC_UL420_SR420-420__jpg.rf.32d6cac5b100e1fc0108133880ce2123__d3fbacdf16.jpg,0,0,0,source_annotation_pending_spot_check
fastener_object_detection,train,fastener_object_detection__61mFyVw-o4L_jpg.rf.08b512e472c84fe02aae0b2c3596b233__c0c5ff6a77.jpg,0,0,0,source_annotation_pending_spot_check
fastener_object_detection,train,fastener_object_detection__61q-U5bKWGL-_AC_UF350-350_QL80__jpg.rf.0894c0db8a416985c733b4ba815e7601__64391d5817.jpg,0,0,1,source_annotation_pending_spot_check
fastener_object_detection,train,fastener_object_detection__61RizSXxH3L-_AC_UF350-350_QL80__jpg.rf.4f545e2fa6aef5a36d4724cd74e8a550__cb0ccc9ce7.jpg,0,0,1,source_annotation_pending_spot_check
fastener_object_detection,train,fastener_object_detection__61RxpgydoYL-_AC_UF894-1000_QL80__jpg.rf.086ded8d3831d4ee0df6329e1cb0c3e7__dc4d37bdfd.jpg,0,0,0,source_annotation_pending_spot_check
fastener_object_detection,valid,fastener_object_detection__61sBK3n-scL-_AC_UF1000-1000_QL80__jpg.rf.cf61e37062653575a0390a0494654b53__b8c1aeb03d.jpg,0,0,0,source_annotation_pending_spot_check
fastener_object_detection,train,fastener_object_detection__61Sk3gdzrxL-_AC_UF894-1000_QL80__jpg.rf.91b5adcb863a234ead79814dbd5794a4__b9a3cfd515.jpg,0,0,0,source_annotation_pending_spot_check
fastener_object_detection,train,fastener_object_detection__61TAyDw1CtL-_AC_UF350-350_QL80__jpg.rf.314641fa964b8175c97fb707a84ae382__f2e606adcf.jpg,0,0,0,source_annotation_pending_spot_check
fastener_object_detection,train,fastener_object_detection__61u8JUdAc2L_jpg.rf.429c2e6aa4e21ebbbd9c77589d0d0667__3f7421c6d9.jpg,0,0,0,source_annotation_pending_spot_check
fastener_object_detection,train,fastener_object_detection__61V-9iRUUdL-_AC_UF1000-1000_QL80__jpg.rf.534a6d7448425542e8877896258797cb__033e1ea1e7.jpg,0,0,0,source_annotation_pending_spot_check
fastener_object_detection,train,fastener_object_detection__61y6sV3YAXL-_AC_UF894-1000_QL80__jpg.rf.46b7e875f72b518acaefd728ac23eef8__ddd221fd0c.jpg,0,0,0,source_annotation_pending_spot_check
fastener_object_detection,train,fastener_object_detection__61Ym-bABXWS-_AC_UF894-1000_QL80__jpg.rf.361fd5f2cb24e16ff7de19af11c33a72__e37c5cb46a.jpg,0,0,0,source_annotation_pending_spot_check
fastener_object_detection,train,fastener_object_detection__62346235-close-up-old-and-rusty-nut-or-screw-head_jpg.rf.6a558182b17e1ee600c5aaa4e52812db__644da7f541.jpg,0,0,1,source_annotation_pending_spot_check
fastener_object_detection,train,fastener_object_detection__63867669_M_jpg.rf.e743a3d9afe2a739c5f33620fff83d1d__e78ac9ea6d.jpg,0,0,1,source_annotation_pending_spot_check
fastener_object_detection,train,fastener_object_detection__63867684_L_jpg.rf.3edfb8d81a9190b8a2152685a7280e7f__6bb907e066.jpg,0,0,1,source_annotation_pending_spot_check
fastener_object_detection,train,fastener_object_detection__71-cp1PWuVL_jpg.rf.3564a2ffc1ac87791cc1c3517784820c__def266e302.jpg,0,0,0,source_annotation_pending_spot_check
fastener_object_detection,train,fastener_object_detection__71-w1ltdQqL-_AC_UF894-1000_QL80__jpg.rf.3d4d02e7792a3b2d350dc7f8e57d835b__e5292f1c1c.jpg,0,0,0,source_annotation_pending_spot_check
fastener_object_detection,train,fastener_object_detection__7121fygXCOL-_AC_UF894-1000_QL80__jpg.rf.6712fc191f39ad70fd707c9db4b2ce0c__71ddcb9c25.jpg,0,0,0,source_annotation_pending_spot_check
fastener_object_detection,train,fastener_object_detection__715iEwRtsgS-_AC_UF894-1000_QL80__jpg.rf.d8d015d650ea8af407d12d938ce6f9b3__9f5128083f.jpg,0,0,0,source_annotation_pending_spot_check
fastener_object_detection,train,fastener_object_detection__71ClX31UllS-_AC_UF1000-1000_QL80__jpg.rf.572f017b7b429c29a0fe530f8532faad__af09f485fe.jpg,0,0,0,source_annotation_pending_spot_check
fastener_object_detection,train,fastener_object_detection__71evzjaEVhL-_AC_UF1000-1000_QL80__jpg.rf.90855cd6ab3bbabc34c08dde7169dc03__9a9185d52f.jpg,0,0,0,source_annotation_pending_spot_check
fastener_object_detection,train,fastener_object_detection__71HziAnKXqL-_AC_UF894-1000_QL80__jpg.rf.4372ca96659dbce13ebd94642ce3e756__faefa57935.jpg,0,0,0,source_annotation_pending_spot_check
fastener_object_detection,train,fastener_object_detection__71SCI7n7PVL-_AC_UF1000-1000_QL80__jpg.rf.575507f37fc8cf31fae22eef2fcb7859__080e5ea98a.jpg,0,0,0,source_annotation_pending_spot_check
fastener_object_detection,test,fastener_object_detection__71WZt0C1O0L_jpg.rf.2b27774a240be17da42f214c105c38af__2ee5b91a04.jpg,0,0,0,source_annotation_pending_spot_check
fastener_object_detection,train,fastener_object_detection__7981-a4-c_jpg.rf.9466e74eda997321d37206e689889a07__e3a73e8d1a.jpg,0,0,1,source_annotation_pending_spot_check
fastener_object_detection,train,fastener_object_detection__7_png_jpg.rf.9305d20968fcfe464b3ad978a74534a9__26cb8bdbef.jpg,0,0,1,source_annotation_pending_spot_check
fastener_object_detection,train,fastener_object_detection__811AXXL2cQL_jpg.rf.4366a8d0711190a0ad0149c345b5052c__614ed79db7.jpg,0,0,1,source_annotation_pending_spot_check
fastener_object_detection,test,fastener_object_detection__814GNmjm3fL-_AC_UF350-350_QL50__jpg.rf.56f70edf005142d6d019b0af6fec41b2__3d0e75ba5a.jpg,0,0,0,source_annotation_pending_spot_check
fastener_object_detection,test,fastener_object_detection__819SZo1i4PL_jpg.rf.dc1cc6dc5a9b40dff106554d0dcf21ed__00e3bc6bdc.jpg,0,0,0,source_annotation_pending_spot_check
fastener_object_detection,train,fastener_object_detection__81H-kImQ7nL-_SX522__jpg.rf.a06e2ad8d93009dfe6cac5d40a2eb153__aba1f107b8.jpg,0,0,35,source_annotation_pending_spot_check
fastener_object_detection,train,fastener_object_detection__81O9oA98gjL-_AC_UL210_SR210-210__jpg.rf.a93ba0b2cb1357ea7fb44601227a9775__9e04b8615d.jpg,0,0,0,source_annotation_pending_spot_check
fastener_object_detection,train,fastener_object_detection__81RFsAJyRuL_jpg.rf.0fc1f1b6ec7fa107504dfae53625abea__b0c1ee20ce.jpg,0,0,1,source_annotation_pending_spot_check
fastener_object_detection,train,fastener_object_detection__81UgkNAGPoL-_AC_UL250_SR250-250__jpg.rf.526adb8b526cf71b14c8dcc28fbba547__571f8649be.jpg,0,0,1,source_annotation_pending_spot_check
fastener_object_detection,train,fastener_object_detection__878__44667_png_jpg.rf.86758a7d3fbb01e76f6cf2141136696e__15afbaa50b.jpg,0,0,0,source_annotation_pending_spot_check
fastener_object_detection,train,fastener_object_detection__8_png_jpg.rf.360ea0ef4e81d91dc0d5465fb9409c36__d5883980b7.jpg,0,0,1,source_annotation_pending_spot_check
fastener_object_detection,train,fastener_object_detection__9582528055_1d2bb24ceb_b_jpg.rf.25d20b22ca83f171c0994594a5706097__fddb6426c3.jpg,0,0,1,source_annotation_pending_spot_check
fastener_object_detection,train,fastener_object_detection__9_png_jpg.rf.b51b73e8f7271507691b531fd3dc3162__0c100a83fa.jpg,0,0,1,source_annotation_pending_spot_check
fastener_object_detection,train,fastener_object_detection__a-pozi-drive-screw-head-straight-on-isolated-on-a-white-background-JR6N8K_jpg.rf.640d4c390a6760e03f0379d0ea0422ad__59bc8a000d.jpg,0,0,1,source_annotation_pending_spot_check
fastener_object_detection,train,fastener_object_detection__a2-stainless-steel-slotted-flat-head-countersunk-wood-screws-p56-66_image_jpg.rf.1395984fa90f760597e0feb5f30f48b0__e92a5c4089.jpg,0,0,1,source_annotation_pending_spot_check
fastener_object_detection,train,fastener_object_detection__A2546-2_jpg.rf.2e7bccbe8b61a54dc0aa33e454888cd6__fc177ed97c.jpg,0,0,2,source_annotation_pending_spot_check
fastener_object_detection,train,fastener_object_detection__A2MSSC06025_1_jpg.rf.245c948491541eef3b3091b54831aee2__c2dcbdb413.jpg,0,0,1,source_annotation_pending_spot_check
fastener_object_detection,train,fastener_object_detection__ab98544638f44b8d96c6043f6a663160a6036d26fb1c460092625a95617ff2ed-jpg_jpg.rf.229832a8e274404af4fa6066441b7713__8be075e9e7.jpg,0,0,1,source_annotation_pending_spot_check
fastener_object_detection,train,fastener_object_detection__ador-o-alternador-y-amortiguador-para-vw-sedan-combi-safari-brasilia-hormiga_jpg.rf.d2a804f3d5ec1ab5d644de3cff2260fe__73aa9a8e53.jpg,0,0,1,source_annotation_pending_spot_check
fastener_object_detection,train,fastener_object_detection__allen-key-bolts_jpg.rf.109e53d3fa7aeedea882c28134b00415__4e93f9ed88.jpg,0,0,0,source_annotation_pending_spot_check
fastener_object_detection,train,fastener_object_detection__ALLOY-10-9-BUTTON-HEAD-CAP-SCREW-KN-203_jpg.rf.3a2929557e105af86023acce00a5fd1e__289fa6f0a5.jpg,0,0,0,source_annotation_pending_spot_check
fastener_object_detection,train,fastener_object_detection__background-many-screws-large-number-bright-short-138345827_jpg.rf.9536794a5b7cb1100f699ac92d7020ca__56a69334c0.jpg,0,0,0,source_annotation_pending_spot_check
fastener_object_detection,train,fastener_object_detection__background-many-screws-silver-70536599_jpg.rf.9a27e4faa60c602263d9fa31aa4d23ab__512e73ed4d.jpg,0,0,0,source_annotation_pending_spot_check
fastener_object_detection,train,fastener_object_detection__background-many-silver-screws-construction-62231993_jpg.rf.7049cd2ae2574e7528508385b51b1389__00ea224f6c.jpg,0,0,0,source_annotation_pending_spot_check
fastener_object_detection,train,fastener_object_detection__background-mass-black-metal-screws-213217493_jpg.rf.b6904bcc657a88bfd6c63ceb0ff6de68__faffdae561.jpg,0,0,0,source_annotation_pending_spot_check
fastener_object_detection,train,fastener_object_detection__background-pile-white-screws-screws-124012248_jpg.rf.d8dd207d37b11266319e7edc9f253d05__480534ed39.jpg,0,0,0,source_annotation_pending_spot_check
fastener_object_detection,train,fastener_object_detection__big-pile-screws-23662302_jpg.rf.c6a9b5856fb028b5d06763ae8cb3b72b__85ac306868.jpg,0,0,0,source_annotation_pending_spot_check
fastener_object_detection,train,fastener_object_detection__black-plasterboard-screws-white-background-black-plasterboard-screws-white-background-227252107_jpg.rf.afaae56e6948f7712ad0a6f51179a12c__cc9536e557.jpg,0,0,0,source_annotation_pending_spot_check
fastener_object_detection,train,fastener_object_detection__black-screws-black-screws-piled-white-background-black-screws-black-screws-piled-white-background-180655359_jpg.rf.59021677d9cff86eacfe1bbd67d295a4__a0dd83b961.jpg,0,0,0,source_annotation_pending_spot_check
fastener_object_detection,train,fastener_object_detection__black-screws-black-screws-piled-white-background-black-screws-black-screws-piled-white-background-180655437_jpg.rf.4e3580731e64b16ab361965d61c6ac4c__aa016fd857.jpg,0,0,0,source_annotation_pending_spot_check
fastener_object_detection,train,fastener_object_detection__black-screws-white-background-wood-metal-close-up-shot-pile-isolated-167590650_jpg.rf.5fa1b58ecfc224b3f27e50e31cff418c__a700460e81.jpg,0,0,0,source_annotation_pending_spot_check
fastener_object_detection,train,fastener_object_detection__BLOGIMG-Screw-Heads-Worn-01_jpg.rf.d504d2963c4960d2f2d8c57fa5d327a9__0b5b4f6d4f.jpg,0,0,1,source_annotation_pending_spot_check
fastener_object_detection,train,fastener_object_detection__bolt-head-hexagon-inner-part-round-hat-screwed-wooden-board-head-metal-bolt-hexagonal-inner-part-189836486_jpg.rf.87bfdf6d88418402559d3ed3a23393f0__eed84db0bd.jpg,0,0,0,source_annotation_pending_spot_check
fastener_object_detection,valid,fastener_object_detection__bolt-heads-isolated-white-background-bolt-heads-isolated-white-background-close-up-184073909_jpg.rf.28b44280fb31c76e67e8a8b2f08b01ac__4fe725630b.jpg,0,0,1,source_annotation_pending_spot_check
fastener_object_detection,train,fastener_object_detection__bolt-top-allen-head-with-hex-socket-vector-40708963_jpg.rf.b7778244da2ef1aeceedafeb4bcdb1cc__48784a3dc5.jpg,0,0,0,source_annotation_pending_spot_check
fastener_object_detection,train,fastener_object_detection__bolts-screws-hats-fixing-various-elements-including-computer-components-screws-fixing-computer-components-105770816_jpg.rf.9b4f0b92861cbef62756807d7562d1d7__ed96ffc0cf.jpg,0,0,0,source_annotation_pending_spot_check
fastener_object_detection,train,fastener_object_detection__bscs188ss_1_jpg.rf.273c485e7fbd8d68028945fd1abc6f83__161091c87e.jpg,0,0,0,source_annotation_pending_spot_check
fastener_object_detection,valid,fastener_object_detection__BUMAX8-8-Hex-Socket-Head-Flush-Bolt_jpg.rf.0b619af521bc49ba9e2de84ae3192831__c9a59c9ef3.jpg,0,0,0,source_annotation_pending_spot_check
fastener_object_detection,train,fastener_object_detection__bunch-philips-screws-close-up-pile-stainless-steel-white-background-34717946_jpg.rf.4669ead3ea58e1d2c244a084dd504346__496a9e1955.jpg,0,0,0,source_annotation_pending_spot_check
fastener_object_detection,train,fastener_object_detection__bunch-shiny-screws-lies-chaotic-manner-fill-entire-frame-50748447_jpg.rf.148469d99db15130b36e05bd1262030f__d4872e57ed.jpg,0,0,0,source_annotation_pending_spot_check
fastener_object_detection,train,fastener_object_detection__bunch-small-metallic-screws-spain-53995183_jpg.rf.91a6f8ea5c114a5e7974a6edf0e9fb62__836f508ac4.jpg,0,0,0,source_annotation_pending_spot_check
fastener_object_detection,train,fastener_object_detection__bunch-torx-screws-wood-lying-pile-gray-surface-56576585_jpg.rf.6b85a2595ab77b0409e50e3a080c73a9__6b111d182c.jpg,0,0,0,source_annotation_pending_spot_check
fastener_object_detection,train,fastener_object_detection__c57dcd6203fa0e8fdf770b6101238718_jpg.rf.14a761834a11e906382e0f9071a60d58__d2d82a55bd.jpg,0,0,4,source_annotation_pending_spot_check
fastener_object_detection,train,fastener_object_detection__Cheese-Head-Screw_jpg.rf.572ce5d71dd7c7d7c1427d849de9a06c__e057942efe.jpg,0,0,1,source_annotation_pending_spot_check
fastener_object_detection,train,fastener_object_detection__chrome-screws-pile-shiny-background-texture-41664096_jpg.rf.6f9e0f92149cf81d67451f4116e92689__7bd08f8ed8.jpg,0,0,0,source_annotation_pending_spot_check
fastener_object_detection,train,fastener_object_detection__close-image-steel-tapping-screws-metal-screw-iron-screw-chrome-screw-screws-background-wood-screw-path-white-234892055_jpg.rf.785dee615f9970a373594de83003d0ff__1879e17630.jpg,0,0,0,source_annotation_pending_spot_check
fastener_object_detection,train,fastener_object_detection__close-image-steel-tapping-screws-metal-screw-iron-screw-chrome-screw-screws-background-wood-screw-path-white-234892064_jpg.rf.af2f500ecf026b74c675f4b26b27580f__7efd0278df.jpg,0,0,0,source_annotation_pending_spot_check
fastener_object_detection,train,fastener_object_detection__close-up-head-black-self-tapping-screw-screwed-wooden-board-ph-type-slot-phillips-place-text-logo-252429222_jpg.rf.41da05581aa32fcaf4b5752ece113cc6__5775439002.jpg,0,0,1,source_annotation_pending_spot_check
fastener_object_detection,train,fastener_object_detection__close-up-head-galvanized-self-tapping-screw-press-washer-screwed-wooden-board-phillips-type-slot-ph-252429259_jpg.rf.06fc45d7deefec255dea6ca925d94d3e__66250a59e6.jpg,0,0,1,source_annotation_pending_spot_check
fastener_object_detection,train,fastener_object_detection__close-up-image-many-small-black-screws-concrete-background-112993639_jpg.rf.380859aa7feb684662b1a6ab90f9f225__fd9e7fa402.jpg,0,0,0,source_annotation_pending_spot_check
fastener_object_detection,train,fastener_object_detection__close-up-pile-screws-dowels-isolated-white-background-stainless-plastic-fastener-used-construction-178693036_jpg.rf.3f668064cbc7670e03bb64e7f2439319__7fcb210d03.jpg,0,0,0,source_annotation_pending_spot_check
fastener_object_detection,train,fastener_object_detection__closeup-pile-old-rusty-screws-isolated-white-background-top-view-74639978_jpg.rf.25c8dc1332e5f3f31052808a97e3b7f4__36e168a733.jpg,0,0,0,source_annotation_pending_spot_check
fastener_object_detection,train,fastener_object_detection__construction-screws-wooden-surface-close-up-close-up-construction-screws-wooden-surface-close-up-102813905_jpg.rf.55251beae02fa82209e5822cdf1c9d6e__9d30d36d77.jpg,0,0,0,source_annotation_pending_spot_check
fastener_object_detection,train,fastener_object_detection__countersink-screws-philips-head-method-comparison_jpg.rf.8c9f1b8aa20fbd147067c7dc4dcd2505__4d400f3e37.jpg,0,0,3,source_annotation_pending_spot_check
fastener_object_detection,valid,fastener_object_detection__CSS010_jpg.rf.67718ac6c87069117dc32def2a7d3d82__15a95e8dff.jpg,0,0,1,source_annotation_pending_spot_check
fastener_object_detection,train,fastener_object_detection__CSS014_jpg.rf.65d3d542a4707d9c320300a2aeffcfd4__4929d4deb5.jpg,0,0,1,source_annotation_pending_spot_check
fastener_object_detection,train,fastener_object_detection__D_NQ_NP_872658-MLM27918614046_082018-O_jpg.rf.ee621c370ff6ecf2bf2b4cd9438055d9__3b2bfbe7e1.jpg,0,0,1,source_annotation_pending_spot_check
fastener_object_detection,test,fastener_object_detection__ddad33aa701aabbd0fd1857098ebd40f_jpg.rf.37428eae3223edb1635cb0ce666ad3c9__84b4a2cad5.jpg,0,0,0,source_annotation_pending_spot_check
fastener_object_detection,train,fastener_object_detection__detail-pile-new-screw-isolated-white-screws-fasteners-background-74805116_jpg.rf.798a12eaf50dc82343740ab339f27c29__ac3199b779.jpg,0,0,0,source_annotation_pending_spot_check
fastener_object_detection,train,fastener_object_detection__drywall-plasterboard-screws-isolated-white-background-pile-62049888_jpg.rf.39a5be4520d9e5b9386dde8c61a5f30e__ad37d14361.jpg,0,0,0,source_annotation_pending_spot_check
fastener_object_detection,train,fastener_object_detection__drywall-screws-pile-used-206161958_jpg.rf.9a6f5e6faa84ead41baa2c8a76f37c3b__fc69d67f0e.jpg,0,0,0,source_annotation_pending_spot_check
fastener_object_detection,train,fastener_object_detection__electronics-screws-above-12172237_jpg.rf.f3c8c58d7ed51a5c9af8e7fbd9c2e835__ea1a1164b5.jpg,0,0,0,source_annotation_pending_spot_check
fastener_object_detection,train,fastener_object_detection__extreme-close-up-shot-old-screw-metal-extreme-close-up-shot-old-screw-head-metal-bracket-224019588_jpg.rf.ede77e300bb2c15480f8eae436826f27__b249abbf17.jpg,0,0,1,source_annotation_pending_spot_check
fastener_object_detection,train,fastener_object_detection__f06856d0-c306-4f0b-b846-c65cfae96423-3cb3f1f174d696f2e3d9abf466a48860_png_jpg.rf.9ff30b074ebb3928e9d796188f18e225__a794b73208.jpg,0,0,0,source_annotation_pending_spot_check
fastener_object_detection,train,fastener_object_detection__flat-1000x1000-075-f_jpg.rf.0291b7727b5ecb47819061ef046681c6__a88211278b.jpg,0,0,1,source_annotation_pending_spot_check
fastener_object_detection,train,fastener_object_detection__flat-head-screwdriver-near-a-phillips-screw-P3X794_jpg.rf.412947c5723bf33c7ad1ae66ad3bfc56__16b6418363.jpg,0,0,1,source_annotation_pending_spot_check
fastener_object_detection,train,fastener_object_detection__gettyimages-1093989628-612x612_jpg.rf.498eecf3ac6a877cb3ea938b9ea1a0b6__775457f43b.jpg,0,0,0,source_annotation_pending_spot_check
fastener_object_detection,train,fastener_object_detection__gettyimages-1132599059-612x612_jpg.rf.e5ca9db80a82f16267cb8d8adcce8b26__76e2c701f8.jpg,0,0,0,source_annotation_pending_spot_check
fastener_object_detection,train,fastener_object_detection__gettyimages-1195036796-612x612_jpg.rf.dcab4ae0d43f721b0184d91b5498c18a__9bc762c8bc.jpg,0,0,0,source_annotation_pending_spot_check
fastener_object_detection,train,fastener_object_detection__gettyimages-1301034771-612x612_jpg.rf.901791c33baf180ea2e468b85d97151b__cf2e4b6c7e.jpg,0,0,0,source_annotation_pending_spot_check
fastener_object_detection,train,fastener_object_detection__gettyimages-1301397195-612x612_jpg.rf.7bd1ecfcfe38fae4f57bea942715400f__753bcaa106.jpg,0,0,0,source_annotation_pending_spot_check
fastener_object_detection,train,fastener_object_detection__gettyimages-1302146670-612x612_jpg.rf.9cf8b2581a1372c4b9f3f00713b2f576__2a493a1c33.jpg,0,0,0,source_annotation_pending_spot_check
fastener_object_detection,train,fastener_object_detection__gettyimages-1304505813-612x612_jpg.rf.740777aab4cea8d36107b25c0ff919fd__b5e785c0ce.jpg,0,0,0,source_annotation_pending_spot_check
fastener_object_detection,train,fastener_object_detection__gettyimages-1344065038-612x612_jpg.rf.d4c37bae733bd612742d0ee59abb926b__78e3bb01a3.jpg,0,0,0,source_annotation_pending_spot_check
fastener_object_detection,train,fastener_object_detection__gettyimages-1346743823-612x612_jpg.rf.c8b9b1cf0136e03c3b370b5b585756d3__98d3e165c3.jpg,0,0,0,source_annotation_pending_spot_check
fastener_object_detection,train,fastener_object_detection__gettyimages-167851459-612x612_jpg.rf.10ef50d99cce43b24bbbc3d4cc528b9a__c5a0146dd6.jpg,0,0,0,source_annotation_pending_spot_check
fastener_object_detection,train,fastener_object_detection__gettyimages-504406049-612x612_jpg.rf.a2433e7f2766b26a6ebb3e3b336cc9e7__8ba1b46e1b.jpg,0,0,0,source_annotation_pending_spot_check
fastener_object_detection,train,fastener_object_detection__gettyimages-512543868-612x612_jpg.rf.27188ff4369ceabdcc54a89c5e1a2090__10b7c7456b.jpg,0,0,0,source_annotation_pending_spot_check
fastener_object_detection,test,fastener_object_detection__gettyimages-520299886-612x612_jpg.rf.11e4c079d0d1e7b26f34623a84a5da43__d056fc96fa.jpg,0,0,1,source_annotation_pending_spot_check
fastener_object_detection,train,fastener_object_detection__gettyimages-644025703-612x612_jpg.rf.be8be09e925676d0aace813db6f2c6ed__f7a0900645.jpg,0,0,0,source_annotation_pending_spot_check
fastener_object_detection,train,fastener_object_detection__gettyimages-664715135-612x612_jpg.rf.6f37e06ef1194fefa4e4c955a1efe1ec__066841cd46.jpg,0,0,0,source_annotation_pending_spot_check
fastener_object_detection,train,fastener_object_detection__gold-screws-bunch-screws-isolate-white-background-155103351_jpg.rf.bf5d6838cb0dffd40200773578b7eb30__2f99d3baf7.jpg,0,0,0,source_annotation_pending_spot_check
fastener_object_detection,train,fastener_object_detection__gold-screws-lying-concrete-pathwalk-91874696_jpg.rf.a3f2dca309bc7cf962bd14aec2678eb8__b823e3d7bd.jpg,0,0,0,source_annotation_pending_spot_check
fastener_object_detection,test,fastener_object_detection__grid_24400270_jpg.rf.739a113ad013f0f3cdda97f72f132965__c75be3c861.jpg,0,0,1,source_annotation_pending_spot_check
fastener_object_detection,train,fastener_object_detection__grid_24400350_jpg.rf.038d829594f840980de1f0c47ee8fc8e__f29ed7ac43.jpg,0,0,1,source_annotation_pending_spot_check
fastener_object_detection,train,fastener_object_detection__grid_50901780_jpg.rf.13e60fb2c483cd9796d0c1539d776c22__71725eb5f0.jpg,0,0,1,source_annotation_pending_spot_check
fastener_object_detection,train,fastener_object_detection__H1753ade433634b3880a17fde32b35cbbR_jpg.rf.43a24e4039facfa5a389075f799ae9d4__37d98fd4bb.jpg,0,0,2,source_annotation_pending_spot_check
fastener_object_detection,train,fastener_object_detection__H2550f2c8ad5c49a8a8ed9e74a29a8758A_jpg.rf.52a01be44c97e533d32b6d770b050191__611a7efcee.jpg,0,0,1,source_annotation_pending_spot_check
fastener_object_detection,train,fastener_object_detection__H7a3c1fc33bce4fb69066acc8f1c14657V_jpg.rf.450405bc7b2386cfc39be7a51286bddb__7ccebbb01b.jpg,0,0,0,source_annotation_pending_spot_check
fastener_object_detection,train,fastener_object_detection__H98bd3082d7f245dba6cab71aca9dfe9dF_jpg.rf.259dbcd888f7d24acbfd60e836757251__57cfaf94a5.jpg,0,0,1,source_annotation_pending_spot_check
fastener_object_detection,train,fastener_object_detection__handful-of-screws-isolated-on-white-background-2AJ0BAP_jpg.rf.b310b97fa916b9f93dffab4b1dadec03__4ad01deebd.jpg,0,0,0,source_annotation_pending_spot_check
fastener_object_detection,train,fastener_object_detection__heap-new-black-self-tapping-screws-close-up-212029753_jpg.rf.f92e82fe28f847741c7709544ae96c69__5e94e4fa0e.jpg,0,0,0,source_annotation_pending_spot_check
fastener_object_detection,train,fastener_object_detection__hex-socket-head-cap-screw-hero_jpg.rf.083fde354c61b22605da8d9276f1d633__04081cc41b.jpg,0,0,0,source_annotation_pending_spot_check
fastener_object_detection,train,fastener_object_detection__hex-socket-head-screw-250x250_jpg.rf.0b6b946d0f283b9b256b86c5845ae9f2__7ce3a316e8.jpg,0,0,0,source_annotation_pending_spot_check
fastener_object_detection,train,fastener_object_detection__image11_jpeg_jpg.rf.325b01b5ba6be13d08fe64b2004439b8__8ce937f42e.jpg,0,0,1,source_annotation_pending_spot_check
fastener_object_detection,train,fastener_object_detection__image12_jpeg_jpg.rf.538254394a15c7f726a4830be34de743__545cbc9fa3.jpg,0,0,1,source_annotation_pending_spot_check
fastener_object_detection,train,fastener_object_detection__image15_jpeg_jpg.rf.919224fcf22fb5825911c10a0746c451__e9a5f225d3.jpg,0,0,1,source_annotation_pending_spot_check
fastener_object_detection,train,fastener_object_detection__image21_jpeg_jpg.rf.2e26362d5bc6be22ccf96f9e5d38c1d6__37f79848fd.jpg,0,0,2,source_annotation_pending_spot_check
fastener_object_detection,train,fastener_object_detection__image28_jpeg_jpg.rf.2f0bef83217d65debc1ffa78e5a94602__4dc6281cf0.jpg,0,0,1,source_annotation_pending_spot_check
fastener_object_detection,train,fastener_object_detection__image_15_jpg.rf.403dbe9f051dbbab63ce7697a8b62bef__a6daa2934f.jpg,0,0,0,source_annotation_pending_spot_check
fastener_object_detection,train,fastener_object_detection__image_16_jpg.rf.01f6a8b22b7e05b948181b221851ae48__10c92cf0fc.jpg,0,0,1,source_annotation_pending_spot_check
fastener_object_detection,train,fastener_object_detection__image_17_jpg.rf.02c94e0be9be5d6fd062440ae081ec75__3aa1ba36f2.jpg,0,0,0,source_annotation_pending_spot_check
fastener_object_detection,train,fastener_object_detection__image_18_jpg.rf.14fdf2a557d26f3d5e8550ff279b75e7__ff1024b56b.jpg,0,0,0,source_annotation_pending_spot_check
fastener_object_detection,train,fastener_object_detection__image_19_jpg.rf.647b92a43001db74812860d758c50273__c2ca6f3215.jpg,0,0,0,source_annotation_pending_spot_check
fastener_object_detection,test,fastener_object_detection__image_20_jpg.rf.12809dc1feb1535e14c81fb58fdd424d__d8256c5ec5.jpg,0,0,1,source_annotation_pending_spot_check
fastener_object_detection,train,fastener_object_detection__image_21_jpg.rf.4df7d883e81ef30eff515c17d081f07c__a7264a9ec2.jpg,0,0,0,source_annotation_pending_spot_check
fastener_object_detection,train,fastener_object_detection__image_22_jpg.rf.80f500968836ab95c5cb1f699c3c6576__1257668bcb.jpg,0,0,0,source_annotation_pending_spot_check
fastener_object_detection,test,fastener_object_detection__image_24_jpg.rf.4c0bc6b20ef1041257822bfa54d0a086__9a03bee6dd.jpg,0,0,0,source_annotation_pending_spot_check
fastener_object_detection,train,fastener_object_detection__image_25_jpg.rf.a11cf5b1d68ee810af5fb18bb2d08873__08540c5343.jpg,0,0,1,source_annotation_pending_spot_check
fastener_object_detection,train,fastener_object_detection__image_26_jpg.rf.02c744ad9aafa24dce628fb2e51b25bf__ab79999a39.jpg,0,0,1,source_annotation_pending_spot_check
fastener_object_detection,train,fastener_object_detection__image_27_jpg.rf.55c1164b618a83e012ee3729448c8dca__5c60b7da56.jpg,0,0,0,source_annotation_pending_spot_check
fastener_object_detection,train,fastener_object_detection__image_28_jpg.rf.c6bd6399e0851af90c22530d057cce53__a86daee703.jpg,0,0,0,source_annotation_pending_spot_check
fastener_object_detection,train,fastener_object_detection__image_29_jpg.rf.8dc5af45494602d41e9565e5fe1466d3__0573a3413b.jpg,0,0,0,source_annotation_pending_spot_check
fastener_object_detection,train,fastener_object_detection__image_30_jpg.rf.46c54cd7cdce88a851c4a51c2bcb9c57__c0a6c6c125.jpg,0,0,1,source_annotation_pending_spot_check
fastener_object_detection,test,fastener_object_detection__image_31_jpg.rf.0c5e12fbb9e4ecd7c9f89aaf308e34b4__4e0c152c4e.jpg,0,0,0,source_annotation_pending_spot_check
fastener_object_detection,train,fastener_object_detection__image_32_jpg.rf.0e151bbc756d6b47cb39dd3bc0174a65__c7358a444e.jpg,0,0,1,source_annotation_pending_spot_check
fastener_object_detection,train,fastener_object_detection__image_34_jpg.rf.35ee5c28314cc810aaa0664ae28cc4dd__b840758d7b.jpg,0,0,1,source_annotation_pending_spot_check
fastener_object_detection,train,fastener_object_detection__image_35_jpg.rf.10a2bb9574f1015665120507c54f6e25__32f2ed55c1.jpg,0,0,0,source_annotation_pending_spot_check
fastener_object_detection,train,fastener_object_detection__image_36_jpg.rf.62d1acabd2f77601d3cd78cf803a20b0__b08afb8bd2.jpg,0,0,0,source_annotation_pending_spot_check
fastener_object_detection,train,fastener_object_detection__image_37_jpg.rf.bc9d1b0319933a847bbf2a755785c30c__976bf9baa9.jpg,0,0,1,source_annotation_pending_spot_check
fastener_object_detection,train,fastener_object_detection__image_38_jpg.rf.043bb277a94b68c0f9155810669c4d65__4f32ad36dc.jpg,0,0,0,source_annotation_pending_spot_check
fastener_object_detection,train,fastener_object_detection__image_39_jpg.rf.4469e38bfe64708c586d1c0d57b228ff__74ad3971ab.jpg,0,0,1,source_annotation_pending_spot_check
fastener_object_detection,train,fastener_object_detection__image_40_jpg.rf.d9483fec308697d6ebb6e6c3994d1977__dbd617fb22.jpg,0,0,0,source_annotation_pending_spot_check
fastener_object_detection,train,fastener_object_detection__image_41_jpg.rf.6289449bc46d3e7c531dec6f3ee1dc26__9f26d59b55.jpg,0,0,0,source_annotation_pending_spot_check
fastener_object_detection,train,fastener_object_detection__image_42_jpg.rf.82e0b98edc939a59f6f77d410030c9d2__d9a7aa2d48.jpg,0,0,0,source_annotation_pending_spot_check
fastener_object_detection,train,fastener_object_detection__image_43_jpg.rf.28e3fdd8e76bd3c699c17c8c95e5a100__fd18a1f164.jpg,0,0,0,source_annotation_pending_spot_check
fastener_object_detection,train,fastener_object_detection__image_44_jpg.rf.0edc76c5313c7aed35cdbb10e314adaf__93ed5d5062.jpg,0,0,0,source_annotation_pending_spot_check
fastener_object_detection,train,fastener_object_detection__image_45_jpg.rf.34f58559e8d7d46c4750ba3f452b1461__1ae5d3c32a.jpg,0,0,0,source_annotation_pending_spot_check
fastener_object_detection,train,fastener_object_detection__image_46_jpg.rf.3514d2bcb6eb3f6ad982e29d815d5ee3__9a5f22dc83.jpg,0,0,1,source_annotation_pending_spot_check
fastener_object_detection,train,fastener_object_detection__image_47_jpg.rf.53ca1c578b276345829b766f66389719__58263c309c.jpg,0,0,0,source_annotation_pending_spot_check
fastener_object_detection,train,fastener_object_detection__image_50_jpg.rf.555fb0b7973e2460b70c9490cff4692c__a81255061c.jpg,0,0,0,source_annotation_pending_spot_check
fastener_object_detection,valid,fastener_object_detection__image_51_jpg.rf.0d97d6eaa898292901874113b833951e__0a09fb2149.jpg,0,0,0,source_annotation_pending_spot_check
fastener_object_detection,train,fastener_object_detection__image_52_jpg.rf.1ba6af5d5add0e6118da9a5a6b378a45__08ce2cb40f.jpg,0,0,0,source_annotation_pending_spot_check
fastener_object_detection,train,fastener_object_detection__image_53_jpg.rf.2571ba643a3dbe1da53775eace936055__bf2b53e21b.jpg,0,0,1,source_annotation_pending_spot_check
fastener_object_detection,train,fastener_object_detection__image_54_jpg.rf.70281843573055f20764d0084324afd8__6ee5cb0f80.jpg,0,0,1,source_annotation_pending_spot_check
fastener_object_detection,train,fastener_object_detection__image_55_jpg.rf.58d113251bf29f5426b81db55f8b5ef1__c9fd57260f.jpg,0,0,0,source_annotation_pending_spot_check
fastener_object_detection,train,fastener_object_detection__image_56_jpg.rf.c9b297472ad73d2aa62db5c871282d72__e6228f9432.jpg,0,0,0,source_annotation_pending_spot_check
fastener_object_detection,train,fastener_object_detection__image_59_jpg.rf.82a9da4898856b69eb86d5f29357a7f2__c2427b2d7c.jpg,0,0,1,source_annotation_pending_spot_check
fastener_object_detection,train,fastener_object_detection__image_60_jpg.rf.7f3ee8c8117405c4146bc9c60d526287__dc240f556e.jpg,0,0,1,source_annotation_pending_spot_check
fastener_object_detection,train,fastener_object_detection__image_61_jpg.rf.45aa355ac7d2f6ca4fb1e589a3edef96__6927b38c79.jpg,0,0,0,source_annotation_pending_spot_check
fastener_object_detection,train,fastener_object_detection__image_62_jpg.rf.01d99b2f2226c15db110f794accb9b14__e7f561e202.jpg,0,0,0,source_annotation_pending_spot_check
fastener_object_detection,train,fastener_object_detection__image_63_jpg.rf.3970d8ee678a71cce30a51655d34ce84__1a1c17d149.jpg,0,0,0,source_annotation_pending_spot_check
fastener_object_detection,train,fastener_object_detection__image_64_jpg.rf.3a3b1b4593be960b97f04511d4a48353__36828a6412.jpg,0,0,1,source_annotation_pending_spot_check
fastener_object_detection,train,fastener_object_detection__image_65_jpg.rf.691fa828b48558232eff73d83fd04866__1ed9dc3a10.jpg,0,0,0,source_annotation_pending_spot_check
fastener_object_detection,test,fastener_object_detection__image_66_jpg.rf.8f29a90956aeeaa1d18fedb6133e772d__847546ab4e.jpg,0,0,0,source_annotation_pending_spot_check
fastener_object_detection,train,fastener_object_detection__image_67_jpg.rf.57669ba4f99a71baabee746e6305711d__a49e7e4150.jpg,0,0,0,source_annotation_pending_spot_check
fastener_object_detection,train,fastener_object_detection__image_69_jpg.rf.0726e36928fb2414a7354c588441a47d__dda57b7e9e.jpg,0,0,0,source_annotation_pending_spot_check
fastener_object_detection,train,fastener_object_detection__image_70_jpg.rf.2ba5850f5c5025d400e7b20c2c1cb14a__731c11e8bb.jpg,0,0,0,source_annotation_pending_spot_check
fastener_object_detection,train,fastener_object_detection__image_71_jpg.rf.030561f2c9f9884bbe9da1b9cfbeae45__8f3b085c2a.jpg,0,0,0,source_annotation_pending_spot_check
fastener_object_detection,train,fastener_object_detection__image_72_jpg.rf.d1a125584dea4cc56cf434926e15a798__b301fbb231.jpg,0,0,0,source_annotation_pending_spot_check
fastener_object_detection,train,fastener_object_detection__image_74_jpg.rf.9de3736e39ec9257f91d8916ae7f200d__18d4f86b6c.jpg,0,0,0,source_annotation_pending_spot_check
fastener_object_detection,train,fastener_object_detection__images-1-_jpg.rf.344cf21bb480b04983f23ad9bd32fc6e__73bc0e54b3.jpg,0,0,1,source_annotation_pending_spot_check
fastener_object_detection,train,fastener_object_detection__images-12-_jpg.rf.195b11edec9714be45673fbf7cda5500__a312e2e2c5.jpg,0,0,0,source_annotation_pending_spot_check
fastener_object_detection,train,fastener_object_detection__images-13-_jpg.rf.6d3d00fed736db422341f0503aa01fae__fdc5a6827b.jpg,0,0,0,source_annotation_pending_spot_check
fastener_object_detection,train,fastener_object_detection__images-16-_jpg.rf.24cd07d7942b056a5d6263aeac51fbd4__e0e6cd3490.jpg,0,0,1,source_annotation_pending_spot_check
fastener_object_detection,train,fastener_object_detection__images-17-_jpg.rf.3b17576b4579e633a02acc04a9097cca__a8807776f9.jpg,0,0,1,source_annotation_pending_spot_check
fastener_object_detection,train,fastener_object_detection__images-19-_jpg.rf.a977dcabc602f7e081ebb614e720f2d1__0602628b35.jpg,0,0,1,source_annotation_pending_spot_check
fastener_object_detection,train,fastener_object_detection__images-2-_jpg.rf.3c6792998d87424e519fb63549a67033__1b5822e57a.jpg,0,0,1,source_annotation_pending_spot_check
fastener_object_detection,train,fastener_object_detection__images-20-_jpg.rf.b81dfcb2aa2d78b99679decbea5ee9fa__f3912c78d0.jpg,0,0,1,source_annotation_pending_spot_check
fastener_object_detection,valid,fastener_object_detection__images-21-_jpg.rf.a9b06fc6ec356d220448952a8c04cdc5__1b3a933b86.jpg,0,0,1,source_annotation_pending_spot_check
fastener_object_detection,train,fastener_object_detection__images-22-_jpg.rf.79553eab6f75ee43ae8c0b8c2af91d7e__e9a117c973.jpg,0,0,1,source_annotation_pending_spot_check
fastener_object_detection,train,fastener_object_detection__images-23-_jpg.rf.d65f365fb8162769b37dbdca2cb17efe__c26ec57ed7.jpg,0,0,1,source_annotation_pending_spot_check
fastener_object_detection,train,fastener_object_detection__images-25-_jpg.rf.4a3ffd61e2085583419798f2a503cc34__9ccb5247be.jpg,0,0,1,source_annotation_pending_spot_check
fastener_object_detection,train,fastener_object_detection__images-27-_jpg.rf.a86c8624e86806acfea98e1966fcbf8d__40ca3a88c6.jpg,0,0,1,source_annotation_pending_spot_check
fastener_object_detection,train,fastener_object_detection__images-28-_jpg.rf.5262b2857ed24dc31d1631a215be536a__6e5851a96f.jpg,0,0,1,source_annotation_pending_spot_check
fastener_object_detection,train,fastener_object_detection__images-29-_jpg.rf.e7f4e79785aab5f5c0a40a9ee90b5472__e51726729a.jpg,0,0,1,source_annotation_pending_spot_check
fastener_object_detection,test,fastener_object_detection__images-30-_jpg.rf.c8e726ebea2261be1619298b89dbe266__35adc44b71.jpg,0,0,1,source_annotation_pending_spot_check
fastener_object_detection,train,fastener_object_detection__images-4-_jpg.rf.1991111068c2834821042625b1770471__45cee6b8a2.jpg,0,0,1,source_annotation_pending_spot_check
fastener_object_detection,train,fastener_object_detection__images-5-_jpg.rf.252ef559302034da22729dc7bf12d7c5__d9f4b4fe92.jpg,0,0,1,source_annotation_pending_spot_check
fastener_object_detection,train,fastener_object_detection__images-6-_jpg.rf.30a358051fec75b371b91e4a1ecb347e__2286c662bc.jpg,0,0,2,source_annotation_pending_spot_check
fastener_object_detection,train,fastener_object_detection__images-8-_jpg.rf.9579c4857fcedad6a66f7d3549d3b83c__97369b478f.jpg,0,0,1,source_annotation_pending_spot_check
fastener_object_detection,test,fastener_object_detection__images-9-_jpg.rf.156713edd209f93379a14c9a828a81e9__df4926ee27.jpg,0,0,1,source_annotation_pending_spot_check
fastener_object_detection,train,fastener_object_detection__images116_jpg.rf.48bfd8ef8a11fed25fa87ef8f21a0391__568f27aa1d.jpg,0,0,3,source_annotation_pending_spot_check
fastener_object_detection,valid,fastener_object_detection__images11_jpg.rf.226473480268d99579a77a5caa6b02ab__63bd27a991.jpg,0,0,1,source_annotation_pending_spot_check
fastener_object_detection,train,fastener_object_detection__images121_jpg.rf.9aee84094ffd2bc91bf162bee99d6ecd__9596e575f9.jpg,0,0,1,source_annotation_pending_spot_check
fastener_object_detection,valid,fastener_object_detection__images16_jpg.rf.60683199a8955f6f1bcf880d235e2597__886da95cd9.jpg,0,0,2,source_annotation_pending_spot_check
fastener_object_detection,train,fastener_object_detection__images36_jpg.rf.19582a23780f845f6adb708118e1a5ec__046abccb02.jpg,0,0,1,source_annotation_pending_spot_check
fastener_object_detection,train,fastener_object_detection__images37_jpg.rf.a62a9357d573d1825b62bf3d00e812fa__5ea64e671c.jpg,0,0,1,source_annotation_pending_spot_check
fastener_object_detection,train,fastener_object_detection__images38_jpg.rf.24ed724c13c8b11c5db88590bd7f4f6e__1bebf728e2.jpg,0,0,3,source_annotation_pending_spot_check
fastener_object_detection,train,fastener_object_detection__images3_jpg.rf.22aada57cf432b8228ffc4ab4eb07c7f__d4c34ad6d9.jpg,0,0,1,source_annotation_pending_spot_check
fastener_object_detection,train,fastener_object_detection__images48_jpg.rf.65a74b83f0d576005b34e81800fa83b9__f273df726e.jpg,0,0,8,source_annotation_pending_spot_check
fastener_object_detection,train,fastener_object_detection__images55_jpg.rf.ed7b70b388b2207eff14bc2aba51f3de__071ff1702e.jpg,0,0,2,source_annotation_pending_spot_check
fastener_object_detection,train,fastener_object_detection__images59_jpg.rf.62df9e9821ff5ba8882d4a5a3135b5c8__d04c113542.jpg,0,0,1,source_annotation_pending_spot_check
fastener_object_detection,train,fastener_object_detection__images5_jpg.rf.5105c68241cf6632b25b163ed573d1d4__805b09b09c.jpg,0,0,1,source_annotation_pending_spot_check
fastener_object_detection,train,fastener_object_detection__images61_jpg.rf.2fe1c2fe5596716ef92c1d36cddc26bc__d4c876de71.jpg,0,0,1,source_annotation_pending_spot_check
fastener_object_detection,train,fastener_object_detection__images71_jpg.rf.6cce86b985535781e106de4d74d4e598__b94a1b8c8a.jpg,0,0,1,source_annotation_pending_spot_check
fastener_object_detection,train,fastener_object_detection__images77_jpg.rf.b248bc3881a946a4884f4cc1e2ee98e2__3877d54b57.jpg,0,0,1,source_annotation_pending_spot_check
fastener_object_detection,train,fastener_object_detection__images78_jpg.rf.a04f0252fd33be6f8ccbae1abd515838__47a715c1f8.jpg,0,0,1,source_annotation_pending_spot_check
fastener_object_detection,train,fastener_object_detection__images80_jpg.rf.9b1d0d622797c9e0e34afb660e72699c__4e0e1e0c3e.jpg,0,0,1,source_annotation_pending_spot_check
fastener_object_detection,train,fastener_object_detection__images8_jpg.rf.6f6ec9bafd70188cd46ff78ec1f48ad2__06964467f7.jpg,0,0,1,source_annotation_pending_spot_check
fastener_object_detection,train,fastener_object_detection__images95_jpg.rf.7a000a6256427249cfa2c90b8527636a__05e51e22e8.jpg,0,0,1,source_annotation_pending_spot_check
fastener_object_detection,train,fastener_object_detection__images98_jpg.rf.15b115a60c4f0864812c479c875c9771__24e270c536.jpg,0,0,1,source_annotation_pending_spot_check
fastener_object_detection,train,fastener_object_detection__images_jpg.rf.303bd2d5126665a9e9a20c42d7d1af33__73d55c0d5f.jpg,0,0,1,source_annotation_pending_spot_check
fastener_object_detection,train,fastener_object_detection__IMG_0432_jpg.rf.0d6827e4dce8eae3d4fbbdb10c1cabf2__ae45b85aac.jpg,0,0,2,source_annotation_pending_spot_check
fastener_object_detection,train,fastener_object_detection__IMG_0433_jpg.rf.888dbd23049232f1168d86ae1cec20ad__2e14b89b9d.jpg,0,0,7,source_annotation_pending_spot_check
fastener_object_detection,train,fastener_object_detection__IMG_0434_jpg.rf.13a9eec0f30d9fe480b2bf9742d1bfa4__37740e092a.jpg,0,0,3,source_annotation_pending_spot_check
fastener_object_detection,train,fastener_object_detection__IMG_0435_jpg.rf.6b21fe56601e528335b3f3454d1e3610__3757777f30.jpg,0,0,6,source_annotation_pending_spot_check
fastener_object_detection,train,fastener_object_detection__IMG_0436_jpg.rf.735132c349fef473c2daa9c862ccd2fc__c11a658ca3.jpg,0,0,3,source_annotation_pending_spot_check
fastener_object_detection,test,fastener_object_detection__IMG_0437_jpg.rf.5de0abf477425df375f7fbaf8f9cad31__df78ecbf48.jpg,0,0,1,source_annotation_pending_spot_check
fastener_object_detection,train,fastener_object_detection__IMG_0438_jpg.rf.d6d3b5d7ab0a42998b772f14442ad373__26890487be.jpg,0,0,8,source_annotation_pending_spot_check
fastener_object_detection,train,fastener_object_detection__IMG_0439_jpg.rf.82067849d8051769a4e77793ca58d317__ff258cc439.jpg,0,0,8,source_annotation_pending_spot_check
fastener_object_detection,train,fastener_object_detection__IMG_0440_jpg.rf.37e82d4274e4e6cd4802568d3931f589__43b35d7fb3.jpg,0,0,6,source_annotation_pending_spot_check
fastener_object_detection,train,fastener_object_detection__IMG_0441_jpg.rf.efa718249785c712175f01b5d78ed6d3__78403eab09.jpg,0,0,1,source_annotation_pending_spot_check
fastener_object_detection,train,fastener_object_detection__IMG_0442_jpg.rf.5eac6df39174e4ef59068942403a9d0f__504486e916.jpg,0,0,1,source_annotation_pending_spot_check
fastener_object_detection,train,fastener_object_detection__IMG_0444_jpg.rf.206224906ea78cd16e9c0becdb164c9d__958041a4f3.jpg,0,0,3,source_annotation_pending_spot_check
fastener_object_detection,valid,fastener_object_detection__IMG_0445_jpg.rf.86c8aadf97d11133400ba939e541d555__cc3a962927.jpg,0,0,4,source_annotation_pending_spot_check
fastener_object_detection,train,fastener_object_detection__IMG_0446_jpg.rf.48bf7eb73be7e0073b4cf6397e3d124b__19d427f118.jpg,0,0,5,source_annotation_pending_spot_check
fastener_object_detection,train,fastener_object_detection__IMG_0447_jpg.rf.5c8461fbb612f77073145f2f0da07df3__73074d4acb.jpg,0,0,6,source_annotation_pending_spot_check
fastener_object_detection,train,fastener_object_detection__IMG_0449_jpg.rf.0bd3efb10c97c39c9cdf36e1c0893ea2__9545d744ab.jpg,0,0,8,source_annotation_pending_spot_check
fastener_object_detection,train,fastener_object_detection__IMG_0450_jpg.rf.945b3165c91d601369ac3e4cdca2c098__c008fa5520.jpg,0,0,2,source_annotation_pending_spot_check
fastener_object_detection,train,fastener_object_detection__IMG_0451_jpg.rf.4963159e432a33738ee007d590c626e4__4163126fdb.jpg,0,0,1,source_annotation_pending_spot_check
fastener_object_detection,train,fastener_object_detection__IMG_0452_jpg.rf.fff2a963117f1957fafc69b29393eb67__5267ec6ea7.jpg,0,0,3,source_annotation_pending_spot_check
fastener_object_detection,valid,fastener_object_detection__IMG_0453_jpg.rf.30478ea15aa18f497b7f8084b1bd9bc9__d6ea022e98.jpg,0,0,5,source_annotation_pending_spot_check
fastener_object_detection,train,fastener_object_detection__IMG_0455_jpg.rf.3bc82d446b32413357c2e0db4679eda6__a50245ce86.jpg,0,0,0,source_annotation_pending_spot_check
fastener_object_detection,train,fastener_object_detection__IMG_0456_jpg.rf.21c428f2c8a06d94ae50750e7e2b6df9__1d69cb0f51.jpg,0,0,0,source_annotation_pending_spot_check
fastener_object_detection,train,fastener_object_detection__IMG_0457_jpg.rf.10969219957fb7046757afdbd90e49a1__8f03d47a54.jpg,0,0,0,source_annotation_pending_spot_check
fastener_object_detection,train,fastener_object_detection__IMG_0458_jpg.rf.02301cd0b33b79f4ff71898af8e30a17__b777c6b5ba.jpg,0,0,0,source_annotation_pending_spot_check
fastener_object_detection,train,fastener_object_detection__IMG_0460_jpg.rf.e9aacc35e90500a9fed756c6718c6e17__901763429e.jpg,0,0,0,source_annotation_pending_spot_check
fastener_object_detection,train,fastener_object_detection__IMG_0461_jpg.rf.678f71a007f51b38f0187b7e7a88a31e__61d801a5ea.jpg,0,0,0,source_annotation_pending_spot_check
fastener_object_detection,train,fastener_object_detection__IMG_0463_jpg.rf.17c19174b3dd88d67c9fd8ae2c848e18__894ea352b6.jpg,0,0,0,source_annotation_pending_spot_check
fastener_object_detection,train,fastener_object_detection__IMG_0466_jpg.rf.00bd21188be435b5fecd371ebc54f5c6__ca41e037ff.jpg,0,0,0,source_annotation_pending_spot_check
fastener_object_detection,train,fastener_object_detection__IMG_0467_jpg.rf.2462b3be9c9cc0439a12b2db8b84448a__ae55aaffac.jpg,0,0,0,source_annotation_pending_spot_check
fastener_object_detection,train,fastener_object_detection__IMG_0468_jpg.rf.5568de1bfdcaac48a5b357045807c203__e8d04b27c1.jpg,0,0,0,source_annotation_pending_spot_check
fastener_object_detection,train,fastener_object_detection__IMG_0469_jpg.rf.0110111d07fbe0326f21d44d9ac9eaea__8168453694.jpg,0,0,0,source_annotation_pending_spot_check
fastener_object_detection,train,fastener_object_detection__IMG_0470_jpg.rf.c0b919c1ded6654ae5a11de74eacd108__27d26abb10.jpg,0,0,0,source_annotation_pending_spot_check
fastener_object_detection,train,fastener_object_detection__IMG_0472_jpg.rf.a623e774ea42d4c0b32d151ee18f6480__524978d7dd.jpg,0,0,0,source_annotation_pending_spot_check
fastener_object_detection,test,fastener_object_detection__IMG_0473_jpg.rf.5874bb99b6bf12ecb321a6f3cef57449__45ccc2584c.jpg,0,0,0,source_annotation_pending_spot_check
fastener_object_detection,train,fastener_object_detection__IMG_0474_jpg.rf.5419fc5ae05ee2ad0a7be9b6b583ae06__6902dec0e9.jpg,0,0,0,source_annotation_pending_spot_check
fastener_object_detection,train,fastener_object_detection__istockphoto-1034287614-612x612_jpg.rf.16821e2559ad3ea34ac4437726df6f5e__137e2e3854.jpg,0,0,0,source_annotation_pending_spot_check
fastener_object_detection,train,fastener_object_detection__istockphoto-1034289050-612x612_jpg.rf.6d6cb37750fa33e6a49ac7f23cb98430__6adf1c48e9.jpg,0,0,0,source_annotation_pending_spot_check
fastener_object_detection,train,fastener_object_detection__istockphoto-105487034-612x612_jpg.rf.1f0dce7e527bb3361968026e270bd9e3__8a3dec1ca1.jpg,0,0,0,source_annotation_pending_spot_check
fastener_object_detection,train,fastener_object_detection__istockphoto-1076800552-612x612_jpg.rf.78f5868bf9d9acc1d2a8062a0fb0aec9__520898a31c.jpg,0,0,0,source_annotation_pending_spot_check
fastener_object_detection,train,fastener_object_detection__istockphoto-1132781689-612x612_jpg.rf.0f832b307bca07518ed20aa8eee000d5__e77581e92d.jpg,0,0,0,source_annotation_pending_spot_check
fastener_object_detection,train,fastener_object_detection__istockphoto-1149129694-612x612_jpg.rf.9d1f678a3455a0c11925683dc6dda508__1002604fd2.jpg,0,0,0,source_annotation_pending_spot_check
fastener_object_detection,train,fastener_object_detection__istockphoto-1149129915-612x612_jpg.rf.3ca0387d4be6d2318f0f4f07966303de__41e7d5bb4c.jpg,0,0,0,source_annotation_pending_spot_check
fastener_object_detection,train,fastener_object_detection__istockphoto-1157988316-612x612_jpg.rf.4d6a91b263b9b6280b0d8f0381cfdfbd__49f870bdf2.jpg,0,0,0,source_annotation_pending_spot_check
fastener_object_detection,train,fastener_object_detection__istockphoto-1170086202-612x612_jpg.rf.a4674ff7ea4ad651fd8b272c085224f8__a09db7ea14.jpg,0,0,0,source_annotation_pending_spot_check
fastener_object_detection,train,fastener_object_detection__istockphoto-1172811168-612x612_jpg.rf.c5e10cf0566921d816c7c75483e75afe__7c0097e90c.jpg,0,0,0,source_annotation_pending_spot_check
fastener_object_detection,train,fastener_object_detection__istockphoto-1176251015-612x612_jpg.rf.275eba73f7ebb6e5c0428f1ee01db6e0__8eab3e58f9.jpg,0,0,0,source_annotation_pending_spot_check
fastener_object_detection,train,fastener_object_detection__istockphoto-118435037-612x612_jpg.rf.995d703e5c2bb7dafcc6323f3b32f579__1e68efd8fd.jpg,0,0,0,source_annotation_pending_spot_check
fastener_object_detection,train,fastener_object_detection__istockphoto-1185078824-612x612_jpg.rf.fa8c6457c27d46e55f66af00b786f250__76724e532f.jpg,0,0,0,source_annotation_pending_spot_check
fastener_object_detection,train,fastener_object_detection__istockphoto-119469433-612x612_jpg.rf.949d2b4dbeca16f9b473e78d94327bd6__555ccdabac.jpg,0,0,0,source_annotation_pending_spot_check
fastener_object_detection,train,fastener_object_detection__istockphoto-1202884531-612x612_jpg.rf.dd26b7aade7a8b941da2bbf36c07286b__0a8f596d7e.jpg,0,0,0,source_annotation_pending_spot_check
fastener_object_detection,train,fastener_object_detection__istockphoto-1210076403-612x612_jpg.rf.c53875a7362f19eb0ad36ba3f5214691__8cd6f84192.jpg,0,0,0,source_annotation_pending_spot_check
fastener_object_detection,train,fastener_object_detection__istockphoto-1211952511-612x612_jpg.rf.1134c220af7ca11048e5f588086e6886__5681730926.jpg,0,0,0,source_annotation_pending_spot_check
fastener_object_detection,train,fastener_object_detection__istockphoto-1211992978-612x612_jpg.rf.5c1c46b466670595cace86c0b7bc29d6__ee3e244334.jpg,0,0,0,source_annotation_pending_spot_check
fastener_object_detection,train,fastener_object_detection__istockphoto-1220181721-612x612_jpg.rf.20f7f2e6947c38f3e93171ce195deb33__bdbd0090a0.jpg,0,0,0,source_annotation_pending_spot_check
fastener_object_detection,train,fastener_object_detection__istockphoto-1221253726-612x612_jpg.rf.269c1cdba21fe8a22baa191e27299ab7__ee789ca9f0.jpg,0,0,0,source_annotation_pending_spot_check
fastener_object_detection,train,fastener_object_detection__istockphoto-123217508-612x612_jpg.rf.6f3abf7b92ce72229759806b0594dbd3__25070ab689.jpg,0,0,0,source_annotation_pending_spot_check
fastener_object_detection,train,fastener_object_detection__istockphoto-1271148716-612x612_jpg.rf.d2417a8e2f72c1966289fceb9f2972a0__a62f039a50.jpg,0,0,0,source_annotation_pending_spot_check
fastener_object_detection,train,fastener_object_detection__istockphoto-1272367728-612x612_jpg.rf.1a4688416dba44d5c0c4d597ab6a7da5__0a978a9d5c.jpg,0,0,0,source_annotation_pending_spot_check
fastener_object_detection,train,fastener_object_detection__istockphoto-1273900678-612x612_jpg.rf.5866657ab76ef414711e818ca9aaae4f__17ee985914.jpg,0,0,0,source_annotation_pending_spot_check
fastener_object_detection,train,fastener_object_detection__istockphoto-1278040230-612x612_jpg.rf.5a4eb625bda54b5203847ed5ecbc9b52__8c26cbe4a2.jpg,0,0,0,source_annotation_pending_spot_check
fastener_object_detection,train,fastener_object_detection__istockphoto-1278311196-612x612_jpg.rf.229e15243c41d697502e3ed7a5e4c470__f40de6b622.jpg,0,0,0,source_annotation_pending_spot_check
fastener_object_detection,train,fastener_object_detection__istockphoto-1280320980-612x612_jpg.rf.025b976834b8528008b55c4b650f8a36__b5cedfe65c.jpg,0,0,0,source_annotation_pending_spot_check
fastener_object_detection,train,fastener_object_detection__istockphoto-1281245155-612x612_jpg.rf.19e658dfcfd6255b26c09cc670661e0b__795ac32b92.jpg,0,0,0,source_annotation_pending_spot_check
fastener_object_detection,train,fastener_object_detection__istockphoto-1283233811-612x612_jpg.rf.8217feedacbbe620357ef17717bfa16e__db7856312f.jpg,0,0,0,source_annotation_pending_spot_check
fastener_object_detection,train,fastener_object_detection__istockphoto-1288670165-612x612_jpg.rf.942d5fe2a8fafec8e66dc7dbf0025f74__64c3b6f235.jpg,0,0,0,source_annotation_pending_spot_check
fastener_object_detection,train,fastener_object_detection__istockphoto-1290469811-612x612_jpg.rf.0bb69004a988f39ae81505fd4fefcef8__3f5ab62e3b.jpg,0,0,0,source_annotation_pending_spot_check
fastener_object_detection,train,fastener_object_detection__istockphoto-1290472679-612x612_jpg.rf.2f91d97851bb6745df0287ae66d226c5__f34fa5a4f6.jpg,0,0,0,source_annotation_pending_spot_check
fastener_object_detection,train,fastener_object_detection__istockphoto-1291003184-612x612_jpg.rf.6547ed7f4ca3362a7fb9e777c6a515ed__6bec944a21.jpg,0,0,0,source_annotation_pending_spot_check
fastener_object_detection,train,fastener_object_detection__istockphoto-1295399852-612x612_jpg.rf.2ff7e7cbcff8d0cb91ee2d9172e708d0__f6059522af.jpg,0,0,1,source_annotation_pending_spot_check
fastener_object_detection,train,fastener_object_detection__istockphoto-1296239106-612x612_jpg.rf.50ac2264163abce5b5258354d321fa5d__1d5a48f2d9.jpg,0,0,0,source_annotation_pending_spot_check
fastener_object_detection,train,fastener_object_detection__istockphoto-1296729065-612x612_jpg.rf.0c1ef94cc85f78f1f8e9275d8d4a15d0__fe34278a0f.jpg,0,0,0,source_annotation_pending_spot_check
fastener_object_detection,train,fastener_object_detection__istockphoto-1297438859-612x612_jpg.rf.a26c4f5565b622fc781973ad6caa167f__9852649954.jpg,0,0,0,source_annotation_pending_spot_check
fastener_object_detection,train,fastener_object_detection__istockphoto-1300731522-612x612_jpg.rf.9f20109eeae1d467db4eefc3f15a8b3e__f01e06b7f1.jpg,0,0,0,source_annotation_pending_spot_check
fastener_object_detection,train,fastener_object_detection__istockphoto-1301087240-612x612_jpg.rf.36555804d342ab65080b2d445e139213__1736e931ce.jpg,0,0,0,source_annotation_pending_spot_check
fastener_object_detection,train,fastener_object_detection__istockphoto-1302156892-612x612_jpg.rf.af420d0c7a7078dbdea3397450e02ad4__62a396b708.jpg,0,0,0,source_annotation_pending_spot_check
fastener_object_detection,train,fastener_object_detection__istockphoto-1302156895-612x612_jpg.rf.8b51faceaaf4e5366e850fa860d75550__66af669095.jpg,0,0,0,source_annotation_pending_spot_check
fastener_object_detection,train,fastener_object_detection__istockphoto-1302156896-612x612_jpg.rf.b12aa75c9909a1fed114d4df73144850__b09fbc7cf0.jpg,0,0,0,source_annotation_pending_spot_check
fastener_object_detection,train,fastener_object_detection__istockphoto-1302157054-612x612_jpg.rf.326980732f6ebebc6e3acc833f46a0e9__bd98609b50.jpg,0,0,0,source_annotation_pending_spot_check
fastener_object_detection,train,fastener_object_detection__istockphoto-1302386859-612x612_jpg.rf.471a21aee9ed623302a0346b644dab8f__fa9695ca4b.jpg,0,0,0,source_annotation_pending_spot_check
fastener_object_detection,train,fastener_object_detection__istockphoto-1302627584-612x612_jpg.rf.5d1200d2d659d8e509b38411c9ee7482__9b917b69a1.jpg,0,0,0,source_annotation_pending_spot_check
fastener_object_detection,train,fastener_object_detection__istockphoto-1302642577-612x612_jpg.rf.08b90efb5fbc7b6cfe87028beccdbc59__c57a098527.jpg,0,0,0,source_annotation_pending_spot_check
fastener_object_detection,train,fastener_object_detection__istockphoto-1302782184-612x612_jpg.rf.ba936124ecac2b68666bb30141c5817a__0659381a07.jpg,0,0,0,source_annotation_pending_spot_check
fastener_object_detection,train,fastener_object_detection__istockphoto-1302923339-612x612_jpg.rf.0dd086dd8b755ec862d543a0d2b0b877__5261c96f00.jpg,0,0,0,source_annotation_pending_spot_check
fastener_object_detection,train,fastener_object_detection__istockphoto-1303657330-612x612_jpg.rf.330e1eb0c6d929e44c24a2e84a9982c8__39824a0685.jpg,0,0,0,source_annotation_pending_spot_check
fastener_object_detection,train,fastener_object_detection__istockphoto-1304683131-612x612_jpg.rf.1708a38197f1db3e43ea50662402666a__8eb4f5ef94.jpg,0,0,0,source_annotation_pending_spot_check
fastener_object_detection,train,fastener_object_detection__istockphoto-1306416920-612x612_jpg.rf.e04269a62fb6208c2f933b8f96b5e4bd__af44d2c636.jpg,0,0,0,source_annotation_pending_spot_check
fastener_object_detection,train,fastener_object_detection__istockphoto-1308488510-612x612_jpg.rf.f46c1cd52ef69901152d6260fff6684b__1ca4a18d2c.jpg,0,0,0,source_annotation_pending_spot_check
fastener_object_detection,train,fastener_object_detection__istockphoto-1310294639-612x612_jpg.rf.e0ab0a195cb04396f35b702d092752b5__249ec0b686.jpg,0,0,0,source_annotation_pending_spot_check
fastener_object_detection,train,fastener_object_detection__istockphoto-1311057378-612x612_jpg.rf.71b43462bb4ce220207827d3761a885f__f137e22c9a.jpg,0,0,0,source_annotation_pending_spot_check
fastener_object_detection,train,fastener_object_detection__istockphoto-1311197649-612x612_jpg.rf.0fd52436abff9505c09eb6c2008df9e4__ae8c89c2f5.jpg,0,0,1,source_annotation_pending_spot_check
fastener_object_detection,train,fastener_object_detection__istockphoto-1316028161-612x612_jpg.rf.c710ae2e3c052df00edbc1d68e09c0f1__f2185fb129.jpg,0,0,0,source_annotation_pending_spot_check
fastener_object_detection,train,fastener_object_detection__istockphoto-1316865431-612x612_jpg.rf.97ad271bc7624c3a4efb974c41812308__5ad4ca9f36.jpg,0,0,0,source_annotation_pending_spot_check
fastener_object_detection,train,fastener_object_detection__istockphoto-1317659939-612x612_jpg.rf.9a527118646158c745bfe8c5c3091c91__e03507a3eb.jpg,0,0,0,source_annotation_pending_spot_check
fastener_object_detection,train,fastener_object_detection__istockphoto-1320958461-612x612_jpg.rf.b775d0ee84b3ae4b8bc16641e86e2d25__831965f9db.jpg,0,0,0,source_annotation_pending_spot_check
fastener_object_detection,train,fastener_object_detection__istockphoto-1321986552-612x612_jpg.rf.2f917941b66394577fe9f5cb09d6c998__822b27a9ea.jpg,0,0,0,source_annotation_pending_spot_check
fastener_object_detection,train,fastener_object_detection__istockphoto-1321986582-612x612_jpg.rf.129f2cb24428f6ef7f0544aad065dfc8__56066b2d87.jpg,0,0,0,source_annotation_pending_spot_check
fastener_object_detection,train,fastener_object_detection__istockphoto-1322743371-612x612_jpg.rf.1137cfc9cd21a5d516d35fc258491752__558eb26051.jpg,0,0,0,source_annotation_pending_spot_check
fastener_object_detection,train,fastener_object_detection__istockphoto-1323744558-612x612_jpg.rf.04f6be8154648970e0e044b864697478__02ab5f5914.jpg,0,0,0,source_annotation_pending_spot_check
fastener_object_detection,train,fastener_object_detection__istockphoto-1325087572-612x612_jpg.rf.191b95179165611eaf284941def1924e__4f4cd9252a.jpg,0,0,0,source_annotation_pending_spot_check
fastener_object_detection,train,fastener_object_detection__istockphoto-1330689519-612x612_jpg.rf.434de7f8a38528a72c3645ba29ad123c__9b5b90c800.jpg,0,0,0,source_annotation_pending_spot_check
fastener_object_detection,train,fastener_object_detection__istockphoto-1331442096-612x612_jpg.rf.f76b563f9cca7b12b3820d12d8f25167__173efb033a.jpg,0,0,0,source_annotation_pending_spot_check
fastener_object_detection,train,fastener_object_detection__istockphoto-1332139441-612x612_jpg.rf.2f5c907eff27d78d35a6ba8d7564f9b3__3c13eecd48.jpg,0,0,0,source_annotation_pending_spot_check
fastener_object_detection,train,fastener_object_detection__istockphoto-1332147816-612x612_jpg.rf.bad104ec3fa043a5087d6cf4c02b3155__0699a1153a.jpg,0,0,0,source_annotation_pending_spot_check
fastener_object_detection,train,fastener_object_detection__istockphoto-1333282702-612x612_jpg.rf.4391886c0e242d2e7c1284f3f88d7d89__d7627e0f5a.jpg,0,0,0,source_annotation_pending_spot_check
fastener_object_detection,train,fastener_object_detection__istockphoto-1333405487-612x612_jpg.rf.a212dc0e78d2965c24b6276b070435cb__e88b58c3c0.jpg,0,0,0,source_annotation_pending_spot_check
fastener_object_detection,train,fastener_object_detection__istockphoto-1337914952-612x612_jpg.rf.a1ba6d9743dab44bfbdd9f58c23ca05b__dddc810e7f.jpg,0,0,0,source_annotation_pending_spot_check
fastener_object_detection,train,fastener_object_detection__istockphoto-1338954004-612x612_jpg.rf.eea486c87226703148c98e3f693a053f__82e7259c74.jpg,0,0,0,source_annotation_pending_spot_check
fastener_object_detection,train,fastener_object_detection__istockphoto-1340673933-612x612_jpg.rf.5cbd6eb4fbb86c762290f3a64fc86a20__354504abb5.jpg,0,0,0,source_annotation_pending_spot_check
fastener_object_detection,train,fastener_object_detection__istockphoto-1340673956-612x612_jpg.rf.88953797af70ea3dc0919cbad52e4d53__c2668b84a7.jpg,0,0,0,source_annotation_pending_spot_check
fastener_object_detection,train,fastener_object_detection__istockphoto-1341174518-612x612_jpg.rf.738b89b3bcb8221937d940ac10887e1f__d223c35f3d.jpg,0,0,0,source_annotation_pending_spot_check
fastener_object_detection,train,fastener_object_detection__istockphoto-1342082390-612x612_jpg.rf.63d610e3668345b13d029f55657704f0__7568e1b8bf.jpg,0,0,0,source_annotation_pending_spot_check
fastener_object_detection,train,fastener_object_detection__istockphoto-1343305006-612x612_jpg.rf.44e140ed0cf117e8c93ea364941a7d79__7c83f4a0db.jpg,0,0,0,source_annotation_pending_spot_check
fastener_object_detection,train,fastener_object_detection__istockphoto-1345244644-612x612_jpg.rf.e5deea706301c1e7067108973036334c__cc651ead0c.jpg,0,0,0,source_annotation_pending_spot_check
fastener_object_detection,train,fastener_object_detection__istockphoto-1348992665-612x612_jpg.rf.5dbcac2fa3f09fe1d96365986b2d6a12__4f1f2c52d3.jpg,0,0,0,source_annotation_pending_spot_check
fastener_object_detection,train,fastener_object_detection__istockphoto-1350065105-612x612_jpg.rf.57ce492dd03e5ea2869a6f644f19cccf__c5d2b0facd.jpg,0,0,0,source_annotation_pending_spot_check
fastener_object_detection,train,fastener_object_detection__istockphoto-1353833877-612x612_jpg.rf.6912723d1a7113eee27e475a0f32cfc4__76c2ba8d35.jpg,0,0,0,source_annotation_pending_spot_check
fastener_object_detection,train,fastener_object_detection__istockphoto-1353833879-612x612_jpg.rf.d060df62ad7cc2b4864c185456bcebc0__d647bb855d.jpg,0,0,0,source_annotation_pending_spot_check
fastener_object_detection,train,fastener_object_detection__istockphoto-1353833908-612x612_jpg.rf.2559fcb386dd6203e1daf5c2e48ae4af__a808957999.jpg,0,0,0,source_annotation_pending_spot_check
fastener_object_detection,train,fastener_object_detection__istockphoto-1353833910-612x612_jpg.rf.42430f20c683feffd69ef2e8655ca8d4__4da70be4f8.jpg,0,0,0,source_annotation_pending_spot_check
fastener_object_detection,train,fastener_object_detection__istockphoto-1355977132-612x612_jpg.rf.08cf92710f029645bc08603095091ebc__5710343b7b.jpg,0,0,0,source_annotation_pending_spot_check
fastener_object_detection,train,fastener_object_detection__istockphoto-1363108073-612x612_jpg.rf.419c17e26305d5ca1bc6d3ccfb4d9e6b__a23f1bb3c0.jpg,0,0,0,source_annotation_pending_spot_check
fastener_object_detection,train,fastener_object_detection__istockphoto-1366105901-612x612_jpg.rf.3f1088b9e154e0417c2188b4ddd5fbf0__783ea07058.jpg,0,0,0,source_annotation_pending_spot_check
fastener_object_detection,train,fastener_object_detection__istockphoto-1368975561-612x612_jpg.rf.3dba8578eacb6d330256140bf5534123__ce94fd889a.jpg,0,0,0,source_annotation_pending_spot_check
fastener_object_detection,train,fastener_object_detection__istockphoto-1369805255-612x612_jpg.rf.29ca578496b7ae40229dd288cf6554f3__266376fe40.jpg,0,0,0,source_annotation_pending_spot_check
fastener_object_detection,train,fastener_object_detection__istockphoto-1369805279-612x612_jpg.rf.37384c51aa0249ab6b45a0fdf6ac70d2__989e97f49a.jpg,0,0,0,source_annotation_pending_spot_check
fastener_object_detection,train,fastener_object_detection__istockphoto-1370122658-612x612_jpg.rf.8ff579e18ee646a3d4fe7d376c9a029c__e967eaac70.jpg,0,0,0,source_annotation_pending_spot_check
fastener_object_detection,train,fastener_object_detection__istockphoto-1370293801-612x612_jpg.rf.e955d1c44fc4858d054a6280ed505761__6dfb90049b.jpg,0,0,0,source_annotation_pending_spot_check
fastener_object_detection,train,fastener_object_detection__istockphoto-1370297379-612x612_jpg.rf.26730253189696a015321f160f7c3e95__42bd8f2de9.jpg,0,0,0,source_annotation_pending_spot_check
fastener_object_detection,train,fastener_object_detection__istockphoto-1370956908-612x612_jpg.rf.8c61bd51d9a1a6ec6b068c5d4e08bde0__2b6b931562.jpg,0,0,0,source_annotation_pending_spot_check
fastener_object_detection,train,fastener_object_detection__istockphoto-1371047593-612x612_jpg.rf.278c092903418c3872bed9096e59c0fd__99e41124f6.jpg,0,0,0,source_annotation_pending_spot_check
fastener_object_detection,train,fastener_object_detection__istockphoto-1371142652-612x612_jpg.rf.980b65280ec19f9198dc29e1abb35c37__fa06385ce5.jpg,0,0,0,source_annotation_pending_spot_check
fastener_object_detection,train,fastener_object_detection__istockphoto-1372356577-612x612_jpg.rf.fdaa1eaf25a3487549e3a84a9c6cfb97__3790908892.jpg,0,0,0,source_annotation_pending_spot_check
fastener_object_detection,train,fastener_object_detection__istockphoto-1372357578-612x612_jpg.rf.dbd1819fb4320122c5139602ca664686__e7366abe40.jpg,0,0,0,source_annotation_pending_spot_check
fastener_object_detection,train,fastener_object_detection__istockphoto-157581287-612x612_jpg.rf.dcfd8f55302a0889ea55fc18ec00e92d__466fa8b065.jpg,0,0,0,source_annotation_pending_spot_check
fastener_object_detection,train,fastener_object_detection__istockphoto-171237538-612x612_jpg.rf.e8956728b42a04a19570dbf808e142d6__1f22e29d15.jpg,0,0,0,source_annotation_pending_spot_check
fastener_object_detection,train,fastener_object_detection__istockphoto-172252280-612x612_jpg.rf.38a522435730e30972a2cf2b09f9fd3b__334a9f5232.jpg,0,0,0,source_annotation_pending_spot_check
fastener_object_detection,train,fastener_object_detection__istockphoto-172346776-612x612_jpg.rf.f2c22442fa966a97448c508dac9d55b1__7ae8c00370.jpg,0,0,0,source_annotation_pending_spot_check
fastener_object_detection,train,fastener_object_detection__istockphoto-176113373-612x612_jpg.rf.89ef864f04644fea349cc2a04cf4f086__7adf3d1bec.jpg,0,0,0,source_annotation_pending_spot_check
fastener_object_detection,train,fastener_object_detection__istockphoto-176960231-612x612_jpg.rf.f7425559b3ed5bd500a7e73b9846879e__715c170562.jpg,0,0,0,source_annotation_pending_spot_check
fastener_object_detection,train,fastener_object_detection__istockphoto-180701339-612x612_jpg.rf.45273d990a86113d005a7c4a5bdadf4e__d4416d8b7c.jpg,0,0,0,source_annotation_pending_spot_check
fastener_object_detection,train,fastener_object_detection__istockphoto-182066803-612x612_jpg.rf.69400d359e51be63eaea9f539a02413f__ede532eeee.jpg,0,0,0,source_annotation_pending_spot_check
fastener_object_detection,train,fastener_object_detection__istockphoto-182245450-612x612_jpg.rf.c1cf1c6e78e5bb35459a614ae1246bc5__97ee2afaed.jpg,0,0,0,source_annotation_pending_spot_check
fastener_object_detection,train,fastener_object_detection__istockphoto-182712935-612x612_jpg.rf.c9564fc16eb26007b7e13c525cfa09a3__a4bcdd8640.jpg,0,0,0,source_annotation_pending_spot_check
fastener_object_detection,train,fastener_object_detection__istockphoto-183354667-612x612_jpg.rf.cf82c7acf0b6fd1ea75963fdedf98335__b642758535.jpg,0,0,0,source_annotation_pending_spot_check
fastener_object_detection,train,fastener_object_detection__istockphoto-184998616-612x612_jpg.rf.53b762741a4d3ebf1a4ac98694ccdb23__b37ae078d7.jpg,0,0,0,source_annotation_pending_spot_check
fastener_object_detection,train,fastener_object_detection__istockphoto-471100565-612x612_jpg.rf.64eac47bac66dce4a849f65539283772__9fbf1661aa.jpg,0,0,0,source_annotation_pending_spot_check
fastener_object_detection,train,fastener_object_detection__istockphoto-487915792-612x612_jpg.rf.552316c5e1bcf78e134ba7e1c29144d1__e9d3ccfb09.jpg,0,0,0,source_annotation_pending_spot_check
fastener_object_detection,train,fastener_object_detection__istockphoto-498152490-612x612_jpg.rf.6a33ea989d4303908b23b8afbf13dbc4__712cffcda5.jpg,0,0,0,source_annotation_pending_spot_check
fastener_object_detection,train,fastener_object_detection__istockphoto-499192417-612x612_jpg.rf.6498ee19cfe468ad8b90b9a547f886f0__e72fab2b8d.jpg,0,0,0,source_annotation_pending_spot_check
fastener_object_detection,train,fastener_object_detection__istockphoto-509645069-612x612_jpg.rf.841347dccc5e6f1772bc6bbb1fad74e0__98ad4be3a7.jpg,0,0,0,source_annotation_pending_spot_check
fastener_object_detection,train,fastener_object_detection__istockphoto-521002845-612x612_jpg.rf.77feb7443f63faf768a98f99455847ba__1d5ed19229.jpg,0,0,0,source_annotation_pending_spot_check
fastener_object_detection,train,fastener_object_detection__istockphoto-531610139-612x612_jpg.rf.690db768f2c8f823ecc4f960c54e7035__007abe9c6f.jpg,0,0,0,source_annotation_pending_spot_check
fastener_object_detection,train,fastener_object_detection__istockphoto-534119202-612x612_jpg.rf.3f5ba530eb400efc6a05b596bcfe1432__5d2af9334f.jpg,0,0,0,source_annotation_pending_spot_check
fastener_object_detection,train,fastener_object_detection__istockphoto-613751418-612x612_jpg.rf.41440beee185d5edd59d92fc634b58a0__09e2abd832.jpg,0,0,0,source_annotation_pending_spot_check
fastener_object_detection,train,fastener_object_detection__istockphoto-613751524-612x612_jpg.rf.9ba38eaca1a180a7fa87fa1c382f1735__28ea0a14a3.jpg,0,0,0,source_annotation_pending_spot_check
fastener_object_detection,train,fastener_object_detection__istockphoto-613751980-612x612_jpg.rf.61ea1f2744cfd67e47d3fad356bf89e4__92278732ac.jpg,0,0,0,source_annotation_pending_spot_check
fastener_object_detection,train,fastener_object_detection__istockphoto-613752066-612x612_jpg.rf.6d09b4c933892c46ee2bc4ae61d4a4d9__f4b5a673da.jpg,0,0,0,source_annotation_pending_spot_check
fastener_object_detection,train,fastener_object_detection__istockphoto-654654644-612x612_jpg.rf.3dc00597e5b5b304f58113142cfb6c55__bedfc9d545.jpg,0,0,0,source_annotation_pending_spot_check
fastener_object_detection,train,fastener_object_detection__istockphoto-663095298-612x612_jpg.rf.354ba3a33f6dcbbb28dcf014a875fb8d__1a3177cc89.jpg,0,0,0,source_annotation_pending_spot_check
fastener_object_detection,train,fastener_object_detection__istockphoto-663941196-612x612_jpg.rf.9354b26b6a2fac688276a88baa1a0812__17b34e5393.jpg,0,0,0,source_annotation_pending_spot_check
fastener_object_detection,train,fastener_object_detection__istockphoto-674101562-612x612_jpg.rf.19aab0dfc6a55d24ee2052b77eb7dbd1__f7fc09e6aa.jpg,0,0,0,source_annotation_pending_spot_check
fastener_object_detection,train,fastener_object_detection__istockphoto-840827026-612x612_jpg.rf.4c3fb6000756763f30608a60cefebaf9__8aab171652.jpg,0,0,0,source_annotation_pending_spot_check
fastener_object_detection,train,fastener_object_detection__istockphoto-854433880-612x612_jpg.rf.b8e1ca39fa2d9ee8d81ebdcf6690c923__7af8c4e1f3.jpg,0,0,0,source_annotation_pending_spot_check
fastener_object_detection,train,fastener_object_detection__istockphoto-91389738-612x612_jpg.rf.8926e9c4a72e4b320d9f3476ac7afd06__92d59d4280.jpg,0,0,0,source_annotation_pending_spot_check
fastener_object_detection,train,fastener_object_detection__istockphoto-916241964-170667a_jpg.rf.a930ae571f8410baf5692a27dccd3a1e__877be34043.jpg,0,0,0,source_annotation_pending_spot_check
fastener_object_detection,train,fastener_object_detection__istockphoto-922689036-612x612_jpg.rf.b940cd207b7541e22002435bd9f39989__48cfb14f2a.jpg,0,0,0,source_annotation_pending_spot_check
fastener_object_detection,train,fastener_object_detection__istockphoto-926362196-612x612_jpg.rf.0bc6536981c5e379e3ea20d8d6e2af41__0349899e58.jpg,0,0,0,source_annotation_pending_spot_check
fastener_object_detection,train,fastener_object_detection__istockphoto-93269531-612x612_jpg.rf.cc9ef65f96134ce95616c61bbfc82371__076fab451a.jpg,0,0,0,source_annotation_pending_spot_check
fastener_object_detection,train,fastener_object_detection__istockphoto-94025976-612x612_jpg.rf.f614b3c71215625283a4828f02916f82__7ac3acc1c2.jpg,0,0,0,source_annotation_pending_spot_check
fastener_object_detection,train,fastener_object_detection__istockphoto-941808860-612x612_jpg.rf.cf8041651674ebd73f8ef9d2fc5938f7__6067c05aad.jpg,0,0,0,source_annotation_pending_spot_check
fastener_object_detection,train,fastener_object_detection__istockphoto-946693290-612x612_jpg.rf.dc771580316f4fae4317b3115c9bc26d__2b5e624bba.jpg,0,0,0,source_annotation_pending_spot_check
fastener_object_detection,train,fastener_object_detection__istockphoto-956134310-1024x1024_jpg.rf.1d5952c7d85fb15cc81615e5e9aa1764__eb5ff0be1f.jpg,0,0,1,source_annotation_pending_spot_check
fastener_object_detection,train,fastener_object_detection__item-phil-flat-type-f-zp__81705_jpg.rf.abbcf6d192e09d9217cd57f0bf4a44ab__3ac7dfca2d.jpg,0,0,1,source_annotation_pending_spot_check
fastener_object_detection,train,fastener_object_detection__item-phil-pan-sms-yz__13905_jpg.rf.b0c199f6f5a11845d55db9bea58cd96a__89ac2aea8b.jpg,0,0,1,source_annotation_pending_spot_check
fastener_object_detection,train,fastener_object_detection__item-shwh-ms-zp__97664_jpg.rf.c7da4b3669d55e98b5ff3aee82bf7e2d__396342c2d5.jpg,0,0,1,source_annotation_pending_spot_check
fastener_object_detection,train,fastener_object_detection__item-shwh-sds-zp__66426_jpg.rf.3fa8a84fc5141d89676a151e0a805163__67e21ffc1d.jpg,0,0,1,source_annotation_pending_spot_check
fastener_object_detection,train,fastener_object_detection__item-slot-flat-machine-br__31141_jpg.rf.4c775ba30f399c544c467fa4c6c1d54d__a1f600a76c.jpg,0,0,1,source_annotation_pending_spot_check
fastener_object_detection,train,fastener_object_detection__item-slot-flat-ms-zp__03292_jpg.rf.206c73ca57366b889a4a5262b524a722__b059c71187.jpg,0,0,1,source_annotation_pending_spot_check
fastener_object_detection,train,fastener_object_detection__item-slot-round-ms-br__87634_jpg.rf.061c3f75000ae38561e4298a38a4dbf4__3d9c565e65.jpg,0,0,1,source_annotation_pending_spot_check
fastener_object_detection,train,fastener_object_detection__item-slot-truss-ms-serr-zp__41347_jpg.rf.52533e9e706f3cfe71f27ef16b6344e2__363fb5b5b1.jpg,0,0,1,source_annotation_pending_spot_check
fastener_object_detection,train,fastener_object_detection__loosened-slotted-screw-from-different-perspectives-R6NA34_jpg.rf.59dfafaa2112bfaa609f79cb8252b01c__e1458d0925.jpg,0,0,6,source_annotation_pending_spot_check
fastener_object_detection,train,fastener_object_detection__lot-black-big-screws-lie-pile-white-background-close-up-hardware-fasteners-ironware-ironmongery-materials-191178294_jpg.rf.c0700f0b2276506024df12154eeee447__edff404c4d.jpg,0,0,0,source_annotation_pending_spot_check
fastener_object_detection,train,fastener_object_detection__lot-gray-black-screws-background-small-pile-table-103198173_jpg.rf.14ba64f45da01048ba820752ca4f9567__661a03b3ed.jpg,0,0,0,source_annotation_pending_spot_check
fastener_object_detection,train,fastener_object_detection__lot-screws-white-background-77758436_jpg.rf.9f27c0e4d1eaea8dd9f2d932fbb9ddfa__1b8eabcba0.jpg,0,0,0,source_annotation_pending_spot_check
fastener_object_detection,train,fastener_object_detection__M1-4-M4-Mini-Phillips-Pan-Head-Flat-Tail-Self-Tapping-Screws-Cross-Round-Head-Flat_jpg.rf.15dc4edf8b21e63da264bbfcfda0a7e6__ef8a4b7496.jpg,0,0,1,source_annotation_pending_spot_check
fastener_object_detection,train,fastener_object_detection__m5-8-x-12-mm-slotted-pan-head-machine-screw-zinc-plated-8758012__17716_jpg.rf.2a1f1d46b69a02ac4298727ffc0c7f8e__1f9b7f7cbd.jpg,0,0,2,source_annotation_pending_spot_check
fastener_object_detection,train,fastener_object_detection__machine-screw-socket-head-bass-hole-hexagon-socket-4-m5x8-class-88-steel_jpg.rf.1b71c914f52b8f690969462e5ee28eb3__9e60baef6d.jpg,0,0,0,source_annotation_pending_spot_check
fastener_object_detection,train,fastener_object_detection__machine-screws-stainless-steel-isolated-white-background-43675387_jpg.rf.c0dc4ace7633dbcce2739e89a394efcf__ef9496bb8b.jpg,0,0,0,source_annotation_pending_spot_check
fastener_object_detection,train,fastener_object_detection__machine_screw-slotted_pan-stainless-steel-self-colour_-_Copy_3e0e61b5-ea56-4fe9-9668-14a26d4b5685_jpg.rf.0bdb053867dc292dcbaeb0d2a545d539__89b18ab34b.jpg,0,0,1,source_annotation_pending_spot_check
fastener_object_detection,train,fastener_object_detection__macro-photo-screws-set-construction-abstraction-industrial-background-screw-steel-138927859_jpg.rf.87615604d63947b8a3cb1e89e51a1373__396829804a.jpg,0,0,0,source_annotation_pending_spot_check
fastener_object_detection,train,fastener_object_detection__macro-shot-metal-nut-isolated-260nw-1982540564_jpg.rf.e8a0b985b8685d28b9684feb20f9e989__b535d99e99.jpg,0,0,1,source_annotation_pending_spot_check
fastener_object_detection,train,fastener_object_detection__macro-view-crosshead-screw-head-wood-macro-view-screw-head-wood-254923352_jpg.rf.4dbffbcfbe925d0dc68c13b909032739__144193a898.jpg,0,0,1,source_annotation_pending_spot_check
fastener_object_detection,train,fastener_object_detection__many-little-screws-lot-macro-photo-67948323_jpg.rf.b97a21dcf239d0aa4f33b4bd85643db0__69ce8bf245.jpg,0,0,0,source_annotation_pending_spot_check
fastener_object_detection,train,fastener_object_detection__many-screws-white-background-69895634_jpg.rf.d92167bfc274c9a9da938f108971fc83__9acb9855d9.jpg,0,0,0,source_annotation_pending_spot_check
fastener_object_detection,train,fastener_object_detection__many-self-tapping-screws-background-many-self-tapping-screws-background-working-tools-close-up-123003107_jpg.rf.91b0735adea8301f51b8e69409c41267__6f75e9329a.jpg,0,0,0,source_annotation_pending_spot_check
fastener_object_detection,train,fastener_object_detection__many-self-tapping-screws-background-many-self-tapping-screws-background-working-tools-close-up-124299883_jpg.rf.3c809d4801753d219f379c37e6b0c3e4__ca6503ce04.jpg,0,0,0,source_annotation_pending_spot_check
fastener_object_detection,train,fastener_object_detection__many-silver-screws-toned-grey-isolated-white-as-background-77974510_jpg.rf.839f6c2e27f5f7d9afd68ba91d2102fe__18ee8d949c.jpg,0,0,0,source_annotation_pending_spot_check
fastener_object_detection,train,fastener_object_detection__many-silver-screws-toned-grey-pile-isolated-white-78252328_jpg.rf.24b372b52aa73b5944e4dfb3a151b3a0__824983b139.jpg,0,0,0,source_annotation_pending_spot_check
fastener_object_detection,train,fastener_object_detection__many-small-screws-many-small-screws-large-head-154615881_jpg.rf.0a25ee5289d10844d52608f907a5300f__63953d7829.jpg,0,0,0,source_annotation_pending_spot_check
fastener_object_detection,train,fastener_object_detection__metal-screws-industrial-concept-new-metallic-screw-white-background-117561277_jpg.rf.d95ecbd3ecb94bf292cc32553a1b4e98__71cc200150.jpg,0,0,0,source_annotation_pending_spot_check
fastener_object_detection,train,fastener_object_detection__metal-screws-metal-screws-fastening-construction-118919253_jpg.rf.e6ec449c40c422e79d273e5b30495e9e__2004d9f2c4.jpg,0,0,0,source_annotation_pending_spot_check
fastener_object_detection,train,fastener_object_detection__metal-screws-stack-wooden-background-metal-screws-stack-wooden-background-215390351_jpg.rf.11f53a3a82e36a023b584563753444d9__9381b8fdc6.jpg,0,0,0,source_annotation_pending_spot_check
fastener_object_detection,train,fastener_object_detection__metal-screws-tool-white-isolated-background-49189636_jpg.rf.e80e9fc89a491d59935822e2a5e1b306__e1cfff1aba.jpg,0,0,0,source_annotation_pending_spot_check
fastener_object_detection,train,fastener_object_detection__metal-screws-with-cross-head-screwdriver-slot-lie_268192-943_jpg.rf.4aba89b34b0b2f0ed069de9488674723__53c3ee9441.jpg,0,0,1,source_annotation_pending_spot_check
fastener_object_detection,train,fastener_object_detection__MiConv-com__images-2023-05-09T154106-784_jpg.rf.27ddad89e2fba2948372aeaad94716c9__54e3787f0f.jpg,0,0,3,source_annotation_pending_spot_check
fastener_object_detection,train,fastener_object_detection__MiConv-com__images-2023-05-09T154129-478_jpg.rf.26b0925ae7baec52b4039529e00178bb__637af121c1.jpg,0,0,1,source_annotation_pending_spot_check
fastener_object_detection,train,fastener_object_detection__MiConv-com__images-2023-05-09T154129-697_jpg.rf.137fca9f05b6de2db62f85068f3b3c0f__b7dfd5c3de.jpg,0,0,1,source_annotation_pending_spot_check
fastener_object_detection,train,fastener_object_detection__MiConv-com__images-2023-05-09T154136-242-1-_jpg.rf.ca8041c6428393f8b3313d26a8ec2d5e__0c725e8fe2.jpg,0,0,1,source_annotation_pending_spot_check
fastener_object_detection,train,fastener_object_detection__MiConv-com__tai-xuong-5-1-_jpg.rf.b8583c74486afecdb74a34a7775236f6__4e70c83611.jpg,0,0,1,source_annotation_pending_spot_check
fastener_object_detection,train,fastener_object_detection__MiConv-com__tai-xuong-7-_jpg.rf.d7ad744bb3b7014c46c036ce1002d43c__6bbdba2f2f.jpg,0,0,1,source_annotation_pending_spot_check
fastener_object_detection,train,fastener_object_detection__mini-skater-m3-cross-flat-head-tapping-wood-screws_jpg.rf.13dc0f1edde26893e9f2ed549f99c4cc__d57bc6262c.jpg,0,0,1,source_annotation_pending_spot_check
fastener_object_detection,train,fastener_object_detection__new-small-screws-isolated-white-background-72687530_jpg.rf.0bfa46586b0490e1ba2d8f12932df85f__c0cdf97ab0.jpg,0,0,0,source_annotation_pending_spot_check
fastener_object_detection,train,fastener_object_detection__no-4-24-x-3-8-phillips-pan-head-head-self-tapping-screw-screw-cadmium-plated-ms5186114__87097_jpg.rf.a5d86cc79c515197b3acb74d7355c49d__1459c1701f.jpg,0,0,1,source_annotation_pending_spot_check
fastener_object_detection,train,fastener_object_detection__no-8-32-x-5-8-cross-recessed-washer-head-structural-machine-screw-cadmium-plated-an525832r10__40412_jpg.rf.98b6c4ea3a654ad9216e0e2e8402025f__6f5a9643fb.jpg,0,0,2,source_annotation_pending_spot_check
fastener_object_detection,train,fastener_object_detection__nut-screw-tools-general-mechanic-nut-screw-tools-general-mechanic-natural-background-210850474_jpg.rf.02fb4ccbe2ec8a75e84dc5aaf1b175fd__f0e38cb7f4.jpg,0,0,1,source_annotation_pending_spot_check
fastener_object_detection,train,fastener_object_detection__old-rusty-screw-screwed-board-macro-261405559_jpg.rf.caeff2388207b0d81aeb1f6d7764ce35__023de4efc1.jpg,0,0,1,source_annotation_pending_spot_check
fastener_object_detection,test,fastener_object_detection__old-rusty-screw-screwed-board-macro-262251887_jpg.rf.165f9f538294ea5ea56648b578dc5e28__ae40fb6123.jpg,0,0,1,source_annotation_pending_spot_check
fastener_object_detection,train,fastener_object_detection__old-rusty-screw-screwed-board-macro-old-rusty-screw-screwed-board-262164766_jpg.rf.de786a082f50051749d63e977bbd7069__1f76b933a0.jpg,0,0,1,source_annotation_pending_spot_check
fastener_object_detection,train,fastener_object_detection__old-rusty-screw-screwed-board-macro-old-rusty-screw-screwed-board-262165867_jpg.rf.2f784d5ce1d1272eff6541f13c94db17__4bb3cc198a.jpg,0,0,1,source_annotation_pending_spot_check
fastener_object_detection,train,fastener_object_detection__one-gold-screw-pile-black-screws-isolated-white-background-one-gold-screw-pile-black-screws-isolated-white-174779652_jpg.rf.1cf3c3efc145613c1132ebd0d03529fc__f8845ceb59.jpg,0,0,0,source_annotation_pending_spot_check
fastener_object_detection,train,fastener_object_detection__one-gold-screw-pile-black-screws-isolated-white-background-one-gold-screw-pile-black-screws-isolated-white-174780086_jpg.rf.1e5928457ed4bee7310be2608c707ba8__0634b4fc49.jpg,0,0,0,source_annotation_pending_spot_check
fastener_object_detection,train,fastener_object_detection__pattern-background-of-various-screws-on-a-wooden-work-table-R9605P_jpg.rf.1fff162d051e170342a0e996938ec56c__9c35a49e7d.jpg,0,0,0,source_annotation_pending_spot_check
fastener_object_detection,train,fastener_object_detection__Phillips-Head-Screw-Round-Head-Cross-Recessed-Drive-Machi_jpg.rf.e10c8bfc80ffe1eed44fd2f5db0667cf__7f425935f3.jpg,0,0,1,source_annotation_pending_spot_check
fastener_object_detection,train,fastener_object_detection__Phillips-or-flat-image_jpg.rf.b2a7fedaaf82cdf51f7ecb7ba1919523__784d6640a8.jpg,0,0,4,source_annotation_pending_spot_check
fastener_object_detection,train,fastener_object_detection__phillips_jpg.rf.713ef533fbacf170525a7e151114fb38__8e931017f3.jpg,0,0,1,source_annotation_pending_spot_check
fastener_object_detection,train,fastener_object_detection__Phillips_screw_head_jpg.rf.3f35d9797a4e4cdbbcfb02bcdde7f609__0e5c816f1a.jpg,0,0,1,source_annotation_pending_spot_check
fastener_object_detection,train,fastener_object_detection__photo-black-steel-screws-wood-used-carpentry-handicrafts-industrial-household-black-steel-screws-wood-used-188720699_jpg.rf.d75fc8f50017f65d42a280e06cd33669__62847f5878.jpg,0,0,0,source_annotation_pending_spot_check
fastener_object_detection,train,fastener_object_detection__photo-pile-screws-wooden-table-surface-background-close-up-view-pile-screws-table-150277984_jpg.rf.b3a2c96ad200f35fd0d1f1c53cd7d4b2__a258ed5fcf.jpg,0,0,0,source_annotation_pending_spot_check
fastener_object_detection,train,fastener_object_detection__pile-black-screws-isolated-white-99756885_jpg.rf.68fbb720a2d54f72499c96db985b5a2a__a330920c33.jpg,0,0,0,source_annotation_pending_spot_check
fastener_object_detection,train,fastener_object_detection__pile-cross-head-wood-screws-pine-board-d-i-y-114981580_jpg.rf.81eb17997ab56058003f2afbf895e09d__392b7cbe67.jpg,0,0,0,source_annotation_pending_spot_check
fastener_object_detection,train,fastener_object_detection__pile-cylindrical-self-threading-sheet-metal-screws-combined-hex-cross-recessed-head-white-anti-corrosion-211921924_jpg.rf.2375bbb047360313386194ceb2f0e990__25a4655364.jpg,0,0,0,source_annotation_pending_spot_check
fastener_object_detection,train,fastener_object_detection__pile-industrial-screws-builders-88153175_jpg.rf.e01cb30897aa913a299f227ca32d88c0__4ae5d09039.jpg,0,0,0,source_annotation_pending_spot_check
fastener_object_detection,train,fastener_object_detection__pile-industrial-screws-builders-88153230_jpg.rf.c516c5dbc08e17e45156e37e117a705c__3590c3fdfd.jpg,0,0,0,source_annotation_pending_spot_check
fastener_object_detection,train,fastener_object_detection__pile-metal-screws-isolated-white-background-87309121_jpg.rf.96a5e93747b9b9341a98a1ea766367a4__ccb7e71104.jpg,0,0,0,source_annotation_pending_spot_check
fastener_object_detection,train,fastener_object_detection__pile-metal-screws-isolated-white-background-87489635_jpg.rf.4a722be24610a3cb2230f38d82300b28__d2c4467142.jpg,0,0,0,source_annotation_pending_spot_check
fastener_object_detection,train,fastener_object_detection__pile-metal-screws-isolated-white-background-90272964_jpg.rf.9a25d40e956e090cf432ebf5afbb1e67__0d48b6106d.jpg,0,0,0,source_annotation_pending_spot_check
fastener_object_detection,train,fastener_object_detection__pile-metal-screws-white-21964440_jpg.rf.b7fe9a404e1433c3c27e841967a16549__ed250038b1.jpg,0,0,0,source_annotation_pending_spot_check
fastener_object_detection,train,fastener_object_detection__pile-new-black-screws-isolated-white-background-pile-new-black-screws-isolated-white-background-210723384_jpg.rf.d701451459a88d424feed2be04e1c57e__c1cec5f930.jpg,0,0,0,source_annotation_pending_spot_check
fastener_object_detection,train,fastener_object_detection__pile-screws-6625473_jpg.rf.3ade9c2a03c6b89322e7d51672621d6d__3e61c4f9fa.jpg,0,0,0,source_annotation_pending_spot_check
fastener_object_detection,train,fastener_object_detection__pile-screws-close-up-gray-metal-142327122_jpg.rf.1366543ccb21338d64ff8379c033c7f5__91080deac4.jpg,0,0,0,source_annotation_pending_spot_check
fastener_object_detection,train,fastener_object_detection__pile-screws-closeup-table-53868530_jpg.rf.61eda1137ab472b8212dd2b51b655052__246ec49396.jpg,0,0,0,source_annotation_pending_spot_check
fastener_object_detection,train,fastener_object_detection__pile-screws-isolated-background-space-text-metal-products-fixed-to-details-white-189079974_jpg.rf.51cbc86cb4a8e64bf03c6362df4ee705__d70bb24d36.jpg,0,0,0,source_annotation_pending_spot_check
fastener_object_detection,train,fastener_object_detection__pile-screws-washers-pile-screws-washers-white-background-181939805_jpg.rf.1b65b80d435a2f6df1c5a45c8e1ae08e__561cb4744e.jpg,0,0,0,source_annotation_pending_spot_check
fastener_object_detection,train,fastener_object_detection__pile-steel-screws-isolated-42525221_jpg.rf.71bfe9f5321224c182ab2b9ac3191c89__3ae97e37b3.jpg,0,0,0,source_annotation_pending_spot_check
fastener_object_detection,train,fastener_object_detection__pile-steel-screws-white-background-pile-steel-screws-191429397_jpg.rf.f80526b8918088b632c313e51383ac9e__539d64c9ac.jpg,0,0,0,source_annotation_pending_spot_check
fastener_object_detection,train,fastener_object_detection__pile-wood-screws-27596804_jpg.rf.890f79362cd204b610227d135140261c__7ace81f733.jpg,0,0,0,source_annotation_pending_spot_check
fastener_object_detection,train,fastener_object_detection__pile-wood-screws-white-background-30372689_jpg.rf.f86c6b79e2a4c517fd871661f69e1f03__a55f3a7407.jpg,0,0,0,source_annotation_pending_spot_check
fastener_object_detection,train,fastener_object_detection__pile-wood-screws-white-background-73601037_jpg.rf.51272029f1b6ec8895fd4a09dc15eb71__a2089c7e43.jpg,0,0,0,source_annotation_pending_spot_check
fastener_object_detection,train,fastener_object_detection__portable-network-graphics-screw-vector-graphics-clip-art-nut-png-favpng-X2zxLuguXx4EUEp6V42BTu7xf_jpg.rf.586758e5620806cbe80874fccb3f60a7__53f014981c.jpg,0,0,0,source_annotation_pending_spot_check
fastener_object_detection,test,fastener_object_detection__prime-line-machine-screws-9011321-c3_600_jpg.rf.79ae1734e3910485de0b5badd44b391b__54ba6da07f.jpg,0,0,1,source_annotation_pending_spot_check
fastener_object_detection,train,fastener_object_detection__Prime-Line-Products_989468c49302eab2231265a8fc02d04c_jpeg_jpg.rf.29aeff65953121ebd74cce5dc86bebc5__ce25e728f3.jpg,0,0,0,source_annotation_pending_spot_check
fastener_object_detection,train,fastener_object_detection__prime-line-sheet-metal-screws-9159749-c3_600_jpg.rf.7e832da3795812bb0d2762e10331fa99__2d9b7411b4.jpg,0,0,1,source_annotation_pending_spot_check
fastener_object_detection,train,fastener_object_detection__prod-slotted-countersunk-machine-screws-a2-stainless-steel-metric-din-963-2_jpg.rf.fac6bd413bb2d84bdcf521d95f5e7614__1aee627862.jpg,0,0,1,source_annotation_pending_spot_check
fastener_object_detection,train,fastener_object_detection__R1247230-01_jpg.rf.9e8ca4d8afbf70df6bbc19a66118f39a__a1df4b84b0.jpg,0,0,0,source_annotation_pending_spot_check
fastener_object_detection,train,fastener_object_detection__random-pile-round-threaded-steel-screw-24300386_jpg.rf.82992b06698056b32836c5b3c837b79f__aa29d5930a.jpg,0,0,0,source_annotation_pending_spot_check
fastener_object_detection,train,fastener_object_detection__rusty-metal-with-screw-1567268_jpg.rf.6f86e171ac3c3bf776b6ba3f973e4ee3__987874c9e3.jpg,0,0,1,source_annotation_pending_spot_check
fastener_object_detection,train,fastener_object_detection__s-l1600-1-_jpg.rf.3f34f000a7153271b8db5a143c9eca4e__c2913b577f.jpg,0,0,1,source_annotation_pending_spot_check
fastener_object_detection,train,fastener_object_detection__s-l1600_jpg.rf.40637b23af3549e73a98a7e2ed8a120d__5170f74dd6.jpg,0,0,1,source_annotation_pending_spot_check
fastener_object_detection,test,fastener_object_detection__s-l400_jpg.rf.4023887ac0b56ba9367db5745ade54ff__24f1754e81.jpg,0,0,0,source_annotation_pending_spot_check
fastener_object_detection,train,fastener_object_detection__sc122-44_hobart_partsfe_jpg.rf.761330e77ef44d96753e73ebcd220052__67bf85452a.jpg,0,0,1,source_annotation_pending_spot_check
fastener_object_detection,train,fastener_object_detection__SC_8X58FPDZ-14379_jpg.rf.9735e7ebe6f96436e49076843c988a8e__7ca8a84fe5.jpg,0,0,1,source_annotation_pending_spot_check
fastener_object_detection,train,fastener_object_detection__scattering-black-screws-wood-construction-materials-scattering-black-screws-wood-construction-materials-150650109_jpg.rf.af7077311809f534931c1d2180381ac2__e390e2a571.jpg,0,0,0,source_annotation_pending_spot_check
fastener_object_detection,train,fastener_object_detection__screw-4215154_640_jpg.rf.7953f445b57ca8edf8e63f4bede4402c__4eb7b22ac5.jpg,0,0,1,source_annotation_pending_spot_check
fastener_object_detection,train,fastener_object_detection__screw-cap-light-background-top-view-screw-head-isolated-screw-cap-light-background-245551414_jpg.rf.a760541569aff2dd564cd907a8a91586__0920068b3b.jpg,0,0,1,source_annotation_pending_spot_check
fastener_object_detection,train,fastener_object_detection__screw-head-isolated-on-a-white-background-with-clipping-path-stock-photograph_csp46283197_jpg.rf.d57302a16a7c2c14b5cd0c042f31a271__d14642a169.jpg,0,0,1,source_annotation_pending_spot_check
fastener_object_detection,train,fastener_object_detection__screw-head-isolated-on-a-white-background-with-clipping-path-stock-photography_csp46283203_jpg.rf.157420209b0878ac7438da1c60d0a192__d9caf410c1.jpg,0,0,1,source_annotation_pending_spot_check
fastener_object_detection,train,fastener_object_detection__screw-head-stock-photography_csp3066820_jpg.rf.20456b8f2fb3e33ce1757d186e7ccd93__f8fa31ed4f.jpg,0,0,1,source_annotation_pending_spot_check
fastener_object_detection,train,fastener_object_detection__screw-head-with-cross-slots-close-up-on-blue-surface-BP0BEP_jpg.rf.b0e6cc270be8566143558b1363d99035__872d5b0ce0.jpg,0,0,1,source_annotation_pending_spot_check
fastener_object_detection,train,fastener_object_detection__screw-heads-isolated-on-white-F71P15_jpg.rf.498aec83928d7b73c12d1218b1b21f8e__f2bc3c5595.jpg,0,0,4,source_annotation_pending_spot_check
fastener_object_detection,train,fastener_object_detection__screw-heads-nuts-rivets-isolated-white-image-screw-heads-nuts-rivets-isolated-white-155088006_jpg.rf.6484668767ec730d44eefaedd65d82d9__ca234f9000.jpg,0,0,1,source_annotation_pending_spot_check
fastener_object_detection,train,fastener_object_detection__screwhex_jpg.rf.c9a49cfa023d23d0bc44ab9a1097d093__a0453d3133.jpg,0,0,1,source_annotation_pending_spot_check
fastener_object_detection,train,fastener_object_detection__screws-17848538_jpg.rf.789f7dab3a47cfb3f161fa29cfcf55da__8ea6252c22.jpg,0,0,0,source_annotation_pending_spot_check
fastener_object_detection,train,fastener_object_detection__screws-23618345_jpg.rf.ecf362a1f5ea915a02ed20858d4ef106__fafd09710e.jpg,0,0,0,source_annotation_pending_spot_check
fastener_object_detection,train,fastener_object_detection__screws-2_jpg.rf.0ffde81be71c05b6e7acb4fd2969100e__41d93c613e.jpg,0,0,2,source_annotation_pending_spot_check
fastener_object_detection,train,fastener_object_detection__screws-5_jpg.rf.26f0b9097f6cb5863a54bd81628c5c8b__c06d75bf0e.jpg,0,0,0,source_annotation_pending_spot_check
fastener_object_detection,train,fastener_object_detection__screws-628251_jpg.rf.88fc3a54b2580bab091cd4fe4d7c33b7__ddbd3341be.jpg,0,0,0,source_annotation_pending_spot_check
fastener_object_detection,train,fastener_object_detection__screws-background-industrial-metal-texture-small-silver-78765470_jpg.rf.ea7387e38cac0a245e9edb1ee5e845e9__4670e13331.jpg,0,0,0,source_annotation_pending_spot_check
fastener_object_detection,train,fastener_object_detection__screws-background-many-pile-78511963_jpg.rf.b3b98ef064306d2356d2c82fc1611752__70d48a5bbc.jpg,0,0,0,source_annotation_pending_spot_check
fastener_object_detection,train,fastener_object_detection__screws-black-background-creative-photo-screws-black-background-close-up-creative-photo-174952354_jpg.rf.36bfc09da5fdac98b941b89d6005fcee__52cd1d3567.jpg,0,0,0,source_annotation_pending_spot_check
fastener_object_detection,train,fastener_object_detection__screws-black-steel-background-lack-self-tapping-209507540_jpg.rf.a4a92c9f5ca1875b6e33bea066f3f63d__d1f0dad50f.jpg,0,0,0,source_annotation_pending_spot_check
fastener_object_detection,train,fastener_object_detection__screws-bunch-isolate-white-background-mounting-bolts-close-up-105543641_jpg.rf.78892a8088cfb51669cc29cc49447eee__9d659362b5.jpg,0,0,0,source_annotation_pending_spot_check
fastener_object_detection,train,fastener_object_detection__screws-close-up-pile-36942719_jpg.rf.c9549f15d8e8afddef25b9c70c05eee5__b61d38a93f.jpg,0,0,0,source_annotation_pending_spot_check
fastener_object_detection,train,fastener_object_detection__screws-construction-work-black-self-tapping-screw-screws-construction-work-126765080_jpg.rf.fe77998f9fdf7b1fe9b73f88b537d819__8d9444d448.jpg,0,0,0,source_annotation_pending_spot_check
fastener_object_detection,train,fastener_object_detection__screws-full-frame-background-showing-lots-long-60453668_jpg.rf.cefc9bdddb8edb7225e7b8c988298299__9405c7e276.jpg,0,0,0,source_annotation_pending_spot_check
fastener_object_detection,train,fastener_object_detection__screws-isolated-on-black-background-BBBK7R_jpg.rf.56d90e292a377de6d256aa4945b6ac10__6c20c97453.jpg,0,0,0,source_annotation_pending_spot_check
fastener_object_detection,train,fastener_object_detection__screws-on-black-background-2GBCA6J_jpg.rf.c8a086a8a925d2c075f5a63bca84534d__9e2f46bccf.jpg,0,0,0,source_annotation_pending_spot_check
fastener_object_detection,train,fastener_object_detection__screws-on-black-background-close-up-creative-photo-2B46JM5_jpg.rf.7beb05ed297a0a14e6d86610fb4f3f24__614fd13a5a.jpg,0,0,0,source_annotation_pending_spot_check
fastener_object_detection,train,fastener_object_detection__screws-pile-white-background-93236265_jpg.rf.cc23b52f2b8f14916470e43a15cd78f6__58fa27b893.jpg,0,0,0,source_annotation_pending_spot_check
fastener_object_detection,train,fastener_object_detection__screws-row-table-94091300_jpg.rf.7ddf51a70abe0b72c83e663f951c2208__a57ac8eca9.jpg,0,0,0,source_annotation_pending_spot_check
fastener_object_detection,train,fastener_object_detection__screws-short-steel-white-background-80452948_jpg.rf.fddb06b3c57fa41cf27a4929245f1881__cdb92dc5cb.jpg,0,0,0,source_annotation_pending_spot_check
fastener_object_detection,train,fastener_object_detection__screws-still-life-large-self-tapping-screws-on-white-background-2CD2612_jpg.rf.b7a8b6b4e969deae39d0f8db4700c2bf__e41a8f634f.jpg,0,0,0,source_annotation_pending_spot_check
fastener_object_detection,train,fastener_object_detection__screws-texture-heap-32824521_jpg.rf.0e28c7f2dddfa5dbd1425254b53fd0f5__5e055f059e.jpg,0,0,0,source_annotation_pending_spot_check
fastener_object_detection,train,fastener_object_detection__screws-white-background-113646065_jpg.rf.bb80c75e1714ca7f6d68e80340316bc5__334a7e4529.jpg,0,0,0,source_annotation_pending_spot_check
fastener_object_detection,train,fastener_object_detection__screws-white-background-screws-white-background-close-up-174183359_jpg.rf.4507ab9736f14e1309951139308abf97__c79a7826e4.jpg,0,0,0,source_annotation_pending_spot_check
fastener_object_detection,train,fastener_object_detection__self-tapping-screws-hardware-store-black-stand-row-wooden-table-162741305_jpg.rf.85dc911fd4bf9f317ac8ff3049647d8c__f73bb96afe.jpg,0,0,0,source_annotation_pending_spot_check
fastener_object_detection,train,fastener_object_detection__self-tapping-screws-press-washer-sheet-metal-high-quality-photo-self-tapping-screws-press-washer-sheet-metal-209657656_jpg.rf.60a18dd5023818652d52c6d99d277d95__8be290a458.jpg,0,0,0,source_annotation_pending_spot_check
fastener_object_detection,train,fastener_object_detection__six-metal-screws-isolated-white-background-86600026_jpg.rf.809d7cf0c206eaf3b05d85625a6a4105__081e4a5bf6.jpg,0,0,0,source_annotation_pending_spot_check
fastener_object_detection,train,fastener_object_detection__Slotted-Hex-Head-Setscrews-DIN-933-in-A2_jpg.rf.06a461fdd4efa6bb6c7595310befb9f2__4f6a09dc52.jpg,0,0,3,source_annotation_pending_spot_check
fastener_object_detection,train,fastener_object_detection__slotted-pan-head-machine-screw-18-8-stainless-steel-cat-resize-min_jpg.rf.0d3b41549e0240d22d76c5f2d1f78cbe__0698e00f07.jpg,0,0,1,source_annotation_pending_spot_check
fastener_object_detection,train,fastener_object_detection__small-pile-bronze-colored-screws-assortment-white-38496022_jpg.rf.9a951fbeb271526a1fe8eddd71a2bb70__ff1a5fed5f.jpg,0,0,0,source_annotation_pending_spot_check
fastener_object_detection,train,fastener_object_detection__SRS-21028210-Slotted-Machine-Screw_jpg.rf.859a31e2b59466e5c45138997e5c0762__6819fcde89.jpg,0,0,1,source_annotation_pending_spot_check
fastener_object_detection,train,fastener_object_detection__ss-slotted-round-head_jpg.rf.d8e50a7d2c2ea18cc673f30afce945c9__cfc218869c.jpg,0,0,1,source_annotation_pending_spot_check
fastener_object_detection,train,fastener_object_detection__SSFlatHeadSocketCapScrew__44304_jpg.rf.b55a1c7a7246e798ada10845edceaa6e__cbdaa90bac.jpg,0,0,1,source_annotation_pending_spot_check
fastener_object_detection,train,fastener_object_detection__ST121-Z__67767_jpg.rf.06ff93f0a9519e17e9080c2252c5666d__1e9b0bf62c.jpg,0,0,1,source_annotation_pending_spot_check
fastener_object_detection,train,fastener_object_detection__Stainless-Steel-Phillips-Flat-Head-SMS-1-RESIZE-_300x300_jpg.rf.3263292c6f5ea072b383afb9e284c874__abdbdea344.jpg,0,0,1,source_annotation_pending_spot_check
fastener_object_detection,train,fastener_object_detection__Stainless-Steel-Slotted-Flat-Head-Machine-Screws-1-RESIZES-min_jpg.rf.2c08b917f126dfe89531fce4292a41ee__fa0049292f.jpg,0,0,1,source_annotation_pending_spot_check
fastener_object_detection,train,fastener_object_detection__StainlessCountersunkPhilipsTop__68217_jpg.rf.13e2868f9117648abae821854a131d1c__4395614173.jpg,0,0,1,source_annotation_pending_spot_check
fastener_object_detection,train,fastener_object_detection__stock-photo-metal-cap-screw-with-hex-drive-hole-isolated-on-white-background-622950332_jpg.rf.52920f606411c2627f4c448a15a92309__1799d7e42b.jpg,0,0,0,source_annotation_pending_spot_check
fastener_object_detection,train,fastener_object_detection__stock-photo-screw-cap-on-a-light-background-top-view-of-the-screw-head-isolated-2146698211_jpg.rf.1c3e738d3e1378731660888c67ff6f6a__a69230eff5.jpg,0,0,1,source_annotation_pending_spot_check
fastener_object_detection,train,fastener_object_detection__Strippedbolt_jpg.rf.58c4899ac17d33e8663dacb61d524504__d0d3270983.jpg,0,0,1,source_annotation_pending_spot_check
fastener_object_detection,train,fastener_object_detection__tapping-black-screws-on-white-background-2A9HKJX_jpg.rf.24a48ea84240ac114b59a3815abe8a03__f9362ade57.jpg,0,0,0,source_annotation_pending_spot_check
fastener_object_detection,train,fastener_object_detection__tapping-black-screws-on-white-background-2AEPXGW_jpg.rf.143eb5a41301a181d03ac43810e50a8f__b8b2675044.jpg,0,0,0,source_annotation_pending_spot_check
fastener_object_detection,train,fastener_object_detection__tapping-screws-made-steel-construction-as-background-tapping-screws-made-steel-construction-as-background-118405174_jpg.rf.ddfaa3835fe311a7ddfd9147efad49c1__b58d9ad305.jpg,0,0,0,source_annotation_pending_spot_check
fastener_object_detection,train,fastener_object_detection__texture-black-computer-botls-screws-dark-109779410_jpg.rf.33750df98381210c06431e5bf982a0a7__e43dc78abc.jpg,0,0,0,source_annotation_pending_spot_check
fastener_object_detection,train,fastener_object_detection__th38_0_jpg.rf.28da6d4ee96d47265a5003d5548ed3c2__344dd89c40.jpg,0,0,3,source_annotation_pending_spot_check
fastener_object_detection,train,fastener_object_detection__there-many-metal-self-tapping-screws-made-steel-screw-iron-chrome-plated-scattered-as-background-200137632_jpg.rf.948fc3e3ba95f54cd43432b9b792f088__f363cb79c5.jpg,0,0,0,source_annotation_pending_spot_check
fastener_object_detection,test,fastener_object_detection__tuerca-hexagonal-inoxidable-304-2_png_jpg.rf.b523014ca583a87b1e9cd9711c89d73f__53fd2bfc12.jpg,0,0,1,source_annotation_pending_spot_check
fastener_object_detection,train,fastener_object_detection__Tuerca_Gram_Bel_771_jpg.rf.145be6ade41b7e0bf8f9a78d1f10d087__72990bd8c9.jpg,0,0,1,source_annotation_pending_spot_check
fastener_object_detection,train,fastener_object_detection__tuercas2_jpg.rf.1ea13525cd0ce1b14965832cf8a240b2__b49f5ec116.jpg,0,0,1,source_annotation_pending_spot_check
fastener_object_detection,train,fastener_object_detection__V63__49272_png_jpg.rf.83a1b616852663b51285cb2fccec1cb7__7b3e69633d.jpg,0,0,0,source_annotation_pending_spot_check
fastener_object_detection,train,fastener_object_detection__variety-different-metallic-screws-lay-table-wooden-85928402_jpg.rf.88a0b535f4741c48e051f3abcd0f7cfe__3cbea40576.jpg,0,0,0,source_annotation_pending_spot_check
fastener_object_detection,train,fastener_object_detection__Vented-Furniture-Connector-Bolts-watermark_png_jpg.rf.6d92ad4eaa4f6a3ada25395e6e623425__209112bc6f.jpg,0,0,0,source_annotation_pending_spot_check
fastener_object_detection,train,fastener_object_detection__view-rounded-head-metal-bolt-screw-lies-white-macro-closeup-wares-225833377_jpg.rf.474fdc4f71dd1ebce39df97f32c94213__2788eedd0a.jpg,0,0,1,source_annotation_pending_spot_check
fastener_object_detection,train,fastener_object_detection__wire-products-wire-products-galvanized-screws-isolated-white-background-172440772_jpg.rf.4ecbaa1de30e83424df2c5c71d486f9e__b5bbb7616d.jpg,0,0,0,source_annotation_pending_spot_check
fastener_object_detection,train,fastener_object_detection__wood-screws-background-pile-stack-wood-screws-background-135415530_jpg.rf.62b3c8bb5e85496b2572469b927d4d86__6f773ff27d.jpg,0,0,0,source_annotation_pending_spot_check
fastener_object_detection,train,fastener_object_detection__wood-screws-cross-shaped-head-table-close-up-85557490_jpg.rf.d289eff1689ce0e1c7d920ffd581cd0a__acc204f48c.jpg,0,0,0,source_annotation_pending_spot_check
fastener_object_detection,train,fastener_object_detection__wooden-texture-background-with-head-bolts-DCHJH1_jpg.rf.1f1d6db3c1ce03ad331754b0b3cedf77__ee438e15fb.jpg,0,0,2,source_annotation_pending_spot_check
fastener_object_detection,train,fastener_object_detection__ZWM4X102028329-2-600x600_jpg.rf.3a62fcb61514503aa68f9acfd2051828__f8614ea41b.jpg,0,0,1,source_annotation_pending_spot_check
fastener_object_detection,valid,fastener_object_detection__0007_png_jpg.rf.57d8172aaa0beddec81eef1276d709be__36134b0283.jpg,0,0,4,source_annotation_pending_spot_check
fastener_object_detection,valid,fastener_object_detection__10_png_jpg.rf.5b2065f67f6781f0ef03e8bae9114aa6__20baaf0e21.jpg,0,0,1,source_annotation_pending_spot_check
fastener_object_detection,train,fastener_object_detection__12_png_jpg.rf.0f574ec163ebf24619e2322def7a8b3d__08172b33db.jpg,0,0,1,source_annotation_pending_spot_check
fastener_object_detection,valid,fastener_object_detection__20230720_152353_jpg.rf.b5fa2b68c43bd8f59bf5ff0eaddda42e__d9ea6e9360.jpg,0,0,0,source_annotation_pending_spot_check
fastener_object_detection,valid,fastener_object_detection__20230720_181547_jpg.rf.51d39b04a5e22bbf0d07ee9ad1d77045__4a8190f358.jpg,0,0,0,source_annotation_pending_spot_check
fastener_object_detection,test,fastener_object_detection__20230721_114304_jpg.rf.3d50a9e81d53ebbb68b178cb8f1098d5__3e0e683faa.jpg,0,0,1,source_annotation_pending_spot_check
fastener_object_detection,valid,fastener_object_detection__20_png_jpg.rf.bb76191bc439dfe47cc9bf0292c8d3c7__db4b9023b1.jpg,0,0,0,source_annotation_pending_spot_check
fastener_object_detection,train,fastener_object_detection__361660422_981664239691143_8282059421941173535_n_png_jpg.rf.405894509214d775363b8dd07fce1a4c__3c8aa7a5ce.jpg,0,0,0,source_annotation_pending_spot_check
fastener_object_detection,valid,fastener_object_detection__41eh-IIqx4L-_AC_UF1000-1000_QL80__jpg.rf.a0df4fb89e7ac814846e55cb814fb5c5__9d3f3617d2.jpg,0,0,1,source_annotation_pending_spot_check
fastener_object_detection,valid,fastener_object_detection__41FJr0uXKeL-_AC_UF894-1000_QL80__jpg.rf.c5f0dd3b8396d39320e82031c610ef66__498fac419b.jpg,0,0,0,source_annotation_pending_spot_check
fastener_object_detection,valid,fastener_object_detection__41sfB-HJtSL-_SX385__jpg.rf.a19e56d543ff59d954da15e191ec17de__e7487d0e30.jpg,0,0,1,source_annotation_pending_spot_check
fastener_object_detection,valid,fastener_object_detection__51l2LeFKrPL-_SX342_1_jpg.rf.edff3aa8216160cc9a43598d436f23d0__a1e926be7d.jpg,0,0,1,source_annotation_pending_spot_check
fastener_object_detection,valid,fastener_object_detection__51QZOtTjwCL-_AC_UF350-350_QL80__jpg.rf.54fa22d5706737aafa74c2eab63332f3__239a4be998.jpg,0,0,1,source_annotation_pending_spot_check
fastener_object_detection,valid,fastener_object_detection__51X0LdfJTPL_jpg.rf.ee3bcfc6ebc98b7b05d9f0148f368f0f__1cd6947363.jpg,0,0,1,source_annotation_pending_spot_check
fastener_object_detection,valid,fastener_object_detection__5fb4d7d8aca20socket-countersunk-head-screw-500x500_jpg.rf.3e428368f6b7da2989934ecfc7c2292f__5f74f18387.jpg,0,0,0,source_annotation_pending_spot_check
fastener_object_detection,valid,fastener_object_detection__61n0I13gPyL-_AC_UF1000-1000_QL80__jpg.rf.997b089d3f5e1ca0f7c18683157a38f6__f59b35dcea.jpg,0,0,0,source_annotation_pending_spot_check
fastener_object_detection,train,fastener_object_detection__61p7X2W9WVL_jpg.rf.0c2341b1fb29b6d1ebed8ff877b17c09__21eff5baad.jpg,0,0,0,source_annotation_pending_spot_check
fastener_object_detection,valid,fastener_object_detection__61u8JUdAc2L-_AC_UL210_SR210-210__jpg.rf.42e8a3004a9195a439cf7e8e7b0b2922__0c65e8d3f8.jpg,0,0,0,source_annotation_pending_spot_check
fastener_object_detection,valid,fastener_object_detection__6_png_jpg.rf.63e18cbca27a7fa455769ef69ddc093f__a10447f612.jpg,0,0,1,source_annotation_pending_spot_check
fastener_object_detection,valid,fastener_object_detection__71KdgyWuXvL_jpg.rf.c962643a9c2e79aeb5e51379a09419da__60fbfd0aa3.jpg,0,0,1,source_annotation_pending_spot_check
fastener_object_detection,valid,fastener_object_detection__8IN_3104_jpg.rf.17d581879779db80e362ee25eacb12b8__d596a9c650.jpg,0,0,0,source_annotation_pending_spot_check
fastener_object_detection,valid,fastener_object_detection__8IN_3400_jpg.rf.39d5566b185ff38e494c75cfb42103d9__5b2b0af1b8.jpg,0,0,0,source_annotation_pending_spot_check
fastener_object_detection,valid,fastener_object_detection__91Hd1MQ1CCL-_AC_UL600_SR600-600__jpg.rf.882030298120b4c4f893baad791e57be__123d802383.jpg,0,0,4,source_annotation_pending_spot_check
fastener_object_detection,valid,fastener_object_detection__close-up-group-screws-warehouse-abstract-texture-89962307_jpg.rf.93f64d345d8d80019fe238f8ce4aff46__c92b14ee23.jpg,0,0,0,source_annotation_pending_spot_check
fastener_object_detection,valid,fastener_object_detection__close-up-metal-screws-isolated-white-background-close-up-metal-screws-isolated-white-background-174793822_jpg.rf.51a233dceddb46134a4168b60f0dac97__d00f58f114.jpg,0,0,0,source_annotation_pending_spot_check
fastener_object_detection,valid,fastener_object_detection__countersunk-wood-screws-wooden-background-88695978_jpg.rf.3031cc6d70f744a40d791ce0a209d295__29b1c0569e.jpg,0,0,0,source_annotation_pending_spot_check
fastener_object_detection,valid,fastener_object_detection__cross-iron-screw-construction-screws-187352808_jpg.rf.bbe1501a03ca57f3d60b633185ae53d1__2b9a150282.jpg,0,0,0,source_annotation_pending_spot_check
fastener_object_detection,valid,fastener_object_detection__d-i-y-pile-cross-head-wood-screws-pine-board-white-copy-space-behind-114981593_jpg.rf.a83c4ef699a5c84e5e4eb6bd1c88361b__5386f5fcd8.jpg,0,0,0,source_annotation_pending_spot_check
fastener_object_detection,valid,fastener_object_detection__gettyimages-1129718867-612x612_jpg.rf.66cc59bc3e01e2fcce116edca6db9897__33df526021.jpg,0,0,0,source_annotation_pending_spot_check
fastener_object_detection,valid,fastener_object_detection__gettyimages-1370508478-612x612_jpg.rf.42afeb64087b29ef329ce5d9f41822cd__6cbc065dae.jpg,0,0,0,source_annotation_pending_spot_check
fastener_object_detection,valid,fastener_object_detection__gettyimages-592029783-612x612_jpg.rf.f230788d4e28949c41dfbd94f22602a6__0a2d586cee.jpg,0,0,0,source_annotation_pending_spot_check
fastener_object_detection,valid,fastener_object_detection__gettyimages-592261199-612x612_jpg.rf.7abdd8648b2e2ea5b58f054129d56a97__c56fcfa580.jpg,0,0,0,source_annotation_pending_spot_check
fastener_object_detection,valid,fastener_object_detection__golden-and-silver-strong-nails-close-up-in-a-hardware-store-2C61B9K_jpg.rf.f66b675ab0e017310ffe601a08aeb6e2__61b68c315e.jpg,0,0,0,source_annotation_pending_spot_check
fastener_object_detection,valid,fastener_object_detection__golden-screws-isolated-white-several-background-53127172_jpg.rf.bac3fe29afd004f5d0f65fda4e7549f4__9f935bde40.jpg,0,0,0,source_annotation_pending_spot_check
fastener_object_detection,valid,fastener_object_detection__heap-golden-drive-screws-white-background-shape-56080323_jpg.rf.90f9a6b574417d46d4ee1e495cd5d102__32165b5734.jpg,0,0,0,source_annotation_pending_spot_check
fastener_object_detection,valid,fastener_object_detection__image23_jpeg_jpg.rf.4af820afab274d6ad66748c4c9b071b2__d6be11010f.jpg,0,0,1,source_annotation_pending_spot_check
fastener_object_detection,valid,fastener_object_detection__image24_jpeg_jpg.rf.ca76052c7b5a489a818b32fb92a7b42a__92c90869e4.jpg,0,0,1,source_annotation_pending_spot_check
fastener_object_detection,valid,fastener_object_detection__image_68_jpg.rf.6c0f9ffaf7ab05cfb38e347016befef6__97af1cc60c.jpg,0,0,1,source_annotation_pending_spot_check
fastener_object_detection,test,fastener_object_detection__images-10-_jpg.rf.04b38766bfb6a94aa5b36a11155eaa51__92ff96169d.jpg,0,0,1,source_annotation_pending_spot_check
fastener_object_detection,valid,fastener_object_detection__images-14-_jpg.rf.cf6cb24616f3e5544696823eb9f5c614__2f5dcdaa8c.jpg,0,0,0,source_annotation_pending_spot_check
fastener_object_detection,valid,fastener_object_detection__images-15-_jpg.rf.8db2f85b6929599f080b6ff406099a8e__4eabf45a4c.jpg,0,0,1,source_annotation_pending_spot_check
fastener_object_detection,valid,fastener_object_detection__images-24-_jpg.rf.93f5685c48c2d8f93e48947e2ef12197__879786d566.jpg,0,0,1,source_annotation_pending_spot_check
fastener_object_detection,valid,fastener_object_detection__images-7-_jpg.rf.a310dd96981d58dea221f15bb19f7a8d__7bb8006da6.jpg,0,0,3,source_annotation_pending_spot_check
fastener_object_detection,valid,fastener_object_detection__images43_jpg.rf.72072cfdc59c02890c217e8da3a1cf04__f8d1eb9b03.jpg,0,0,1,source_annotation_pending_spot_check
fastener_object_detection,valid,fastener_object_detection__images_png_jpg.rf.a32a8d957463e91c178ce540e1633038__7e534b78ac.jpg,0,0,3,source_annotation_pending_spot_check
fastener_object_detection,train,fastener_object_detection__IMG_0431_jpg.rf.256782f02f6ba70970a22a2fd3150e3f__5a6b160bc5.jpg,0,0,4,source_annotation_pending_spot_check
fastener_object_detection,valid,fastener_object_detection__IMG_0443_jpg.rf.a25138f9a85d79e69a278d42c2656f1b__fb1819af04.jpg,0,0,2,source_annotation_pending_spot_check
fastener_object_detection,valid,fastener_object_detection__IMG_0448_jpg.rf.511be1e41fe154e9eb19cb2d2a323655__3a2eb73ff0.jpg,0,0,7,source_annotation_pending_spot_check
fastener_object_detection,valid,fastener_object_detection__IMG_0459_jpg.rf.d3eecbcc058c87c20ea8a6919451647d__47a8f49b0e.jpg,0,0,0,source_annotation_pending_spot_check
fastener_object_detection,valid,fastener_object_detection__IMG_0462_jpg.rf.dd5ac04ed08933638d4659681383f73e__e6c6f0d235.jpg,0,0,0,source_annotation_pending_spot_check
fastener_object_detection,valid,fastener_object_detection__IMG_0464_jpg.rf.70033b27b1d7133c827fdba0bcb71c3b__8e022675a7.jpg,0,0,0,source_annotation_pending_spot_check
fastener_object_detection,valid,fastener_object_detection__IMG_0465_jpg.rf.65d8f56650c8d9ff2a5cefe1eeb75f3b__5d43e14e3e.jpg,0,0,0,source_annotation_pending_spot_check
fastener_object_detection,valid,fastener_object_detection__IMG_0471_jpg.rf.84c2a5d34284a33273d96a7f7f331b14__8ea2aa4783.jpg,0,0,0,source_annotation_pending_spot_check
fastener_object_detection,valid,fastener_object_detection__isolated-small-pile-screws-small-pile-screws-isolated-104275469_jpg.rf.2ce386822ef6f98ec96f1091d0024537__1d46afba24.jpg,0,0,0,source_annotation_pending_spot_check
fastener_object_detection,valid,fastener_object_detection__istockphoto-1079117740-612x612_jpg.rf.4f12ecf018612ef19e982fb3fd4f9518__be4fb4dca6.jpg,0,0,0,source_annotation_pending_spot_check
fastener_object_detection,valid,fastener_object_detection__istockphoto-1132781717-612x612_jpg.rf.2cf58a2df93aa2a3ceda13f460e4ae8d__831334ae4d.jpg,0,0,0,source_annotation_pending_spot_check
fastener_object_detection,valid,fastener_object_detection__istockphoto-1150223454-612x612_jpg.rf.e2e1de4eb2561c3a30852e33a4bd35c8__2e2cac1952.jpg,0,0,0,source_annotation_pending_spot_check
fastener_object_detection,valid,fastener_object_detection__istockphoto-1197195324-612x612_jpg.rf.1fc0ad49450318c9b8a3b91bdec27a57__81423aa8c8.jpg,0,0,0,source_annotation_pending_spot_check
fastener_object_detection,valid,fastener_object_detection__istockphoto-1224901672-612x612_jpg.rf.5e8e1779989e8e041441f285169648ba__2f76b77210.jpg,0,0,0,source_annotation_pending_spot_check
fastener_object_detection,valid,fastener_object_detection__istockphoto-1266602712-612x612_jpg.rf.ff01930553c041936ef6835b6c866589__0e9e0375bb.jpg,0,0,0,source_annotation_pending_spot_check
fastener_object_detection,valid,fastener_object_detection__istockphoto-1278672773-612x612_jpg.rf.762e99e60d662140e4efea18f20866f1__b8b4dc2630.jpg,0,0,0,source_annotation_pending_spot_check
fastener_object_detection,valid,fastener_object_detection__istockphoto-1285295257-612x612_jpg.rf.b8f3cf21b7b186b8eb10f6151712e634__2e28597b51.jpg,0,0,0,source_annotation_pending_spot_check
fastener_object_detection,valid,fastener_object_detection__istockphoto-1285929863-612x612_jpg.rf.081bb24d954af151c65fe264249e6c3d__f154c752fa.jpg,0,0,0,source_annotation_pending_spot_check
fastener_object_detection,valid,fastener_object_detection__istockphoto-1285929885-612x612_jpg.rf.58614d250a549ea882b8b4e860d0e383__22c26b75c1.jpg,0,0,0,source_annotation_pending_spot_check
fastener_object_detection,valid,fastener_object_detection__istockphoto-1287393902-612x612_jpg.rf.04734ffd1dd3ce0e17214b125347231b__2dfeb636ce.jpg,0,0,0,source_annotation_pending_spot_check
fastener_object_detection,valid,fastener_object_detection__istockphoto-1300004966-612x612_jpg.rf.82025c432d80c7da6176aac4fca8148c__6e57ce4b1b.jpg,0,0,0,source_annotation_pending_spot_check
fastener_object_detection,valid,fastener_object_detection__istockphoto-1301816029-612x612_jpg.rf.8cf85ccd69abd8c17ecba3d752f9e623__23e178a3d2.jpg,0,0,0,source_annotation_pending_spot_check
fastener_object_detection,valid,fastener_object_detection__istockphoto-1308290733-612x612_jpg.rf.57cdac96cc490f927e5d6ce38e029c7f__217cdae6a6.jpg,0,0,0,source_annotation_pending_spot_check
fastener_object_detection,valid,fastener_object_detection__istockphoto-1316028160-612x612_jpg.rf.7b6aa3836079f51790dbc1879581fe35__d890f7bc27.jpg,0,0,0,source_annotation_pending_spot_check
fastener_object_detection,valid,fastener_object_detection__istockphoto-1322742902-612x612_jpg.rf.67d4e9a266b7a765a78b645c93009df7__97b4786ba8.jpg,0,0,0,source_annotation_pending_spot_check
fastener_object_detection,valid,fastener_object_detection__istockphoto-1332006007-612x612_jpg.rf.60c0518aa267a321cecdcb8e43b43148__2a5a42eb52.jpg,0,0,0,source_annotation_pending_spot_check
fastener_object_detection,valid,fastener_object_detection__istockphoto-1332276478-612x612_jpg.rf.e85be205eb4aabbdd68636c3f2eb94ac__c5caf43a05.jpg,0,0,0,source_annotation_pending_spot_check
fastener_object_detection,valid,fastener_object_detection__istockphoto-1342455275-612x612_jpg.rf.ef81eb3e4ec4c1838e5845ebaa8883ab__1d21a1f265.jpg,0,0,0,source_annotation_pending_spot_check
fastener_object_detection,valid,fastener_object_detection__istockphoto-1348693989-612x612_jpg.rf.c3b09ebc45df361ac525c821d544ceee__22d575c2fc.jpg,0,0,0,source_annotation_pending_spot_check
fastener_object_detection,valid,fastener_object_detection__istockphoto-1357876616-612x612_jpg.rf.401945bd18b53de15a4ad1253ece20ef__ecc26b9272.jpg,0,0,0,source_annotation_pending_spot_check
fastener_object_detection,valid,fastener_object_detection__istockphoto-173608904-612x612_jpg.rf.bb89e0c5c812918cc940d075c912b743__60e893adbb.jpg,0,0,0,source_annotation_pending_spot_check
fastener_object_detection,valid,fastener_object_detection__istockphoto-174119939-612x612_jpg.rf.b0a616cb8e8b29bd0d258f9662b7f022__17377abe49.jpg,0,0,0,source_annotation_pending_spot_check
fastener_object_detection,valid,fastener_object_detection__istockphoto-174423534-612x612_jpg.rf.c91f7b5ee7a8e241af261af2912cc2ab__4e1aea5dd9.jpg,0,0,0,source_annotation_pending_spot_check
fastener_object_detection,valid,fastener_object_detection__istockphoto-184630849-612x612_jpg.rf.d12ad58652a4f146a2d2f6fa71ffd927__207db6f97e.jpg,0,0,0,source_annotation_pending_spot_check
fastener_object_detection,valid,fastener_object_detection__istockphoto-186055469-612x612_jpg.rf.0c04861eb88e1b625b411271f79b483a__e60c09fbcd.jpg,0,0,0,source_annotation_pending_spot_check
fastener_object_detection,valid,fastener_object_detection__istockphoto-471035743-612x612_jpg.rf.d8c18678ed04616240ac83d4fff0517b__85cb1a76ec.jpg,0,0,0,source_annotation_pending_spot_check
fastener_object_detection,valid,fastener_object_detection__istockphoto-484698636-612x612_jpg.rf.8e80fc9e9c0ef8c257bb4b1e69c672f1__1037580922.jpg,0,0,0,source_annotation_pending_spot_check
fastener_object_detection,valid,fastener_object_detection__istockphoto-509718500-612x612_jpg.rf.3c16574780bd541ddf441aeb6cc67727__1732f5a70a.jpg,0,0,0,source_annotation_pending_spot_check
fastener_object_detection,valid,fastener_object_detection__istockphoto-513891766-612x612_jpg.rf.05049323b80278f0037196cc2e6668ff__0bc1dd0138.jpg,0,0,0,source_annotation_pending_spot_check
fastener_object_detection,valid,fastener_object_detection__istockphoto-517850116-612x612_jpg.rf.bd1fa7c1effc9b604a0a92886e6b174b__937b16df08.jpg,0,0,0,source_annotation_pending_spot_check
fastener_object_detection,valid,fastener_object_detection__istockphoto-627683062-612x612_jpg.rf.afbf5df62f9f54bd8becfa0efbe39897__0efa876151.jpg,0,0,0,source_annotation_pending_spot_check
fastener_object_detection,valid,fastener_object_detection__istockphoto-674083892-612x612_jpg.rf.cd14b219e22b95a84c845580b0c3e6ac__b7ea7ae948.jpg,0,0,0,source_annotation_pending_spot_check
fastener_object_detection,valid,fastener_object_detection__istockphoto-890469762-612x612_jpg.rf.d2725453da397415abe1f1b688af1a73__1621610d71.jpg,0,0,0,source_annotation_pending_spot_check
fastener_object_detection,valid,fastener_object_detection__istockphoto-897026956-612x612_jpg.rf.419c9c90c57ba5e108a2149f44903984__8475df19e9.jpg,0,0,0,source_annotation_pending_spot_check
fastener_object_detection,valid,fastener_object_detection__istockphoto-91292171-612x612_jpg.rf.32dda9c2466e2db560afea6c063c1e67__a1ebb7d2b5.jpg,0,0,0,source_annotation_pending_spot_check
fastener_object_detection,valid,fastener_object_detection__istockphoto-94025979-612x612_jpg.rf.e5f14dfbcaba66b6b0e76225d7fdcbb3__04bc0bc16b.jpg,0,0,0,source_annotation_pending_spot_check
fastener_object_detection,valid,fastener_object_detection__little-brass-screws-lying-flat-surface-pile-92174981_jpg.rf.758b1ab9d0c9c40ef0ec0eb31d7d6e7d__a86ba835ef.jpg,0,0,0,source_annotation_pending_spot_check
fastener_object_detection,valid,fastener_object_detection__many-self-tapping-screws-background-working-tools-close-up-many-self-tapping-screws-background-123003139_jpg.rf.dcf024dbe7f4af972c97fc1de59ac48d__05a9412b04.jpg,0,0,0,source_annotation_pending_spot_check
fastener_object_detection,valid,fastener_object_detection__metal-chrome-screws-semicircular-head-metal-chrome-screws-semicircular-head-background-166698011_jpg.rf.4ed11fec9ce8d7872489f1a750c7e7cf__f4155421c3.jpg,0,0,0,source_annotation_pending_spot_check
fastener_object_detection,train,fastener_object_detection__MiConv-com__tai-xuong-3-_jpg.rf.e28a74538936e85a47f3f78b3e792d66__3473aa2fe4.jpg,0,0,1,source_annotation_pending_spot_check
fastener_object_detection,valid,fastener_object_detection__nails-closeup-in-a-hardware-store-2C61D4K_jpg.rf.68ec13dcbb07f22be18785504bc10ebf__80970d6c6f.jpg,0,0,0,source_annotation_pending_spot_check
fastener_object_detection,train,fastener_object_detection__Pan-PHILLIPS-Head-Screw_jpg.rf.d9976d8e854aebd590adab5fc8448cdc__df91ad3c4b.jpg,0,0,1,source_annotation_pending_spot_check
fastener_object_detection,valid,fastener_object_detection__pile-black-mettalic-screw-wooden-desk-background-47206499_jpg.rf.77b37511ed1475bf3cf40c5dda660357__97fe3dc124.jpg,0,0,0,source_annotation_pending_spot_check
fastener_object_detection,valid,fastener_object_detection__pile-black-self-tapping-screws-close-up-white-background-isolated-213908193_jpg.rf.fa5c0ac1986897f6fbbfd4b717cfadf0__829b63ed25.jpg,0,0,0,source_annotation_pending_spot_check
fastener_object_detection,valid,fastener_object_detection__pile-galvanized-screws-13424315_jpg.rf.1369773f404e71256d6cd26ab4973cca__378043081a.jpg,0,0,0,source_annotation_pending_spot_check
fastener_object_detection,valid,fastener_object_detection__pile-metal-phillips-screws-background-white-pile-metal-phillips-screws-176273079_jpg.rf.08fc98a06149e40e46e50a230190b3bb__3366af3204.jpg,0,0,0,source_annotation_pending_spot_check
fastener_object_detection,valid,fastener_object_detection__pile-metal-screws-textured-background-81862094_jpg.rf.9e14d97717aebe3bedf579949ca8552a__7a2fa1ccd1.jpg,0,0,0,source_annotation_pending_spot_check
fastener_object_detection,valid,fastener_object_detection__pile-metal-screws-white-background-86990088_jpg.rf.3ed5cdcfc585a7d21aa0c83ae5445492__b2c804d063.jpg,0,0,0,source_annotation_pending_spot_check
fastener_object_detection,valid,fastener_object_detection__pile-screws-23415840_jpg.rf.91a49d127eb8c558680c1a3d5c332112__d506f79cc3.jpg,0,0,0,source_annotation_pending_spot_check
fastener_object_detection,valid,fastener_object_detection__pile-screws-blue-background-77992725_jpg.rf.2a2843b7e259f3c4924a1696d6aa7859__e95945957b.jpg,0,0,0,source_annotation_pending_spot_check
fastener_object_detection,valid,fastener_object_detection__pozi-drive-self-tapping-screws-isolated-white-background-43675774_jpg.rf.462029cf9818e48d54e57b2f33bf8f5b__b8fff93fa5.jpg,0,0,0,source_annotation_pending_spot_check
fastener_object_detection,valid,fastener_object_detection__screws-bolts-construction-white-background-screws-bolts-construction-white-background-108714834_jpg.rf.1955b16837bde83c47a597f1f46455cb__d9611384e8.jpg,0,0,0,source_annotation_pending_spot_check
fastener_object_detection,valid,fastener_object_detection__screws-bolts-pile-wooden-table-79223786_jpg.rf.c13fc81b3669fedf2dccf178b0fcd3db__ed80d33931.jpg,0,0,0,source_annotation_pending_spot_check
fastener_object_detection,valid,fastener_object_detection__screws-bunch-isolate-white-background-mounting-bolts-close-up-105543567_jpg.rf.9936a03b38e3d5aab8565e05c9631f53__bc9cd49900.jpg,0,0,0,source_annotation_pending_spot_check
fastener_object_detection,valid,fastener_object_detection__screws-construction-work-black-self-tapping-screw-126765107_jpg.rf.80a3a21f2127b6cef776b7dbf517024a__75f409f434.jpg,0,0,0,source_annotation_pending_spot_check
fastener_object_detection,valid,fastener_object_detection__screws-fixing-computer-components-other-parts-bolts-hats-various-elements-including-105771579_jpg.rf.64bc956c3cc9a8b0c3051ab83e81000e__02aa63ce49.jpg,0,0,0,source_annotation_pending_spot_check
fastener_object_detection,valid,fastener_object_detection__screws-still-life-large-self-tapping-screws-on-white-background-2CD35HD_jpg.rf.d50cbe4b2d9e2510f9ce7176617980e0__7b9be1bbb3.jpg,0,0,0,source_annotation_pending_spot_check
fastener_object_detection,valid,fastener_object_detection__self-tapping-screws-isolated-on-black-background-macro-batch-of-gray-screws-closeup-2H8JCCB_jpg.rf.ac8838af214d1b4ce15d95f30efcc9c0__388bce77d2.jpg,0,0,0,source_annotation_pending_spot_check
fastener_object_detection,valid,fastener_object_detection__self-tapping-screws-isolated-white-background-close-up-self-tapping-screws-isolated-white-background-184073775_jpg.rf.e81fb222de4172bdf9602975d065a36c__4884f4ae1d.jpg,0,0,0,source_annotation_pending_spot_check
fastener_object_detection,valid,fastener_object_detection__self-tapping-screws-isolated-white-background-close-up-self-tapping-screws-isolated-white-background-184073942_jpg.rf.607b3f7731086e008464f272991afe18__aecd646d03.jpg,0,0,0,source_annotation_pending_spot_check
fastener_object_detection,valid,fastener_object_detection__shiny-stainless-steel-wood-screws-white-background-pile-shiny-stainless-steel-wood-screws-white-background-131561744_jpg.rf.85a8dfcd48b79a2f458ef6d91000de3b__ed276d3b0e.jpg,0,0,0,source_annotation_pending_spot_check
fastener_object_detection,valid,fastener_object_detection__size-tx-screws-wooden-background-screws-size-tx-laying-pile-wood-113603495_jpg.rf.062a97434a96886248d8028f473d74cb__45fa076e57.jpg,0,0,0,source_annotation_pending_spot_check
fastener_object_detection,valid,fastener_object_detection__small-pile-screws-assorted-white-38359252_jpg.rf.7216af708e7fb98ec84d902e5da5cd80__85b57f18a5.jpg,0,0,0,source_annotation_pending_spot_check
fastener_object_detection,valid,fastener_object_detection__Stainless-Steel-Flat-Headed-Slotted-Screw-_jpg.rf.9d2b2fa61aa6e10e752c6ca1b7077b41__ddfe0fd2bd.jpg,0,0,1,source_annotation_pending_spot_check
fastener_object_detection,valid,fastener_object_detection__steel-screws-personal-computer-case-72326771_jpg.rf.2c6998d965a24d21f35f4e995c915290__53bf4022c5.jpg,0,0,0,source_annotation_pending_spot_check
fastener_object_detection,valid,fastener_object_detection__torx-screws-stainless-steel-m-tx-68965809_jpg.rf.247a425dc9c00da8e6c061bd041dbafb__60ff51df4d.jpg,0,0,0,source_annotation_pending_spot_check
fastener_object_detection,valid,fastener_object_detection__TR041-Z__42896_jpg.rf.68580bea4df9e5d389f0acf16a1b100b__351fdc4f89.jpg,0,0,1,source_annotation_pending_spot_check
fastener_object_detection,valid,fastener_object_detection__tuerca-m3x2mm-hierro-1-8190_thumb_450x450_png_jpg.rf.586761da9e0702b2aa33a41b2f90139c__10682be101.jpg,0,0,1,source_annotation_pending_spot_check
fastener_object_detection,valid,fastener_object_detection__Tuerca_hexagonal_grado_5_tcaan_tcaaf_b9490f59-c3b3-428b-bd0e-38d356821e8f_jpg.rf.9bbcd4f5dbe00225f4a031a1664a2e5a__7fe4fff50f.jpg,0,0,2,source_annotation_pending_spot_check
fastener_object_detection,test,fastener_object_detection__16_png_jpg.rf.d6e6eb24142b504ece66982f9ac37677__7ade59be8f.jpg,0,0,0,source_annotation_pending_spot_check
fastener_object_detection,test,fastener_object_detection__20230721_114327_jpg.rf.e05c5a91582f98fe1b7254c139bf1c72__f8aae57bf3.jpg,0,0,1,source_annotation_pending_spot_check
fastener_object_detection,test,fastener_object_detection__2708715_16425608_001_l_jpg.rf.20e389b9fc6b83f8aee6596926dc5ea5__25e7cbc1ad.jpg,0,0,1,source_annotation_pending_spot_check
fastener_object_detection,test,fastener_object_detection__31_png_jpg.rf.bcf937408b7b1107f12f96c1dc6c1c93__e1e1ce2975.jpg,0,0,1,source_annotation_pending_spot_check
fastener_object_detection,test,fastener_object_detection__31lKXPi2DNS_jpg.rf.0baa7db2aae873981f635a355c7c4112__dbf208dace.jpg,0,0,0,source_annotation_pending_spot_check
fastener_object_detection,test,fastener_object_detection__361633753_981685279689866_5422487338675759854_n_png_jpg.rf.f35fa398dc5981acca03656ea08542f2__602f769541.jpg,0,0,1,source_annotation_pending_spot_check
fastener_object_detection,test,fastener_object_detection__518YgmUZ-NL-_AC_UF1000-1000_QL80__jpg.rf.71fbad66dd82509fc1197753d8d8838a__0eb88ee739.jpg,0,0,0,source_annotation_pending_spot_check
fastener_object_detection,test,fastener_object_detection__51iF-gQin-L_jpg.rf.9f90b9de5227d823df55a5da8cc28408__ad6fd4b71f.jpg,0,0,0,source_annotation_pending_spot_check
fastener_object_detection,test,fastener_object_detection__61YgKr7cTCL-_AC_UF894-1000_QL80__jpg.rf.531d9562671ee3a04f6e0cc075db4f58__71a6e145b3.jpg,0,0,0,source_annotation_pending_spot_check
fastener_object_detection,test,fastener_object_detection__bolt-pile-black-screws-isolated-white-background-bolt-pile-black-screws-isolated-white-background-174780049_jpg.rf.11b7e67683c34521b06d1553a55b595a__69507208d4.jpg,0,0,0,source_annotation_pending_spot_check
fastener_object_detection,test,fastener_object_detection__close-up-shot-steel-screw-fixed-bracket-to-wood-steel-screw-fixed-bracket-to-wood-221320412_jpg.rf.058f9a8ff4844e4ba8c55decc2032a14__00be004cc7.jpg,0,0,1,source_annotation_pending_spot_check
fastener_object_detection,test,fastener_object_detection__gettyimages-1164119970-612x612_jpg.rf.d1473af99312db1ef9f2dc3ec0c1bda5__0ffbfeea66.jpg,0,0,0,source_annotation_pending_spot_check
fastener_object_detection,test,fastener_object_detection__gettyimages-1189359172-612x612_jpg.rf.8800310ad957087464867196483b28f0__ecdf22d39b.jpg,0,0,0,source_annotation_pending_spot_check
fastener_object_detection,test,fastener_object_detection__gettyimages-1203948559-612x612_jpg.rf.75ba19acba28f27a054af9f0e4a2f475__5a72c7142b.jpg,0,0,0,source_annotation_pending_spot_check
fastener_object_detection,test,fastener_object_detection__gettyimages-1283718232-612x612_jpg.rf.720be9f120427bceb71a44a50c31691d__466c4c6c82.jpg,0,0,0,source_annotation_pending_spot_check
fastener_object_detection,test,fastener_object_detection__gettyimages-1356590555-612x612_jpg.rf.c922ea23bb9495abc0bb4d8c2df09fff__a2cc9f5443.jpg,0,0,0,source_annotation_pending_spot_check
fastener_object_detection,test,fastener_object_detection__gettyimages-144461912-612x612_jpg.rf.92faea2a72774e26bd54ed74ddde3931__dc7f6b2e11.jpg,0,0,0,source_annotation_pending_spot_check
fastener_object_detection,test,fastener_object_detection__gold-screws-zoom-photo-63982831_jpg.rf.df373d62b635443d327b64ae4d59bc4b__535fafcbba.jpg,0,0,0,source_annotation_pending_spot_check
fastener_object_detection,test,fastener_object_detection__images-18-_jpg.rf.d62b53bc606d0f16c9e1792c1fb37d94__525d23d89c.jpg,0,0,1,source_annotation_pending_spot_check
fastener_object_detection,test,fastener_object_detection__images105_jpg.rf.de833bb8d67935c79c714d6aa6b6ced9__ef410de3f6.jpg,0,0,1,source_annotation_pending_spot_check
fastener_object_detection,test,fastener_object_detection__IMG_0454_jpg.rf.4544226f9f6904590bc9a2b33b381cdc__e8f497f020.jpg,0,0,10,source_annotation_pending_spot_check
fastener_object_detection,test,fastener_object_detection__istockphoto-1197194799-612x612_jpg.rf.3ba3c3d582fe68426b1df10261da6334__5c9628fb3a.jpg,0,0,0,source_annotation_pending_spot_check
fastener_object_detection,test,fastener_object_detection__istockphoto-1204424085-612x612_jpg.rf.e85e7f77843e018ba1349c16eb46c608__d865d1b8a7.jpg,0,0,0,source_annotation_pending_spot_check
fastener_object_detection,test,fastener_object_detection__istockphoto-1281076503-612x612_jpg.rf.1c546015ff4b053cd1656ea59f81b218__9801352249.jpg,0,0,0,source_annotation_pending_spot_check
fastener_object_detection,test,fastener_object_detection__istockphoto-1296729051-612x612_jpg.rf.9afa07df1a2b8da6fea914264c00331a__07df2b6474.jpg,0,0,0,source_annotation_pending_spot_check
fastener_object_detection,test,fastener_object_detection__istockphoto-1302923338-612x612_jpg.rf.39430b85c89c1075d1778662d2543edb__d719e15600.jpg,0,0,0,source_annotation_pending_spot_check
fastener_object_detection,test,fastener_object_detection__istockphoto-1304683436-612x612_jpg.rf.c816371b07ffa81e063e4bf76632d113__32b9de39c9.jpg,0,0,0,source_annotation_pending_spot_check
fastener_object_detection,test,fastener_object_detection__istockphoto-1308290730-612x612_jpg.rf.15c21ff44073b957a7f3f8c27721cd4f__52f187f874.jpg,0,0,0,source_annotation_pending_spot_check
fastener_object_detection,test,fastener_object_detection__istockphoto-1316028147-612x612_jpg.rf.434db46c8ecebabdfccc5521738c8871__333a356e5d.jpg,0,0,0,source_annotation_pending_spot_check
fastener_object_detection,test,fastener_object_detection__istockphoto-1319006650-612x612_jpg.rf.db21a6622acc7f211f2c01540b67c029__d711676d14.jpg,0,0,0,source_annotation_pending_spot_check
fastener_object_detection,test,fastener_object_detection__istockphoto-1322743361-612x612_jpg.rf.28bb8a8c1d1bd2596b751f58cdbc0207__5a0df03924.jpg,0,0,0,source_annotation_pending_spot_check
fastener_object_detection,test,fastener_object_detection__istockphoto-1322743441-612x612_jpg.rf.b740c74f86150bfb94df8c6fade56438__feec02250e.jpg,0,0,0,source_annotation_pending_spot_check
fastener_object_detection,test,fastener_object_detection__istockphoto-1348693999-612x612_jpg.rf.b28e5b7b7d4c5a8d48842e94316eee6d__844c47e6f8.jpg,0,0,0,source_annotation_pending_spot_check
fastener_object_detection,test,fastener_object_detection__istockphoto-1355977181-612x612_jpg.rf.7bfbf5a1c0019c6cde1bd3ea0c648494__025ec3b0df.jpg,0,0,0,source_annotation_pending_spot_check
fastener_object_detection,test,fastener_object_detection__istockphoto-1361510713-612x612_jpg.rf.4cf3a276a78854276b88462cf5484195__73214718db.jpg,0,0,0,source_annotation_pending_spot_check
fastener_object_detection,test,fastener_object_detection__istockphoto-177245793-612x612_jpg.rf.7d05ab80f452999faa94335bb88f86cb__2c1dcfbe97.jpg,0,0,0,source_annotation_pending_spot_check
fastener_object_detection,test,fastener_object_detection__istockphoto-534399316-612x612_jpg.rf.8c927b55f70fb564d384f589345171df__f0d7c07790.jpg,0,0,0,source_annotation_pending_spot_check
fastener_object_detection,test,fastener_object_detection__istockphoto-654652374-612x612_jpg.rf.81c0af1329d243f2bd5cb8390f43a954__34602829f5.jpg,0,0,0,source_annotation_pending_spot_check
fastener_object_detection,test,fastener_object_detection__istockphoto-878176324-612x612_jpg.rf.6d9a3f3ecebe86b15a45a096650c0dde__29cf45f34e.jpg,0,0,0,source_annotation_pending_spot_check
fastener_object_detection,test,fastener_object_detection__istockphoto-878176358-612x612_jpg.rf.95b7cbfbfef53c6cf757da3e10b6ded3__ff32f42d0d.jpg,0,0,0,source_annotation_pending_spot_check
fastener_object_detection,test,fastener_object_detection__istockphoto-884409778-612x612_jpg.rf.63a11dc9b0fdade29c54cee6fa8e20e2__b2ee87844c.jpg,0,0,0,source_annotation_pending_spot_check
fastener_object_detection,test,fastener_object_detection__istockphoto-926312542-612x612_jpg.rf.91bb090dc42d2547a70d68e9f751e8c7__ae9f652863.jpg,0,0,0,source_annotation_pending_spot_check
fastener_object_detection,test,fastener_object_detection__istockphoto-989230110-612x612_jpg.rf.eef0fb38841bf17bef9ca9fe91259ea3__747685f7c0.jpg,0,0,0,source_annotation_pending_spot_check
fastener_object_detection,test,fastener_object_detection__item-slot-oval-ms-zp__15781_jpg.rf.23512f88f90b1d2ade777c11a5c7dcd5__e24149b666.jpg,0,0,1,source_annotation_pending_spot_check
fastener_object_detection,test,fastener_object_detection__machine-screw-socket-head-bass-hole-hexagon-socket-4-m5x20-thread-length-16-class-88-steel_jpg.rf.9d28d4a066c92c8af6026d1a2c5c10f9__eda3f23a11.jpg,0,0,0,source_annotation_pending_spot_check
fastener_object_detection,test,fastener_object_detection__many-silver-self-tapping-screws-closeup-photo-top-view-220397939_jpg.rf.13078a3e539a1b5be9eab8a30d0dee4d__4dd4c2271b.jpg,0,0,0,source_annotation_pending_spot_check
fastener_object_detection,test,fastener_object_detection__nails-screws-professional-use-construction-carpentry-selective-focus-nails-screws-professional-use-240108149_jpg.rf.040a42dec562d19d28ab42cf666dd0c7__0fae5e4f79.jpg,0,0,0,source_annotation_pending_spot_check
fastener_object_detection,test,fastener_object_detection__pile-black-self-tapping-screws-background-fastening-wooden-metal-structures-drywall-elements-214698095_jpg.rf.cc7e2f2e7ec26973de3193dedc14ef34__15f7e5c27b.jpg,0,0,0,source_annotation_pending_spot_check
fastener_object_detection,test,fastener_object_detection__pile-cross-recessed-machine-screws-white-surface-small-pile-machine-screws-cross-recessed-pan-head-white-anti-211921970_jpg.rf.61210259b2c54778ba46377eceda2c69__3446cd007c.jpg,0,0,0,source_annotation_pending_spot_check
fastener_object_detection,test,fastener_object_detection__pile-long-wood-screws-white-pile-long-wood-screws-white-background-161987274_jpg.rf.a279d0901da6b3574a79c977417f160a__6db675f1a6.jpg,0,0,0,source_annotation_pending_spot_check
fastener_object_detection,test,fastener_object_detection__pile-metal-screws-isolated-white-background-88736723_jpg.rf.cd1b129d08ec109af98bf4a8752b1ba2__dbf4b43678.jpg,0,0,0,source_annotation_pending_spot_check
fastener_object_detection,test,fastener_object_detection__pile-screws-7670811_jpg.rf.7bef992f9813d36341dee698759a4888__05c7654efd.jpg,0,0,0,source_annotation_pending_spot_check
fastener_object_detection,test,fastener_object_detection__screw-pile-13662265_jpg.rf.b01ad61e4ab23bab9ed2658ec141cf89__c160645192.jpg,0,0,0,source_annotation_pending_spot_check
fastener_object_detection,test,fastener_object_detection__screws-truss-head-type-91665532_jpg.rf.fcaa7bddb2be8ad5a704712e9ef71c54__66cba4a3ff.jpg,0,0,0,source_annotation_pending_spot_check
fastener_object_detection,test,fastener_object_detection__silver-wood-screws-photo-taken-inside-lightbox-canon-d-silver-wood-screws-inside-lightbox-138507841_jpg.rf.021a97f9c9a9b1de5fd94367a63bd1ba__73881bb6f4.jpg,0,0,0,source_annotation_pending_spot_check
fastener_object_detection,test,fastener_object_detection__square_2D00_drive_2D00_v_2D00_philips_2D00_head1_jpg.rf.2b40381b45ab2582040f1d175bb0632a__3e903f55fa.jpg,0,0,3,source_annotation_pending_spot_check
fastener_object_detection,test,fastener_object_detection__stack-screws-193984_jpg.rf.481d2ef7f7b3d487f8f9f7b941275559__ddebbb1a6e.jpg,0,0,0,source_annotation_pending_spot_check
fastener_object_detection,test,fastener_object_detection__stainless-steel-screws-14587479_jpg.rf.66328456634e11176fef536b63036361__1d9d83e6fc.jpg,0,0,0,source_annotation_pending_spot_check
fastener_object_detection,test,fastener_object_detection__stainless-steel-screws-background-texture-42525275_jpg.rf.a6345d5a8abfd1be68b0298d56db1f34__f69338cfa4.jpg,0,0,0,source_annotation_pending_spot_check
screw_nut_bolt,train,screw_nut_bolt__snap_1775102249_jpg.rf.c82639bcd662d7b0e0c5f835d30d7723__09b0d38693.jpg,19,0,0,source_annotation_pending_spot_check
screw_nut_bolt,train,screw_nut_bolt__snap_1775102259_jpg.rf.30788cd218f7d6839a0046928f20289a__48a1c44898.jpg,19,0,0,source_annotation_pending_spot_check
screw_nut_bolt,train,screw_nut_bolt__snap_1775102264_jpg.rf.13d2f77f2674cb349719da4d3f6efa71__8600c2a176.jpg,19,0,0,source_annotation_pending_spot_check
screw_nut_bolt,train,screw_nut_bolt__snap_1775102267_jpg.rf.3406e615418405a5cbacb38684320d88__939348eb15.jpg,19,0,0,source_annotation_pending_spot_check
screw_nut_bolt,train,screw_nut_bolt__snap_1775102271_jpg.rf.9c7dbf3addfa7a65a2a70f06e1e5f5ea__583c2daed7.jpg,18,0,0,source_annotation_pending_spot_check
screw_nut_bolt,valid,screw_nut_bolt__snap_1775102276_jpg.rf.09259ed61e50faffd3354acfec641671__4102966b9b.jpg,19,0,0,source_annotation_pending_spot_check
screw_nut_bolt,train,screw_nut_bolt__snap_1775102281_jpg.rf.31903b8a1f4d05cd34483c11f7065d85__3bd53dbfa6.jpg,19,0,0,source_annotation_pending_spot_check
screw_nut_bolt,test,screw_nut_bolt__snap_1775102284_jpg.rf.495fae94e96d7eaaa6d1f5763c97f4a6__475a98f93b.jpg,18,0,0,source_annotation_pending_spot_check
screw_nut_bolt,test,screw_nut_bolt__snap_1775102296_jpg.rf.bf07688d3ba421ca53b95e25d4c9d9a2__bcd6a1f3ef.jpg,19,0,0,source_annotation_pending_spot_check
screw_nut_bolt,train,screw_nut_bolt__snap_1775102299_jpg.rf.37129b700952aa0161fd004832e2e717__f81925204f.jpg,18,0,0,source_annotation_pending_spot_check
screw_nut_bolt,train,screw_nut_bolt__snap_1775102301_jpg.rf.5deccc2191169c98eee7ffe2643668a9__df465d074e.jpg,19,0,0,source_annotation_pending_spot_check
screw_nut_bolt,train,screw_nut_bolt__snap_1775102303_jpg.rf.c5a2a82cbd5476c18ada0fc7f436fc04__f7bb1fa68c.jpg,19,0,0,source_annotation_pending_spot_check
screw_nut_bolt,train,screw_nut_bolt__snap_1775102305_jpg.rf.03fc5ddea0c7eb1cf6189f5ce828e72b__e535c1bcb7.jpg,19,0,0,source_annotation_pending_spot_check
screw_nut_bolt,train,screw_nut_bolt__snap_1775102310_jpg.rf.866c9c92368032b4db7a942376bf9533__f768adec7a.jpg,19,0,0,source_annotation_pending_spot_check
screw_nut_bolt,train,screw_nut_bolt__snap_1775102313_jpg.rf.cfffca036322332707657fbb2e868342__dffb62340d.jpg,19,0,0,source_annotation_pending_spot_check
screw_nut_bolt,train,screw_nut_bolt__snap_1775102316_jpg.rf.c0345f7510878d7fda2eb959f6919969__4ebf96d47e.jpg,21,0,0,source_annotation_pending_spot_check
screw_nut_bolt,train,screw_nut_bolt__snap_1775102318_jpg.rf.666fa4404de2a270164fb1e61e616040__37effd47e2.jpg,17,0,0,source_annotation_pending_spot_check
screw_nut_bolt,valid,screw_nut_bolt__snap_1775102320_jpg.rf.9a8f9df72618be7430f9115817f66765__865f8566ca.jpg,18,0,0,source_annotation_pending_spot_check
screw_nut_bolt,train,screw_nut_bolt__snap_1775102323_jpg.rf.19afd13e7e95e5c7e69f82968e206e74__44793386d2.jpg,18,0,0,source_annotation_pending_spot_check
screw_nut_bolt,train,screw_nut_bolt__snap_1775102327_jpg.rf.5a13f891c1ac534c6e48bcbfe34d3b00__842a8e5dda.jpg,21,0,0,source_annotation_pending_spot_check
screw_nut_bolt,train,screw_nut_bolt__snap_1775102329_jpg.rf.3c1e3c159022bf2a866eccb1b8643326__613b014e45.jpg,20,0,0,source_annotation_pending_spot_check
screw_nut_bolt,train,screw_nut_bolt__snap_1775102331_jpg.rf.758fc9f15549aa6817c962aec832bab1__66470ebdfa.jpg,20,0,0,source_annotation_pending_spot_check
screw_nut_bolt,train,screw_nut_bolt__snap_1775102334_jpg.rf.ad969415e63ec8f139bc1fd83e7d4abb__dc8f50c0d1.jpg,19,0,0,source_annotation_pending_spot_check
screw_nut_bolt,train,screw_nut_bolt__snap_1775102336_jpg.rf.ee7ba22e328333849aa0c37eba324031__f7252599ca.jpg,17,0,0,source_annotation_pending_spot_check
screw_nut_bolt,train,screw_nut_bolt__snap_1775102338_jpg.rf.8949714b8997063dc0df398b394b7648__1ff3fd0992.jpg,18,0,0,source_annotation_pending_spot_check
screw_nut_bolt,train,screw_nut_bolt__snap_1775102340_jpg.rf.e8da927bbde6cac2073c9d9151a771fa__0e3e06c6cb.jpg,18,0,0,source_annotation_pending_spot_check
screw_nut_bolt,train,screw_nut_bolt__snap_1775102343_jpg.rf.55a192a47c215d8ccdc1a7a4da103723__8756dbc6d3.jpg,17,0,0,source_annotation_pending_spot_check
screw_nut_bolt,train,screw_nut_bolt__snap_1775102345_jpg.rf.40cf5eac850775f1b3b02a8b0a9a04f9__0a9e819650.jpg,17,0,0,source_annotation_pending_spot_check
screw_nut_bolt,train,screw_nut_bolt__snap_1775102347_jpg.rf.ccb7a4b7caa2e564e1b62e184ba48e8f__bfc2a708d0.jpg,18,0,0,source_annotation_pending_spot_check
screw_nut_bolt,train,screw_nut_bolt__snap_1775102349_jpg.rf.4614b4de2b4cd7e0cdfb5766cc74bb69__9528b89c24.jpg,19,0,0,source_annotation_pending_spot_check
screw_nut_bolt,train,screw_nut_bolt__snap_1775102352_jpg.rf.a6bdfbc37533733ee732df01b035d2a1__108b080aca.jpg,19,0,0,source_annotation_pending_spot_check
screw_nut_bolt,train,screw_nut_bolt__snap_1775102354_jpg.rf.4159923c524b28de0268e7e69359f32b__c0fe5dc3e8.jpg,20,0,0,source_annotation_pending_spot_check
screw_nut_bolt,train,screw_nut_bolt__snap_1775102357_jpg.rf.367a70b1bf696cc2272cff029044740e__d8cca7c16c.jpg,19,0,0,source_annotation_pending_spot_check
screw_nut_bolt,train,screw_nut_bolt__snap_1775102360_jpg.rf.7bcd0175d1ee15695f914b1201110126__d0419dcf35.jpg,19,0,0,source_annotation_pending_spot_check
screw_nut_bolt,train,screw_nut_bolt__snap_1775102362_jpg.rf.42f988bd9f0f8fd92fc0b3a579489f3b__49eec9744a.jpg,19,0,0,source_annotation_pending_spot_check
screw_nut_bolt,train,screw_nut_bolt__snap_1775102371_jpg.rf.ac0bd021ee1e58bb15b4ff72862d88ab__2d6252bc8d.jpg,19,0,0,source_annotation_pending_spot_check
screw_nut_bolt,train,screw_nut_bolt__snap_1775102376_jpg.rf.fa9cd860a21940fd1d0a090f3f5cdb28__c94ba9648f.jpg,19,0,0,source_annotation_pending_spot_check
screw_nut_bolt,train,screw_nut_bolt__snap_1775102378_jpg.rf.d78932ffaaaf291b55a36a027def0b59__330852377a.jpg,19,0,0,source_annotation_pending_spot_check
screw_nut_bolt,test,screw_nut_bolt__snap_1775102380_jpg.rf.02887ef81d85a5f2bc3887f14c9777ec__497a143c43.jpg,19,0,0,source_annotation_pending_spot_check
screw_nut_bolt,train,screw_nut_bolt__snap_1775102381_jpg.rf.a28e3bab9df4d3707355434d5d92ebb5__cc5dfaa9e8.jpg,19,0,0,source_annotation_pending_spot_check
screw_nut_bolt,train,screw_nut_bolt__snap_1775102383_jpg.rf.a6247599a00d0071364221e4a970159d__562e64106c.jpg,17,0,0,source_annotation_pending_spot_check
screw_nut_bolt,train,screw_nut_bolt__snap_1775102385_jpg.rf.2d9b6c86ccfc1d1fd809d74b81faa7a3__648013c46f.jpg,18,0,0,source_annotation_pending_spot_check
screw_nut_bolt,train,screw_nut_bolt__snap_1775102388_jpg.rf.8d5887231113cbed67218e2a6e701428__dcdedc1c01.jpg,18,0,0,source_annotation_pending_spot_check
screw_nut_bolt,train,screw_nut_bolt__snap_1775102389_jpg.rf.818eb2c4b733fbc77fa55485c0e75f17__50cd39c15a.jpg,19,0,0,source_annotation_pending_spot_check
screw_nut_bolt,train,screw_nut_bolt__snap_1775102392_jpg.rf.ee20015406f0cb36218e544ce4924ea2__9d862fdcbb.jpg,20,0,0,source_annotation_pending_spot_check
screw_nut_bolt,train,screw_nut_bolt__snap_1775102394_jpg.rf.e6a6ada211a5e18d5a7a33298cd046b7__7defd49656.jpg,20,0,0,source_annotation_pending_spot_check
screw_nut_bolt,train,screw_nut_bolt__snap_1775102395_jpg.rf.f533a16aef101096be137de0d48db98a__3d2bc99287.jpg,19,0,0,source_annotation_pending_spot_check
screw_nut_bolt,train,screw_nut_bolt__snap_1775102398_jpg.rf.c31e44d5492623752b5e18ab78d1aae8__098c7cab63.jpg,19,0,0,source_annotation_pending_spot_check
screw_nut_bolt,train,screw_nut_bolt__snap_1775102400_jpg.rf.462fa7d69855346ae53df16155eb566b__d2378f91d6.jpg,19,0,0,source_annotation_pending_spot_check
screw_nut_bolt,train,screw_nut_bolt__snap_1775102402_jpg.rf.37f0005d237d1e2ea85c7dc76a6f1a93__e178f67ca8.jpg,18,0,0,source_annotation_pending_spot_check
screw_nut_bolt,test,screw_nut_bolt__snap_1775102404_jpg.rf.85ae02d504ee10e76ca6f4ba58285ab5__2b2bdc461c.jpg,18,0,0,source_annotation_pending_spot_check
screw_nut_bolt,valid,screw_nut_bolt__snap_1775102407_jpg.rf.87d2d91971e19dc04a3b65b7328dc6be__a6fcd0225c.jpg,18,0,0,source_annotation_pending_spot_check
screw_nut_bolt,train,screw_nut_bolt__snap_1775102409_jpg.rf.9aa10fb43534c5a72169a0c3dcecc3dc__515bb2b474.jpg,18,0,0,source_annotation_pending_spot_check
screw_nut_bolt,train,screw_nut_bolt__snap_1775102414_jpg.rf.4a308ad579106988bf4155b42e9ccc5f__113562939c.jpg,18,0,0,source_annotation_pending_spot_check
screw_nut_bolt,train,screw_nut_bolt__snap_1775102417_jpg.rf.81c9e391adc83782c6b23c77169d4bad__840155226d.jpg,18,0,0,source_annotation_pending_spot_check
screw_nut_bolt,test,screw_nut_bolt__snap_1775102424_jpg.rf.c9b40a0e2899cc3e7f91d1c39a0a09c6__73567b67ab.jpg,14,0,0,source_annotation_pending_spot_check
screw_nut_bolt,train,screw_nut_bolt__snap_1775102426_jpg.rf.19806891bf68d30d092c39871e3c2a28__f97e8b79e7.jpg,14,0,0,source_annotation_pending_spot_check
screw_nut_bolt,train,screw_nut_bolt__snap_1775102429_jpg.rf.5aad1796ea892ea40b318d34900fc0d2__b3a014ae0e.jpg,17,0,0,source_annotation_pending_spot_check
screw_nut_bolt,train,screw_nut_bolt__snap_1775102431_jpg.rf.dbfc03c24921231d5c3ee136fc8933e8__2533af6e0e.jpg,18,0,0,source_annotation_pending_spot_check
screw_nut_bolt,train,screw_nut_bolt__snap_1775102433_jpg.rf.63d40bccebacb4ab88ed2b181042d4c6__c91058ca20.jpg,18,0,0,source_annotation_pending_spot_check
screw_nut_bolt,valid,screw_nut_bolt__snap_1775102435_jpg.rf.b4f0b50784eab5410f4dd6093ad543b3__bc002d2405.jpg,19,0,0,source_annotation_pending_spot_check
screw_nut_bolt,train,screw_nut_bolt__snap_1775102437_jpg.rf.194bfb38245e317bc1e3feb2c8c76130__275a1e0c4a.jpg,16,0,0,source_annotation_pending_spot_check
screw_nut_bolt,train,screw_nut_bolt__snap_1775102441_jpg.rf.3f296be807b9df5c8194d318bf85a230__e8922e9278.jpg,16,0,0,source_annotation_pending_spot_check
screw_nut_bolt,train,screw_nut_bolt__snap_1775102442_jpg.rf.09ad843cb7fd6bbeaaf7d64141e94738__ae0d238459.jpg,16,0,0,source_annotation_pending_spot_check
screw_nut_bolt,train,screw_nut_bolt__snap_1775102444_jpg.rf.6b4ebaa7955174ebebfe7ab3b2b7da42__f266cbeea3.jpg,16,0,0,source_annotation_pending_spot_check
screw_nut_bolt,test,screw_nut_bolt__snap_1775102445_jpg.rf.9e596f6f9fc7d4742ce2d70f5ec1e62e__2615a207de.jpg,16,0,0,source_annotation_pending_spot_check
screw_nut_bolt,train,screw_nut_bolt__snap_1775102447_jpg.rf.c56647d9a5da7d8c3bcebbf421cc54e5__9575f2ae73.jpg,18,0,0,source_annotation_pending_spot_check
screw_nut_bolt,train,screw_nut_bolt__snap_1775102448_jpg.rf.4494cdd9acadc36781be3fa9a98ae88d__eb0cee5268.jpg,17,0,0,source_annotation_pending_spot_check
screw_nut_bolt,train,screw_nut_bolt__snap_1775102450_jpg.rf.f6c03cd0c7ceb08ed3c46557cb679ffb__fc0518fc96.jpg,15,0,0,source_annotation_pending_spot_check
screw_nut_bolt,test,screw_nut_bolt__snap_1775102451_jpg.rf.bc3bccfd49be141c61f8793ceaea6e7d__0656fb2342.jpg,13,0,0,source_annotation_pending_spot_check
screw_nut_bolt,train,screw_nut_bolt__snap_1775102452_jpg.rf.ebc89116c3340cdd617e004199530b04__c01b77f5d4.jpg,19,0,0,source_annotation_pending_spot_check
screw_nut_bolt,test,screw_nut_bolt__snap_1775102454_jpg.rf.a70f4006248b9880dd7eb7add91d30cb__13995d7931.jpg,17,0,0,source_annotation_pending_spot_check
screw_nut_bolt,train,screw_nut_bolt__snap_1775102456_jpg.rf.5919fe8ee24155b51d5d2c29a928ff0d__742d7724bc.jpg,18,0,0,source_annotation_pending_spot_check
screw_nut_bolt,train,screw_nut_bolt__snap_1775102457_jpg.rf.f6a22accc2dac135fe6d5dcc91241805__5a7dbd9dca.jpg,19,0,0,source_annotation_pending_spot_check
screw_nut_bolt,train,screw_nut_bolt__snap_1775102459_jpg.rf.e02ca7b04aa48818346b0ab66df3021f__8dd4070714.jpg,18,0,0,source_annotation_pending_spot_check
screw_nut_bolt,train,screw_nut_bolt__snap_1775102460_jpg.rf.033b15dff54f49b3d4d3e3b5d249f4b3__a4fcc7a13a.jpg,18,0,0,source_annotation_pending_spot_check
screw_nut_bolt,train,screw_nut_bolt__snap_1775102462_jpg.rf.7b088e4ebf77af7e16662485ec15a392__72c3539bdb.jpg,14,0,0,source_annotation_pending_spot_check
screw_nut_bolt,valid,screw_nut_bolt__snap_1775102464_jpg.rf.27439a2f319739c97727fc8eb819104f__bae82a9ef0.jpg,16,0,0,source_annotation_pending_spot_check
screw_nut_bolt,train,screw_nut_bolt__snap_1775102465_jpg.rf.22b99da76e7ed8e71e4f5788e75315bc__634704d528.jpg,19,0,0,source_annotation_pending_spot_check
screw_nut_bolt,train,screw_nut_bolt__snap_1775102467_jpg.rf.832171de9a45a68c4bd83e30917143e9__0fe8367a85.jpg,16,0,0,source_annotation_pending_spot_check
screw_nut_bolt,valid,screw_nut_bolt__snap_1775102469_jpg.rf.5f5ea6be855ff3713eb66e4d2c93b30d__ee3c340d0d.jpg,18,0,0,source_annotation_pending_spot_check
screw_nut_bolt,train,screw_nut_bolt__snap_1775102470_jpg.rf.2258432a64d30d338d4f4f8dcf110b32__521ba09413.jpg,20,0,0,source_annotation_pending_spot_check
screw_nut_bolt,train,screw_nut_bolt__snap_1775102472_jpg.rf.857650a96deefe49ca5531622b7e44a9__5d7f8bbfe1.jpg,19,0,0,source_annotation_pending_spot_check
screw_nut_bolt,train,screw_nut_bolt__snap_1775102473_jpg.rf.5d16e13df030d6577a99eeb32cd92003__ffc094d983.jpg,19,0,0,source_annotation_pending_spot_check
screw_nut_bolt,train,screw_nut_bolt__snap_1775102475_jpg.rf.9bf04bf4062825fe4d0de091c1f72b7c__b7e84ab520.jpg,19,0,0,source_annotation_pending_spot_check
screw_nut_bolt,train,screw_nut_bolt__snap_1775102476_jpg.rf.ca965c158cbaea217a9d5f14f61323ad__41d4d69f4b.jpg,19,0,0,source_annotation_pending_spot_check
screw_nut_bolt,train,screw_nut_bolt__snap_1775102477_jpg.rf.73956b918fbc121357a304fe60eb7437__8031870693.jpg,19,0,0,source_annotation_pending_spot_check
screw_nut_bolt,train,screw_nut_bolt__snap_1775102479_jpg.rf.1727fbcd36046e43f8a3015e4252f772__b1ba22a6a8.jpg,17,0,0,source_annotation_pending_spot_check
screw_nut_bolt,train,screw_nut_bolt__snap_1775102480_jpg.rf.f5a646dd6cf58d12afacac2e58acd401__d23e4837bf.jpg,20,0,0,source_annotation_pending_spot_check
screw_nut_bolt,train,screw_nut_bolt__snap_1775102482_jpg.rf.1aa09d29047bbc62c6510811c6279681__2d8a4c8f0b.jpg,19,0,0,source_annotation_pending_spot_check
screw_nut_bolt,train,screw_nut_bolt__snap_1775102483_jpg.rf.f1f162499c99e818adba0077ece0a2d5__579830580b.jpg,20,0,0,source_annotation_pending_spot_check
screw_nut_bolt,train,screw_nut_bolt__snap_1775102485_jpg.rf.b40a7264313567ed386b6aba5e90a749__521e2485fc.jpg,19,0,0,source_annotation_pending_spot_check
screw_nut_bolt,valid,screw_nut_bolt__snap_1775102489_jpg.rf.4852628516953296e9f9689855e6a905__6748ecf1da.jpg,17,0,0,source_annotation_pending_spot_check
screw_nut_bolt,train,screw_nut_bolt__snap_1775102492_jpg.rf.2e517188fd0f7b77aea530a3d66f729c__1d4467abfd.jpg,20,0,0,source_annotation_pending_spot_check
screw_nut_bolt,valid,screw_nut_bolt__snap_1775102495_jpg.rf.d9386327f4e2771ac4fbfcb908b5f227__07b9430d57.jpg,17,0,0,source_annotation_pending_spot_check
screw_nut_bolt,train,screw_nut_bolt__snap_1775102497_jpg.rf.5daa1355975040ea4454ba2a364d6200__d00a5270bc.jpg,17,0,0,source_annotation_pending_spot_check
screw_nut_bolt,train,screw_nut_bolt__snap_1775102499_jpg.rf.4a19fa6d69c5785488fce5047c03c149__de3f74e72e.jpg,19,0,0,source_annotation_pending_spot_check
screw_nut_bolt,train,screw_nut_bolt__snap_1775102500_jpg.rf.b6cf8b3e8f3d450ebd0b37f6021b6d48__97bb3cab0d.jpg,19,0,0,source_annotation_pending_spot_check
screw_nut_bolt,train,screw_nut_bolt__snap_1775102502_jpg.rf.f0afbe0e219da16f902a2b00f9580b49__f5021454ba.jpg,19,0,0,source_annotation_pending_spot_check
screw_nut_bolt,train,screw_nut_bolt__snap_1775102503_jpg.rf.6d5eb6f30ea50b222b6942cea05038e3__c90ba1fbb9.jpg,19,0,0,source_annotation_pending_spot_check
screw_nut_bolt,train,screw_nut_bolt__snap_1775102505_jpg.rf.f6bf6aa3c75ca89a63635593cf4048da__af35649ab6.jpg,19,0,0,source_annotation_pending_spot_check
screw_nut_bolt,train,screw_nut_bolt__snap_1775102506_jpg.rf.c7456010cb36c399deebc4cb55b5281b__ae3b6e6f19.jpg,19,0,0,source_annotation_pending_spot_check
screw_nut_bolt,valid,screw_nut_bolt__snap_1775102509_jpg.rf.70b7cd10b6df9371c80d9c3614ebf2d7__9617839270.jpg,19,0,0,source_annotation_pending_spot_check
screw_nut_bolt,train,screw_nut_bolt__snap_1775102511_jpg.rf.0f6127dc8970daabf0fc933ad96a11a2__bfe652a41c.jpg,20,0,0,source_annotation_pending_spot_check
screw_nut_bolt,train,screw_nut_bolt__snap_1775102514_jpg.rf.e55730da4fda0ea546486073ee929c0e__77881765bc.jpg,19,0,0,source_annotation_pending_spot_check
screw_nut_bolt,train,screw_nut_bolt__snap_1775102515_jpg.rf.15a7a12559e6afe5d3b9999369609fbd__c3671f56ee.jpg,17,0,0,source_annotation_pending_spot_check
screw_nut_bolt,train,screw_nut_bolt__snap_1775102517_jpg.rf.d224840908ef6857f1c1248f1ca1f694__96d5b8f9db.jpg,18,0,0,source_annotation_pending_spot_check
screw_nut_bolt,train,screw_nut_bolt__snap_1775102518_jpg.rf.34f03332cfa052307dcad1e4f539f68f__201c70c1e8.jpg,19,0,0,source_annotation_pending_spot_check
screw_nut_bolt,train,screw_nut_bolt__snap_1775102587_jpg.rf.156cb74a7a2bfc4249a6fd2656b18696__3aa23a9652.jpg,22,0,0,source_annotation_pending_spot_check
screw_nut_bolt,train,screw_nut_bolt__snap_1775102589_jpg.rf.4ef2d5e130c7d375c3c6bbccf1f73622__b44cc54fe8.jpg,22,0,0,source_annotation_pending_spot_check
screw_nut_bolt,train,screw_nut_bolt__snap_1775102591_jpg.rf.6adee13f3e8419161b8592fd3a201415__6e399c5681.jpg,22,0,0,source_annotation_pending_spot_check
screw_nut_bolt,train,screw_nut_bolt__snap_1775102592_jpg.rf.875dec19f1429890ff15cc5a21b1435e__810189ef77.jpg,22,0,0,source_annotation_pending_spot_check
screw_nut_bolt,train,screw_nut_bolt__snap_1775102594_jpg.rf.499c092f776173530c6c00ea09631fd3__40fe0647c0.jpg,23,0,0,source_annotation_pending_spot_check
screw_nut_bolt,train,screw_nut_bolt__snap_1775102596_jpg.rf.1e5301332602ae24c27e7cc2424e6f3e__5539e093df.jpg,22,0,0,source_annotation_pending_spot_check
screw_nut_bolt,test,screw_nut_bolt__snap_1775102597_jpg.rf.0c1134947acb578eecd915389c01662e__cacd315545.jpg,23,0,0,source_annotation_pending_spot_check
screw_nut_bolt,train,screw_nut_bolt__snap_1775102599_jpg.rf.dab414f98ec83f075e245f8aee639270__4c160b4dba.jpg,22,0,0,source_annotation_pending_spot_check
screw_nut_bolt,train,screw_nut_bolt__snap_1775102601_jpg.rf.fc00cf1516e5cfff1e95f6a8631440b4__7963586255.jpg,22,0,0,source_annotation_pending_spot_check
screw_nut_bolt,test,screw_nut_bolt__snap_1775102604_jpg.rf.83e0a294da91f3686d0c550a082aa21f__03a8b8b1ba.jpg,22,0,0,source_annotation_pending_spot_check
screw_nut_bolt,train,screw_nut_bolt__snap_1775102606_jpg.rf.70ee34c717d4006c129539d5716b8d9f__eecc055215.jpg,22,0,0,source_annotation_pending_spot_check
screw_nut_bolt,train,screw_nut_bolt__snap_1775102607_jpg.rf.2c48c7d7c2b54f99413466000952aae4__8304968c8d.jpg,21,0,0,source_annotation_pending_spot_check
screw_nut_bolt,train,screw_nut_bolt__snap_1775102609_jpg.rf.d0afca8ec5db9e561ed759ffce8873e6__1fa0301f2a.jpg,21,0,0,source_annotation_pending_spot_check
screw_nut_bolt,train,screw_nut_bolt__snap_1775102610_jpg.rf.4d8965f773b38a2bfa04a73aaefda62b__82254a3f0e.jpg,21,0,0,source_annotation_pending_spot_check
screw_nut_bolt,train,screw_nut_bolt__snap_1775102612_jpg.rf.3529963943cc6f117ebe5c3c73429db8__8d7808f444.jpg,21,0,0,source_annotation_pending_spot_check
screw_nut_bolt,train,screw_nut_bolt__snap_1775102613_jpg.rf.d0eda3283bfbe77a01efe50eeadc6679__5320e690d8.jpg,21,0,0,source_annotation_pending_spot_check
screw_nut_bolt,train,screw_nut_bolt__snap_1775102614_jpg.rf.071b673c2d7c2400a64128de72209b35__a3804f1eb6.jpg,21,0,0,source_annotation_pending_spot_check
screw_nut_bolt,train,screw_nut_bolt__snap_1775102616_jpg.rf.de4db255699ae9508cc7c9733bc3d5a8__c1c5b9db01.jpg,21,0,0,source_annotation_pending_spot_check
screw_nut_bolt,test,screw_nut_bolt__snap_1775102617_jpg.rf.fdb41fd99a2737dd7c1d40c434f1517d__69a276f532.jpg,22,0,0,source_annotation_pending_spot_check
screw_nut_bolt,valid,screw_nut_bolt__snap_1775102620_jpg.rf.211b1568f7988880200bc6d35697d9bb__dee78f2d6a.jpg,22,0,0,source_annotation_pending_spot_check
screw_nut_bolt,train,screw_nut_bolt__snap_1775102639_jpg.rf.d1635481d10c41a6782688eced931e1c__d2951eb98e.jpg,22,0,0,source_annotation_pending_spot_check
screw_nut_bolt,train,screw_nut_bolt__snap_1775102640_jpg.rf.fff652b73d962a4568092a90b51767a4__0fe6605c59.jpg,22,0,0,source_annotation_pending_spot_check
screw_nut_bolt,train,screw_nut_bolt__snap_1775102643_jpg.rf.97699afd94340cf197acf9420d4e2d0b__3b51c059d6.jpg,23,0,0,source_annotation_pending_spot_check
screw_nut_bolt,train,screw_nut_bolt__snap_1775102646_jpg.rf.7f79a88152b0f811ed938c71185159b4__1b7e77d2ae.jpg,22,0,0,source_annotation_pending_spot_check
screw_nut_bolt,train,screw_nut_bolt__snap_1775102648_jpg.rf.adadecb8770f7f4c2af93ebdd739ba3b__7fcc5b9e54.jpg,22,0,0,source_annotation_pending_spot_check
screw_nut_bolt,train,screw_nut_bolt__snap_1775102650_jpg.rf.60e9df32789c4ab1cc63828f12d27dca__2a78e88d94.jpg,22,0,0,source_annotation_pending_spot_check
screw_nut_bolt,train,screw_nut_bolt__snap_1775102652_jpg.rf.769fe7f5f3034c671737ff88fa4992b8__24f69536ce.jpg,23,0,0,source_annotation_pending_spot_check
screw_nut_bolt,train,screw_nut_bolt__snap_1775102654_jpg.rf.d7c5e600810e60a625c3c4ee75ffe400__753b0ebd07.jpg,21,0,0,source_annotation_pending_spot_check
screw_nut_bolt,valid,screw_nut_bolt__snap_1775102656_jpg.rf.e6a3fe20beed7bba798d0f8295f31fd2__f239085d28.jpg,22,0,0,source_annotation_pending_spot_check
screw_nut_bolt,train,screw_nut_bolt__snap_1775102658_jpg.rf.914d463193f529461965cb14984d845e__1cc2f4d589.jpg,21,0,0,source_annotation_pending_spot_check
screw_nut_bolt,train,screw_nut_bolt__snap_1775102660_jpg.rf.072b2cc7d1e69b284aa28cd73d3b6796__0bf6092685.jpg,21,0,0,source_annotation_pending_spot_check
screw_nut_bolt,train,screw_nut_bolt__snap_1775102661_jpg.rf.626df34c3d7f48a1bf311f417e48b980__b3282b2430.jpg,21,0,0,source_annotation_pending_spot_check
screw_nut_bolt,train,screw_nut_bolt__snap_1775102666_jpg.rf.8594b9dd55f41b72f7d7717cc4ebc90a__f70613e671.jpg,22,0,0,source_annotation_pending_spot_check
screw_nut_bolt,train,screw_nut_bolt__snap_1775102774_jpg.rf.61d7c7c08aa08a3556cf95953284e0b4__adff2d9f19.jpg,22,0,0,source_annotation_pending_spot_check
screw_nut_bolt,train,screw_nut_bolt__snap_1775102775_jpg.rf.a4ea02927a4859408beacb43914800cf__7dc6ec970f.jpg,23,0,0,source_annotation_pending_spot_check
screw_nut_bolt,train,screw_nut_bolt__snap_1775102776_jpg.rf.5ecc7b89fba8c83c28e1cb5f4e63b12c__ee723b2f80.jpg,22,0,0,source_annotation_pending_spot_check
screw_nut_bolt,train,screw_nut_bolt__snap_1775102778_jpg.rf.7cb18196586687d07477a5b3d777e768__b866752589.jpg,20,0,0,source_annotation_pending_spot_check
screw_nut_bolt,train,screw_nut_bolt__snap_1775102780_jpg.rf.93a01274d61dd9088588c95adab47063__c50d5ac333.jpg,22,0,0,source_annotation_pending_spot_check
screw_nut_bolt,train,screw_nut_bolt__snap_1775102790_jpg.rf.9755fcf17fdecea26eb9a866b628bbba__09ed55b722.jpg,21,0,0,source_annotation_pending_spot_check
screw_nut_bolt,test,screw_nut_bolt__snap_1775102791_jpg.rf.57b7e96c61cfe4a5c10c4d72cba452f3__c3e372e640.jpg,20,0,0,source_annotation_pending_spot_check
screw_nut_bolt,train,screw_nut_bolt__snap_1775102793_jpg.rf.d27d316d8301290cff635981ed0f0e5f__d13452ab77.jpg,20,0,0,source_annotation_pending_spot_check
screw_nut_bolt,valid,screw_nut_bolt__snap_1775102794_jpg.rf.b8ae543a9e652daa79f6f835fcc90d5d__5b1a82a728.jpg,22,0,0,source_annotation_pending_spot_check
screw_nut_bolt,train,screw_nut_bolt__snap_1775102796_jpg.rf.8d28f28e3e31677680e18fe712b8ee6a__7c4ee222ca.jpg,19,0,0,source_annotation_pending_spot_check
screw_nut_bolt,test,screw_nut_bolt__snap_1775102800_jpg.rf.eff10f522a294aa3c39fd9c423787273__1935f190a6.jpg,20,0,0,source_annotation_pending_spot_check
screw_nut_bolt,valid,screw_nut_bolt__snap_1775102802_jpg.rf.c5ea60fd1c3f65166775348704ae555c__3dfc98c27c.jpg,20,0,0,source_annotation_pending_spot_check
screw_nut_bolt,train,screw_nut_bolt__snap_1775102805_jpg.rf.1984ea46ea7c7fdf14059f4933d2be02__2e51ed4875.jpg,20,0,0,source_annotation_pending_spot_check
screw_nut_bolt,train,screw_nut_bolt__snap_1775102806_jpg.rf.a09229823f0732c5cfc666063d1eaf95__a60d3d54aa.jpg,19,0,0,source_annotation_pending_spot_check
screw_nut_bolt,train,screw_nut_bolt__snap_1775102808_jpg.rf.dc20f64e1d8c5908d10a9632a16bcba4__8db2cb102c.jpg,18,0,0,source_annotation_pending_spot_check
screw_nut_bolt,train,screw_nut_bolt__snap_1775102809_jpg.rf.0ded3fda7076c284df0e62ee30a0e9fc__99613ca077.jpg,19,0,0,source_annotation_pending_spot_check
screw_nut_bolt,train,screw_nut_bolt__snap_1775102811_jpg.rf.75c1b1aade06e53e889f770678ea1b65__95da819d76.jpg,18,0,0,source_annotation_pending_spot_check
screw_nut_bolt,train,screw_nut_bolt__snap_1775102813_jpg.rf.516b4a68aaf09e3d3d0c4755f61b8741__d794c0b095.jpg,18,0,0,source_annotation_pending_spot_check
screw_nut_bolt,test,screw_nut_bolt__snap_1775102814_jpg.rf.99004f4dd4b547b65c555fed6986ad32__dab330ff04.jpg,16,0,0,source_annotation_pending_spot_check
screw_nut_bolt,train,screw_nut_bolt__snap_1775102816_jpg.rf.71311c1ea73c95a46249aa849ba700df__cd5035dc01.jpg,17,0,0,source_annotation_pending_spot_check
screw_nut_bolt,valid,screw_nut_bolt__snap_1775102817_jpg.rf.9064f3b0e53531b0f57f432576886291__ec0d0ae7bc.jpg,18,0,0,source_annotation_pending_spot_check
screw_nut_bolt,valid,screw_nut_bolt__snap_1775102819_jpg.rf.284f12a0e44137150f3371bf6d12e104__a1c4dc16e5.jpg,18,0,0,source_annotation_pending_spot_check
screw_nut_bolt,valid,screw_nut_bolt__snap_1775102820_jpg.rf.9724da89eeddd7ce3811b7fe0172a50b__006d2aae76.jpg,18,0,0,source_annotation_pending_spot_check
screw_nut_bolt,train,screw_nut_bolt__snap_1775102821_jpg.rf.cabe697012fe20dc1f10d35016a5806c__8910bb02e0.jpg,19,0,0,source_annotation_pending_spot_check
screw_nut_bolt,train,screw_nut_bolt__snap_1775102823_jpg.rf.2e0adb880c7312f5214dee0e6ed1110a__e7c27a2b81.jpg,21,0,0,source_annotation_pending_spot_check
screw_nut_bolt,train,screw_nut_bolt__snap_1775102824_jpg.rf.5ae950a6ec669b5786e5afbda9b0a4dc__def86e6fa8.jpg,21,0,0,source_annotation_pending_spot_check
screw_nut_bolt,train,screw_nut_bolt__snap_1775102826_jpg.rf.3251db62eb5c3632ff3f0b32f22b5c3b__1745d68873.jpg,20,0,0,source_annotation_pending_spot_check
screw_nut_bolt,train,screw_nut_bolt__snap_1775102827_jpg.rf.91b47788ca9811caa6aa8ddcf863ea1e__cdd7b25018.jpg,20,0,0,source_annotation_pending_spot_check
screw_nut_bolt,train,screw_nut_bolt__snap_1775102829_jpg.rf.dc4da1ac5dcf4c3a6de9f312e538bacc__da6605d420.jpg,19,0,0,source_annotation_pending_spot_check
screw_nut_bolt,train,screw_nut_bolt__snap_1775102830_jpg.rf.21a978f97c9f57801c3519a9e9cfb670__9ca22a7773.jpg,20,0,0,source_annotation_pending_spot_check
screw_nut_bolt,test,screw_nut_bolt__snap_1775102832_jpg.rf.4695270b1a2282c326e10f52e0969239__327ea6eed3.jpg,19,0,0,source_annotation_pending_spot_check
screw_nut_bolt,train,screw_nut_bolt__snap_1775102834_jpg.rf.63ee5e1d0bc8b3ac6d7d3bc238eba52e__e17db7d0cf.jpg,19,0,0,source_annotation_pending_spot_check
screw_nut_bolt,valid,screw_nut_bolt__snap_1775102836_jpg.rf.4d8f7fbf75967eb0287d8cf2a8322131__afc79d7f76.jpg,19,0,0,source_annotation_pending_spot_check
screw_nut_bolt,train,screw_nut_bolt__snap_1775102838_jpg.rf.66b75729d48e3007a94064e514f1649f__39c1d32eca.jpg,19,0,0,source_annotation_pending_spot_check
screw_nut_bolt,valid,screw_nut_bolt__snap_1775102839_jpg.rf.653962ccdd5b55cc582913c50a76d7fe__2a30cb27af.jpg,19,0,0,source_annotation_pending_spot_check
screw_nut_bolt,train,screw_nut_bolt__snap_1775102841_jpg.rf.c6fcec5091f5f3c713d707c625a970a3__2b684c4d0c.jpg,20,0,0,source_annotation_pending_spot_check
screw_nut_bolt,train,screw_nut_bolt__snap_1775102843_jpg.rf.7db1768710d8203f16aace503a00b397__08406dc4d3.jpg,19,0,0,source_annotation_pending_spot_check
screw_nut_bolt,train,screw_nut_bolt__snap_1775102845_jpg.rf.3e3cc8d63798786139279589cf35704b__c5bbb13cc5.jpg,18,0,0,source_annotation_pending_spot_check
screw_nut_bolt,train,screw_nut_bolt__snap_1775102847_jpg.rf.f12b8a5217a07118480a46236796dae6__bf0b0c77f1.jpg,19,0,0,source_annotation_pending_spot_check
screw_nut_bolt,train,screw_nut_bolt__snap_1775102850_jpg.rf.fe7dcf2a5a56e1a2a86c331e1572d28f__71e1be3b12.jpg,18,0,0,source_annotation_pending_spot_check
screw_nut_bolt,train,screw_nut_bolt__snap_1775102852_jpg.rf.ba7b93cdd75baca8497dea58448f2be1__696a82b6db.jpg,18,0,0,source_annotation_pending_spot_check
screw_nut_bolt,train,screw_nut_bolt__snap_1775102854_jpg.rf.ef6dea1205b230c79965966f4c7aa143__e2518d97be.jpg,20,0,0,source_annotation_pending_spot_check
screw_nut_bolt,train,screw_nut_bolt__snap_1775102857_jpg.rf.9b783325671b011db67e08a3fa3ccd0d__7c0b839079.jpg,20,0,0,source_annotation_pending_spot_check
screw_nut_bolt,train,screw_nut_bolt__snap_1775102859_jpg.rf.a923a9f2b786ca0fe08a1ac9fe57a053__06ec4a9c45.jpg,20,0,0,source_annotation_pending_spot_check
screw_nut_bolt,train,screw_nut_bolt__snap_1775102862_jpg.rf.d04b98bfabffdc584ffe5ead6134e0b6__7e56188ddf.jpg,19,0,0,source_annotation_pending_spot_check
screw_nut_bolt,train,screw_nut_bolt__snap_1775102864_jpg.rf.4037fd66200aa9c9c0c9ad87eddf164d__cd2b196533.jpg,18,0,0,source_annotation_pending_spot_check
screw_nut_bolt,valid,screw_nut_bolt__snap_1775102867_jpg.rf.8536a9467534a3f46b1f9cecf3bbbd8c__13ef321884.jpg,17,0,0,source_annotation_pending_spot_check
screw_nut_bolt,train,screw_nut_bolt__snap_1775102869_jpg.rf.64d905264ccfd6341f0194a90be42a29__d08b6cc362.jpg,19,0,0,source_annotation_pending_spot_check
screw_nut_bolt,train,screw_nut_bolt__snap_1775102873_jpg.rf.b3fed5121621c759185286da00e62df8__e29566e5fb.jpg,19,0,0,source_annotation_pending_spot_check
screw_nut_bolt,train,screw_nut_bolt__snap_1775102876_jpg.rf.e262d06904d8543b7b396d3631f728e0__d835ab87a9.jpg,19,0,0,source_annotation_pending_spot_check
screw_nut_bolt,train,screw_nut_bolt__snap_1775102877_jpg.rf.833821b0cb5cb7e0daaa79b82c307a7f__36ba1f898d.jpg,19,0,0,source_annotation_pending_spot_check
screw_nut_bolt,train,screw_nut_bolt__snap_1775102878_jpg.rf.91f5a30fb25d277a63f70f338284687f__97a635ac46.jpg,18,0,0,source_annotation_pending_spot_check
screw_nut_bolt,train,screw_nut_bolt__snap_1775102880_jpg.rf.8f2fd2f60ad04d0152be7ac1383e3a18__7ec490947d.jpg,20,0,0,source_annotation_pending_spot_check
screw_nut_bolt,valid,screw_nut_bolt__snap_1775102882_jpg.rf.d16e83aaf6c2b4cc071344b057bb85c6__934f898389.jpg,18,0,0,source_annotation_pending_spot_check
screw_nut_bolt,train,screw_nut_bolt__snap_1775102883_jpg.rf.6d46ec7bc5e5c29250362e996b5669f4__a79b8d2c25.jpg,19,0,0,source_annotation_pending_spot_check
screw_nut_bolt,train,screw_nut_bolt__snap_1775102885_jpg.rf.389ecc08591a452a15c88f8542775c13__780c5f2d85.jpg,20,0,0,source_annotation_pending_spot_check
screw_nut_bolt,train,screw_nut_bolt__snap_1775102887_jpg.rf.bc167c45b2ccf8b1dc1a2c7ca5d06af9__8b71537176.jpg,18,0,0,source_annotation_pending_spot_check
screw_nut_bolt,train,screw_nut_bolt__snap_1775102888_jpg.rf.2fae5725d9f5179c1cd31c98caf31521__4d0fd7c9b8.jpg,19,0,0,source_annotation_pending_spot_check
screw_nut_bolt,train,screw_nut_bolt__snap_1775102890_jpg.rf.624ccf9b6bd07332c9bc3204617f2b4d__045ce461ab.jpg,20,0,0,source_annotation_pending_spot_check
screw_nut_bolt,valid,screw_nut_bolt__snap_1775102892_jpg.rf.c504254fcd884192ae8e56f5a3b20767__fee616fd0a.jpg,18,0,0,source_annotation_pending_spot_check
screw_nut_bolt,test,screw_nut_bolt__snap_1775102894_jpg.rf.ca1b9fc123d68ed0e5de4ea9fa03d6a2__6a16b26827.jpg,19,0,0,source_annotation_pending_spot_check
screw_nut_bolt,train,screw_nut_bolt__snap_1775102896_jpg.rf.b1c9989f4057e8191efd79c7a336ea53__6c934bb02c.jpg,19,0,0,source_annotation_pending_spot_check
screw_nut_bolt,train,screw_nut_bolt__snap_1775102898_jpg.rf.3d5f2f43467df622de9b2c12e7bcfebf__4ec1fa3276.jpg,20,0,0,source_annotation_pending_spot_check
screw_nut_bolt,train,screw_nut_bolt__snap_1775102900_jpg.rf.b337bbc00dd873abc1b21e86f8306dae__d983cc4f32.jpg,20,0,0,source_annotation_pending_spot_check
screw_nut_bolt,train,screw_nut_bolt__snap_1775102902_jpg.rf.b8b3d746009f81dc96f0d34b2457bdfc__75cdd26deb.jpg,20,0,0,source_annotation_pending_spot_check
screw_nut_bolt,train,screw_nut_bolt__snap_1775102904_jpg.rf.52398c0af7816f27a9a0cb2558176dad__37814b86f3.jpg,21,0,0,source_annotation_pending_spot_check
screw_nut_bolt,train,screw_nut_bolt__snap_1775102906_jpg.rf.1a9867f42161134da812cd3c75d4c245__38bced95b3.jpg,21,0,0,source_annotation_pending_spot_check
screw_nut_bolt,valid,screw_nut_bolt__snap_1775102908_jpg.rf.c931cf2bbb8e44185f7b29a4288e69d5__5f0d4970db.jpg,21,0,0,source_annotation_pending_spot_check
screw_nut_bolt,train,screw_nut_bolt__snap_1775102910_jpg.rf.632bba0751481e8bdbe01575dff6e5bb__9e4109f31b.jpg,21,0,0,source_annotation_pending_spot_check
screw_nut_bolt,train,screw_nut_bolt__snap_1775102912_jpg.rf.ec5b8531aea039e7e025a61d12f8d151__db1ad93dfd.jpg,21,0,0,source_annotation_pending_spot_check
screw_nut_bolt,train,screw_nut_bolt__snap_1775102914_jpg.rf.f978faf1ae9567f3cbc93b539b5a94b8__e639785285.jpg,21,0,0,source_annotation_pending_spot_check
screw_nut_bolt,train,screw_nut_bolt__snap_1775102918_jpg.rf.f4bb5351f1b843e5af7f62c6585a2de8__a27af4b484.jpg,20,0,0,source_annotation_pending_spot_check
screw_nut_bolt,train,screw_nut_bolt__snap_1775102920_jpg.rf.0942238ddfe7478b8e863d9335bb583c__f55e3b7434.jpg,21,0,0,source_annotation_pending_spot_check
screw_nut_bolt,train,screw_nut_bolt__snap_1775102923_jpg.rf.d34b2a668dc5764413adcbb8e32b77d1__0ffc60e58e.jpg,21,0,0,source_annotation_pending_spot_check
screw_nut_bolt,test,screw_nut_bolt__snap_1775102924_jpg.rf.acc5d42033cc3722fa3d65312f331682__4e03abc616.jpg,21,0,0,source_annotation_pending_spot_check
screw_nut_bolt,valid,screw_nut_bolt__snap_1775102926_jpg.rf.442d7ce42355b4673ee0ec7715d3c4fe__5770b158ff.jpg,21,0,0,source_annotation_pending_spot_check
screw_nut_bolt,train,screw_nut_bolt__snap_1775102928_jpg.rf.6b9e770c1e6a65ae90af6b6d0b96d88a__7371463726.jpg,21,0,0,source_annotation_pending_spot_check
screw_nut_bolt,train,screw_nut_bolt__snap_1775102929_jpg.rf.96ba91183a2c1da9766059554325a5cc__2bde9a0164.jpg,21,0,0,source_annotation_pending_spot_check
screw_nut_bolt,train,screw_nut_bolt__snap_1775102930_jpg.rf.8fd5cde06dcdd70e450d24e70b6f58f9__5a93433d63.jpg,21,0,0,source_annotation_pending_spot_check
screw_nut_bolt,train,screw_nut_bolt__snap_1775102931_jpg.rf.c90e8383f44788cfbf5590d94970e59b__867ffad903.jpg,21,0,0,source_annotation_pending_spot_check
screw_nut_bolt,train,screw_nut_bolt__snap_1775102933_jpg.rf.6619eaec2e0fedf5f4fb5223ad5d9742__1b5ba41f79.jpg,21,0,0,source_annotation_pending_spot_check
screw_nut_bolt,train,screw_nut_bolt__snap_1775102934_jpg.rf.7b7075667f782acfb77c551e5c3692a1__4784933fa4.jpg,23,0,0,source_annotation_pending_spot_check
screw_nut_bolt,train,screw_nut_bolt__snap_1775102935_jpg.rf.3ba459640387110883b69fa6877ac597__6c28688287.jpg,20,0,0,source_annotation_pending_spot_check
screw_nut_bolt,train,screw_nut_bolt__snap_1775102941_jpg.rf.06fd0fbf6901f56119720d50251d9e34__13633a7cfc.jpg,22,0,0,source_annotation_pending_spot_check
screw_nut_bolt,valid,screw_nut_bolt__snap_1775102943_jpg.rf.da2edd0824f4115343f61e2d3c0b3e8d__8fa8677e42.jpg,22,0,0,source_annotation_pending_spot_check
screw_nut_bolt,train,screw_nut_bolt__snap_1775102947_jpg.rf.5cc2abd23e02df4aae6a5cbdff24ca54__55ebff3279.jpg,22,0,0,source_annotation_pending_spot_check
screw_nut_bolt,train,screw_nut_bolt__snap_1775102949_jpg.rf.a413d96bdeb8e7a59bfad298d226d537__8de63f13f3.jpg,22,0,0,source_annotation_pending_spot_check
screw_nut_bolt,train,screw_nut_bolt__snap_1775102951_jpg.rf.61bb992cdec156ad179fa7d88b3f08bb__5a48ecb269.jpg,22,0,0,source_annotation_pending_spot_check
screw_nut_bolt,train,screw_nut_bolt__snap_1775102953_jpg.rf.de6de2ec840a4c8fa6f0f4adaa28b62e__b2734a83fb.jpg,22,0,0,source_annotation_pending_spot_check
screw_nut_bolt,train,screw_nut_bolt__snap_1775102956_jpg.rf.f1f8c8f4f84355af9f0de7bed76a426d__710b3825ff.jpg,22,0,0,source_annotation_pending_spot_check
screw_nut_bolt,train,screw_nut_bolt__snap_1775102957_jpg.rf.52cf1a2b679379c599f0fd5bf688b8cb__22d2739360.jpg,22,0,0,source_annotation_pending_spot_check
screw_nut_bolt,train,screw_nut_bolt__snap_1775102959_jpg.rf.4beb126dbf0ff25f461823e6ef4c9bb1__f1b9ae7f93.jpg,22,0,0,source_annotation_pending_spot_check
screw_nut_bolt,test,screw_nut_bolt__snap_1775102961_jpg.rf.996bcbf4cfe5ca74b56b5751483bc8f7__94294f123d.jpg,22,0,0,source_annotation_pending_spot_check
screw_nut_bolt,train,screw_nut_bolt__snap_1775102962_jpg.rf.77660d051f9f0b1eb3c1867db4f2822d__aa9feba1de.jpg,22,0,0,source_annotation_pending_spot_check
screw_nut_bolt,train,screw_nut_bolt__snap_1775102964_jpg.rf.5b5adf7239359bfe60c24b01b2ed360a__af9978a424.jpg,22,0,0,source_annotation_pending_spot_check
screw_nut_bolt,train,screw_nut_bolt__snap_1775102966_jpg.rf.5678cfc3d4ed3fa249f45ed08315acbc__cc0b8de12a.jpg,21,0,0,source_annotation_pending_spot_check
screw_nut_bolt,train,screw_nut_bolt__snap_1775102973_jpg.rf.226b31af70820dd16648ad1e349efee2__cab3a8bca3.jpg,20,0,0,source_annotation_pending_spot_check
screw_nut_bolt,train,screw_nut_bolt__snap_1775102975_jpg.rf.9502f7a07efa5b8f9f9bd5dbe7a485af__e6e55a1396.jpg,20,0,0,source_annotation_pending_spot_check
screw_nut_bolt,test,screw_nut_bolt__snap_1775102979_jpg.rf.abaa36cf29816a74ce123d8f6e69cf11__b37db51c74.jpg,21,0,0,source_annotation_pending_spot_check
screw_nut_bolt,train,screw_nut_bolt__snap_1775103074_jpg.rf.a798fc1dde76d086bded8572db4f1507__52701fbbef.jpg,21,0,0,source_annotation_pending_spot_check
screw_nut_bolt,train,screw_nut_bolt__snap_1775103077_jpg.rf.d70ea03a66ffc188dc7252945c2e53ea__f81b6068bc.jpg,21,0,0,source_annotation_pending_spot_check
screw_nut_bolt,train,screw_nut_bolt__snap_1775103080_jpg.rf.f21abcb0b54491fa4605f7f58e754f1a__aee240264c.jpg,20,0,0,source_annotation_pending_spot_check
screw_nut_bolt,train,screw_nut_bolt__snap_1775103082_jpg.rf.42b9f96df819690a4c0d05d882bdfc39__364edc16b2.jpg,21,0,0,source_annotation_pending_spot_check
screw_nut_bolt,train,screw_nut_bolt__snap_1775103085_jpg.rf.810305b22b94a2dae9fdbfff8be6a6d4__3905784d04.jpg,21,0,0,source_annotation_pending_spot_check
screw_nut_bolt,valid,screw_nut_bolt__snap_1775103088_jpg.rf.1f03e675a9342e608a5512667b1fc815__11183423aa.jpg,22,0,0,source_annotation_pending_spot_check
screw_nut_bolt,train,screw_nut_bolt__snap_1775103090_jpg.rf.68e9854c3a629cf8a99cd2b9a04d6a5f__c9ca05542a.jpg,22,0,0,source_annotation_pending_spot_check
screw_nut_bolt,train,screw_nut_bolt__snap_1775103093_jpg.rf.91db59ad1bbd0d1a23c1342f0468694c__be33e01203.jpg,23,0,0,source_annotation_pending_spot_check
screw_nut_bolt,train,screw_nut_bolt__snap_1775103098_jpg.rf.39858037d1ab7eaf343f60ca6f0fb05b__a7c7d39de7.jpg,21,0,0,source_annotation_pending_spot_check
screw_nut_bolt,train,screw_nut_bolt__snap_1775103102_jpg.rf.a272fca1b10ec0368033278caef86db6__5f8710b419.jpg,20,0,0,source_annotation_pending_spot_check
screw_nut_bolt,train,screw_nut_bolt__snap_1775103107_jpg.rf.bd5c3e7e64baace2dfd2a68f8012082a__4b352a5ba6.jpg,21,0,0,source_annotation_pending_spot_check
screw_nut_bolt,train,screw_nut_bolt__snap_1775103110_jpg.rf.cdee72a48ace9b934b698d157bc170fc__3f1ac6a01d.jpg,21,0,0,source_annotation_pending_spot_check
screw_nut_bolt,train,screw_nut_bolt__snap_1775103112_jpg.rf.ae581bf33db5eaa8af4eeeb9c381caf8__6ba368f5f7.jpg,20,0,0,source_annotation_pending_spot_check
screw_nut_bolt,train,screw_nut_bolt__snap_1775103113_jpg.rf.2863b112cc6da714ed0c894a95954f14__0b52d915c0.jpg,22,0,0,source_annotation_pending_spot_check
screw_nut_bolt,train,screw_nut_bolt__snap_1775103115_jpg.rf.5c2b80c4f6ad688ddea082f0074d1fc4__f05f3943c8.jpg,22,0,0,source_annotation_pending_spot_check
screw_nut_bolt,train,screw_nut_bolt__snap_1775103125_jpg.rf.59b3d128e7374b1d2f2a29e530d41069__2f2eb84417.jpg,20,0,0,source_annotation_pending_spot_check
screw_nut_bolt,train,screw_nut_bolt__snap_1775103127_jpg.rf.3a6dc86d682993e54c12783e94827011__67033d19d4.jpg,20,0,0,source_annotation_pending_spot_check
screw_nut_bolt,valid,screw_nut_bolt__snap_1775103129_jpg.rf.025b32ccbc7f2ba206c6c7b82e572a8f__44f03cf836.jpg,20,0,0,source_annotation_pending_spot_check
screw_nut_bolt,train,screw_nut_bolt__snap_1775103131_jpg.rf.cf4a5c78aa57e09ab1d36a466ebd78b0__dbc30dae69.jpg,21,0,0,source_annotation_pending_spot_check
screw_nut_bolt,train,screw_nut_bolt__snap_1775103135_jpg.rf.c7e6c4a1c2d92af5a5eabcbb715cd006__612481f095.jpg,21,0,0,source_annotation_pending_spot_check
screw_nut_bolt,train,screw_nut_bolt__snap_1775103137_jpg.rf.ea9957945c323d6d356135efa53e48c7__92fe28862d.jpg,20,0,0,source_annotation_pending_spot_check
screw_nut_bolt,train,screw_nut_bolt__snap_1775103164_jpg.rf.d8fac7803b044c050134408ebcea41e2__11dac146dc.jpg,20,0,0,source_annotation_pending_spot_check
screw_nut_bolt,train,screw_nut_bolt__snap_1775103169_jpg.rf.e03c5b4f3f8ce9deaa9d3cb106bb4bd4__bf7fe36b86.jpg,20,0,0,source_annotation_pending_spot_check
screw_nut_bolt,train,screw_nut_bolt__snap_1775103171_jpg.rf.6f545bc06bfc040ea61dacf723e700f8__db30c4268a.jpg,19,0,0,source_annotation_pending_spot_check
screw_nut_bolt,train,screw_nut_bolt__snap_1775103173_jpg.rf.38b3350b2487223a0308418881775e59__322dd5a196.jpg,19,0,0,source_annotation_pending_spot_check
screw_nut_bolt,train,screw_nut_bolt__snap_1775103178_jpg.rf.2d8509dc280442c1ca0ff0c6444319a1__06a97fa725.jpg,21,0,0,source_annotation_pending_spot_check
screw_nut_bolt,valid,screw_nut_bolt__snap_1775103180_jpg.rf.b05aa2a428267a32505a7b8e7c853e8c__5e64c07b6d.jpg,21,0,0,source_annotation_pending_spot_check
screw_nut_bolt,train,screw_nut_bolt__snap_1775103182_jpg.rf.58d23c9c216063af4be7b5ba89046147__fbdc85638d.jpg,19,0,0,source_annotation_pending_spot_check
screw_nut_bolt,valid,screw_nut_bolt__snap_1775103183_jpg.rf.5fd576357ef604d34b982472e96ba5ba__b9f4f6ec3e.jpg,19,0,0,source_annotation_pending_spot_check
screw_nut_bolt,train,screw_nut_bolt__snap_1775103185_jpg.rf.f0ab2c924c42a22fba7a692b12e80790__f279c89785.jpg,19,0,0,source_annotation_pending_spot_check
screw_nut_bolt,train,screw_nut_bolt__snap_1775103186_jpg.rf.d11086e7e57cf85135959b8df16120a0__f3f0b6f567.jpg,19,0,0,source_annotation_pending_spot_check
screw_nut_bolt,train,screw_nut_bolt__snap_1775103188_jpg.rf.e3f5497822730d64d35e18f5c10c86ae__400b04df91.jpg,19,0,0,source_annotation_pending_spot_check
screw_nut_bolt,train,screw_nut_bolt__snap_1775103190_jpg.rf.6085adf8815e532997ec0eb098b0ef3e__36f1f48bc0.jpg,21,0,0,source_annotation_pending_spot_check
screw_nut_bolt,train,screw_nut_bolt__snap_1775103192_jpg.rf.b67dbf84419e95dbe76f9dd3c44eae4e__5465d87b84.jpg,20,0,0,source_annotation_pending_spot_check
screw_nut_bolt,train,screw_nut_bolt__snap_1775103193_jpg.rf.c04c8a8c65de72782f0f34dc2bc01500__1bd0232b6e.jpg,22,0,0,source_annotation_pending_spot_check
screw_nut_bolt,train,screw_nut_bolt__snap_1775103195_jpg.rf.cfaf195b2473b12cf18c2d27d4aab714__7f072982a8.jpg,22,0,0,source_annotation_pending_spot_check
screw_nut_bolt,train,screw_nut_bolt__snap_1775103196_jpg.rf.657d3ed0f16e80624b4549e96dc26117__4f4b48341a.jpg,20,0,0,source_annotation_pending_spot_check
screw_nut_bolt,train,screw_nut_bolt__snap_1775103197_jpg.rf.f8c1752be25374af4b3a826a2faaf81d__b4ac42ec6f.jpg,20,0,0,source_annotation_pending_spot_check
screw_nut_bolt,train,screw_nut_bolt__snap_1775103199_jpg.rf.90979f49c0aadbb43b390caf4266481b__a3025d89a5.jpg,21,0,0,source_annotation_pending_spot_check
screw_nut_bolt,valid,screw_nut_bolt__snap_1775103200_jpg.rf.42ecab21faa7ea38a18d904d7da167e4__b68dea3005.jpg,21,0,0,source_annotation_pending_spot_check
screw_nut_bolt,test,screw_nut_bolt__snap_1775103201_jpg.rf.991ab0d917450a474c68d133ab4a4b58__07c77b8276.jpg,20,0,0,source_annotation_pending_spot_check
screw_nut_bolt,train,screw_nut_bolt__snap_1775103203_jpg.rf.da062b29a1b7ac7bcaa41fcfef17c839__ccc9540925.jpg,20,0,0,source_annotation_pending_spot_check
screw_nut_bolt,test,screw_nut_bolt__snap_1775103209_jpg.rf.f24589a86c8d06dcc2743f52034651d6__c4f5ebb5c3.jpg,20,0,0,source_annotation_pending_spot_check
screw_nut_bolt,train,screw_nut_bolt__snap_1775103210_jpg.rf.ad01852da86bb340b24b75ea3fc19c81__3a2e67ae7d.jpg,19,0,0,source_annotation_pending_spot_check
screw_nut_bolt,train,screw_nut_bolt__snap_1775103212_jpg.rf.83b7045eff5b0ede4bd79dbf0238c696__4765d87b41.jpg,20,0,0,source_annotation_pending_spot_check
screw_nut_bolt,train,screw_nut_bolt__snap_1775103213_jpg.rf.b91fcc94b6038cd07f7df16869699255__ce617915bf.jpg,20,0,0,source_annotation_pending_spot_check
screw_nut_bolt,train,screw_nut_bolt__snap_1775103215_jpg.rf.ce60a2b6973fe2509e54b1f61686eed4__7577d1f7cd.jpg,20,0,0,source_annotation_pending_spot_check
screw_nut_bolt,test,screw_nut_bolt__snap_1775103216_jpg.rf.01aa3d693563eefe63d7b3b986f9934b__496fb875c0.jpg,19,0,0,source_annotation_pending_spot_check
screw_nut_bolt,train,screw_nut_bolt__snap_1775103219_jpg.rf.670528775fa28a307c5c3ff2a36ebaf6__42937804bc.jpg,20,0,0,source_annotation_pending_spot_check
screw_nut_bolt,train,screw_nut_bolt__snap_1775103221_jpg.rf.e4daa4ae099c6cb6c947b739985d191a__4b377361cc.jpg,19,0,0,source_annotation_pending_spot_check
screw_nut_bolt,train,screw_nut_bolt__snap_1775103222_jpg.rf.f1760a8682031f5d9ddc929f34161426__3d24faa502.jpg,19,0,0,source_annotation_pending_spot_check
screw_nut_bolt,train,screw_nut_bolt__snap_1775103224_jpg.rf.e65983c6daadee66555c9b3fc36ee4f9__3637e7aa18.jpg,19,0,0,source_annotation_pending_spot_check
screw_nut_bolt,train,screw_nut_bolt__snap_1775103225_jpg.rf.99df0fb0ba1905bc11fe4ba778a987fd__3437fe123b.jpg,19,0,0,source_annotation_pending_spot_check
screw_nut_bolt,test,screw_nut_bolt__snap_1775103227_jpg.rf.ce97342b007ecc648f280d68a3b44b48__aa218a9fdb.jpg,19,0,0,source_annotation_pending_spot_check
screw_nut_bolt,train,screw_nut_bolt__snap_1775103228_jpg.rf.134d12cdd9d1802aef3973a15888b3db__96eea5f790.jpg,19,0,0,source_annotation_pending_spot_check
screw_nut_bolt,test,screw_nut_bolt__snap_1775103229_jpg.rf.af1fcba7cd94f66a33c85efc1043b484__588c468731.jpg,19,0,0,source_annotation_pending_spot_check
screw_nut_bolt,train,screw_nut_bolt__snap_1775103230_jpg.rf.615b21cbdd285e4322af3ca426ee7a2f__4985c3802a.jpg,18,0,0,source_annotation_pending_spot_check
screw_nut_bolt,valid,screw_nut_bolt__snap_1775103232_jpg.rf.b6b0eab0a732a0ea2caaf37e7c0f9393__ff6acd27f4.jpg,18,0,0,source_annotation_pending_spot_check
screw_nut_bolt,test,screw_nut_bolt__snap_1775103233_jpg.rf.42292da8ca2469fd6dd8492bf9b392c9__2afaa5089b.jpg,16,0,0,source_annotation_pending_spot_check
screw_nut_bolt,train,screw_nut_bolt__snap_1775103234_jpg.rf.0c8aeacb593bd1d4bf7f97efb55acfe4__44f4551943.jpg,16,0,0,source_annotation_pending_spot_check
screw_nut_bolt,train,screw_nut_bolt__snap_1775103236_jpg.rf.8d58cb06b53ad6ef433e62cb320425dd__cf6789d999.jpg,18,0,0,source_annotation_pending_spot_check
screw_nut_bolt,train,screw_nut_bolt__snap_1775103238_jpg.rf.dc8824dafa53fe9093642958631957a5__bd43be8f17.jpg,19,0,0,source_annotation_pending_spot_check
screw_nut_bolt,test,screw_nut_bolt__snap_1775103239_jpg.rf.19b38eaa4d3ee538632ce95f7e8f854b__9acc9fadf5.jpg,19,0,0,source_annotation_pending_spot_check
screw_nut_bolt,train,screw_nut_bolt__snap_1775103240_jpg.rf.53db0ba69b27c8b34632c07ea14e5589__ff558f50fc.jpg,19,0,0,source_annotation_pending_spot_check
screw_nut_bolt,train,screw_nut_bolt__snap_1775103241_jpg.rf.db696ccd3e4ec4e665d8d45fbe711da0__f81abc4b9f.jpg,18,0,0,source_annotation_pending_spot_check
screw_nut_bolt,train,screw_nut_bolt__snap_1775103243_jpg.rf.7212bbd54d3406c9345d4a640806825b__7fcddcbd68.jpg,18,0,0,source_annotation_pending_spot_check
screw_nut_bolt,train,screw_nut_bolt__snap_1775103244_jpg.rf.54380a5ec155535ead979a163e8e3d9b__5912d06737.jpg,19,0,0,source_annotation_pending_spot_check
screw_nut_bolt,train,screw_nut_bolt__snap_1775103245_jpg.rf.4014625c53dff185f932f654b7471e4a__436f9214bd.jpg,18,0,0,source_annotation_pending_spot_check
screw_nut_bolt,train,screw_nut_bolt__snap_1775103247_jpg.rf.52f77f1339a2944c3feb90caf1ecf037__22668d80ef.jpg,18,0,0,source_annotation_pending_spot_check
screw_nut_bolt,test,screw_nut_bolt__snap_1775103248_jpg.rf.4fa4a749f7135aff44bc4d5f2e10e113__605970b839.jpg,19,0,0,source_annotation_pending_spot_check
screw_nut_bolt,train,screw_nut_bolt__snap_1775103249_jpg.rf.48848df6055fa1b13055fa50a744573f__327022794e.jpg,18,0,0,source_annotation_pending_spot_check
screw_nut_bolt,test,screw_nut_bolt__snap_1775103281_jpg.rf.388668320705e38714c73980a7b978d7__1100e699ff.jpg,18,0,0,source_annotation_pending_spot_check
screw_nut_bolt,train,screw_nut_bolt__snap_1775103282_jpg.rf.5014daa01b99e2ca7c539f539d123acf__3259cdc193.jpg,17,0,0,source_annotation_pending_spot_check
screw_nut_bolt,train,screw_nut_bolt__snap_1775103284_jpg.rf.1dab5b955a1ad0755b146c8131379f87__1a481fbfdb.jpg,19,0,0,source_annotation_pending_spot_check
screw_nut_bolt,train,screw_nut_bolt__snap_1775103285_jpg.rf.22ed40cc55a978730bafc1df612cdece__df3741469c.jpg,18,0,0,source_annotation_pending_spot_check
screw_nut_bolt,train,screw_nut_bolt__snap_1775103286_jpg.rf.42604003daa2fb3d9224609de26e5aca__a9e4d00b34.jpg,18,0,0,source_annotation_pending_spot_check
screw_nut_bolt,train,screw_nut_bolt__snap_1775103287_jpg.rf.38ea56532c1c1aaa30cddc49e80466ec__3583865fd5.jpg,18,0,0,source_annotation_pending_spot_check
screw_nut_bolt,train,screw_nut_bolt__snap_1775103288_jpg.rf.15df15537feef3236240d96d1c423a54__998296ca98.jpg,18,0,0,source_annotation_pending_spot_check
screw_nut_bolt,train,screw_nut_bolt__snap_1775103289_jpg.rf.8261194a03c289a7263324cef7b817cd__e93beec2a5.jpg,18,0,0,source_annotation_pending_spot_check
screw_nut_bolt,train,screw_nut_bolt__snap_1775103290_jpg.rf.5130897e8a39e4acca121e27004a8edd__45dd662ace.jpg,18,0,0,source_annotation_pending_spot_check
screw_nut_bolt,train,screw_nut_bolt__snap_1775103291_jpg.rf.52e2d6df18e600d71fffd8e40c659a29__e72eea79a4.jpg,17,0,0,source_annotation_pending_spot_check
screw_nut_bolt,train,screw_nut_bolt__snap_1775103292_jpg.rf.a210af36e2561603447383afedf57447__449c8aff24.jpg,19,0,0,source_annotation_pending_spot_check
screw_nut_bolt,train,screw_nut_bolt__snap_1775103293_jpg.rf.2a73c352a0c0a92c5da610120ffeda09__7c1038439f.jpg,18,0,0,source_annotation_pending_spot_check
screw_nut_bolt,valid,screw_nut_bolt__snap_1775103294_jpg.rf.ac4a0652f0eb3bd259c9ab4211d25498__0e320681ee.jpg,17,0,0,source_annotation_pending_spot_check
screw_nut_bolt,train,screw_nut_bolt__snap_1775103298_jpg.rf.11bea0dce9e2cd6b5be47adc3c86293b__383d0cdd4f.jpg,19,0,0,source_annotation_pending_spot_check
screw_nut_bolt,train,screw_nut_bolt__snap_1775103300_jpg.rf.52b5375ba40b83bef89b2cded1175e4f__96f4148536.jpg,18,0,0,source_annotation_pending_spot_check
screw_nut_bolt,valid,screw_nut_bolt__snap_1775103302_jpg.rf.5d011dcd2c2e629076645d9c2f899d27__ca4a1f3f3c.jpg,17,0,0,source_annotation_pending_spot_check
screw_nut_bolt,test,screw_nut_bolt__snap_1775103303_jpg.rf.47f7c57688a8eae7a9081da956ec063a__0dd00cff5c.jpg,17,0,0,source_annotation_pending_spot_check
screw_nut_bolt,train,screw_nut_bolt__snap_1775103304_jpg.rf.5e82d4d90044d4174bb5b1019a8a7acd__a955e33a3a.jpg,17,0,0,source_annotation_pending_spot_check
screw_nut_bolt,train,screw_nut_bolt__snap_1775103311_jpg.rf.a0f7c11f0e4b0de1e255df871ce6cd46__2edc3fb569.jpg,18,0,0,source_annotation_pending_spot_check
screw_nut_bolt,train,screw_nut_bolt__snap_1775103313_jpg.rf.605258d6426a8bf4bc33e0e6369b5796__780d981f4f.jpg,18,0,0,source_annotation_pending_spot_check
screw_nut_bolt,train,screw_nut_bolt__snap_1775103314_jpg.rf.03bcca375d63cb6d16e6d559ec388fa3__17d60684bb.jpg,18,0,0,source_annotation_pending_spot_check
screw_nut_bolt,train,screw_nut_bolt__snap_1775103315_jpg.rf.fcd13c0c24caa3b6407a404b6752727f__8cd7a5361c.jpg,18,0,0,source_annotation_pending_spot_check
screw_nut_bolt,valid,screw_nut_bolt__snap_1775103316_jpg.rf.892ca872c6dbbbed1e150115332d4db6__a2379ca5db.jpg,18,0,0,source_annotation_pending_spot_check
screw_nut_bolt,train,screw_nut_bolt__snap_1775103317_jpg.rf.b7e529f3b80ff81999339d3f0e674a69__02198294ac.jpg,18,0,0,source_annotation_pending_spot_check
screw_nut_bolt,train,screw_nut_bolt__snap_1775103318_jpg.rf.fca3165dfe790779aa5396b77f876641__29a933f855.jpg,18,0,0,source_annotation_pending_spot_check
screw_nut_bolt,valid,screw_nut_bolt__snap_1775103320_jpg.rf.f1c42e150c88f006322e07a633bfd7d2__2eea0b7a69.jpg,18,0,0,source_annotation_pending_spot_check
screw_nut_bolt,train,screw_nut_bolt__snap_1775103321_jpg.rf.c2e785be6f55906bf1ce59c1147949d9__63e49d439f.jpg,18,0,0,source_annotation_pending_spot_check
screw_nut_bolt,train,screw_nut_bolt__snap_1775103322_jpg.rf.aab5ea285d91d920937dfd0f872077f0__64dd2d9d82.jpg,18,0,0,source_annotation_pending_spot_check
screw_nut_bolt,train,screw_nut_bolt__snap_1775103324_jpg.rf.be5b92cb5c616d8388fe4b83fa6957c2__c49641fc28.jpg,15,0,0,source_annotation_pending_spot_check
screw_nut_bolt,valid,screw_nut_bolt__snap_1775103327_jpg.rf.8cfc17a71860abd6a3b3ab29a1a9e395__ac5f4360be.jpg,17,0,0,source_annotation_pending_spot_check
screw_nut_bolt,train,screw_nut_bolt__snap_1775103329_jpg.rf.6873a2857c433e3c0c1a6c42049616cd__0e58a9d7d0.jpg,16,0,0,source_annotation_pending_spot_check
screw_nut_bolt,train,screw_nut_bolt__snap_1775103330_jpg.rf.b4263b946d9013c331ce23d3a4fb0d41__4bd9138b0e.jpg,15,0,0,source_annotation_pending_spot_check
screw_nut_bolt,train,screw_nut_bolt__snap_1775103759_jpg.rf.210362067f199adc15bec9c44a9e90da__3ead54e928.jpg,17,0,0,source_annotation_pending_spot_check
screw_nut_bolt,train,screw_nut_bolt__snap_1775103761_jpg.rf.0ff047e6cfda3ca9e0d180031084f5ac__807720ee5e.jpg,20,0,0,source_annotation_pending_spot_check
screw_nut_bolt,train,screw_nut_bolt__snap_1775103763_jpg.rf.443fad1bf99d3d2649647a502c1cadb7__23dfd31e3a.jpg,15,0,0,source_annotation_pending_spot_check
screw_nut_bolt,train,screw_nut_bolt__snap_1775103764_jpg.rf.7e769768ac6b5f0285dcb28b9e92221a__998c9a9c91.jpg,20,0,0,source_annotation_pending_spot_check
screw_nut_bolt,train,screw_nut_bolt__snap_1775103765_jpg.rf.c5aacb321c32dc4ccc1e3bd5b61edb1b__c565d6adf1.jpg,19,0,0,source_annotation_pending_spot_check
screw_nut_bolt,valid,screw_nut_bolt__snap_1775103767_jpg.rf.5a5d003898b04cfc13ab92699e41e37a__b166c517d9.jpg,20,0,0,source_annotation_pending_spot_check
screw_nut_bolt,train,screw_nut_bolt__snap_1775103768_jpg.rf.913e7744b9d8512b2a387c7446166f0f__c7ab6e4cde.jpg,20,0,0,source_annotation_pending_spot_check
screw_nut_bolt,valid,screw_nut_bolt__snap_1775103769_jpg.rf.fd7ca6f8ae99773927efee77e3508a90__5f844d250d.jpg,21,0,0,source_annotation_pending_spot_check
screw_nut_bolt,train,screw_nut_bolt__snap_1775103770_jpg.rf.6f208ea8ec13431475f0c1a8d063a73e__59c1088f81.jpg,21,0,0,source_annotation_pending_spot_check
screw_nut_bolt,train,screw_nut_bolt__snap_1775103771_jpg.rf.b7a34ba9d43f2268d974991589fee15e__da74ece6cf.jpg,21,0,0,source_annotation_pending_spot_check
screw_nut_bolt,train,screw_nut_bolt__snap_1775103773_jpg.rf.fba84ef6432249044e0f52e16bc5b46a__bc7e0cb578.jpg,20,0,0,source_annotation_pending_spot_check
screw_nut_bolt,train,screw_nut_bolt__snap_1775103774_jpg.rf.ece524f14a508043392f14877eebd288__b77b31acea.jpg,20,0,0,source_annotation_pending_spot_check
screw_nut_bolt,train,screw_nut_bolt__snap_1775103775_jpg.rf.597dc2a26e624187b3245d479b667cbd__865319a61f.jpg,19,0,0,source_annotation_pending_spot_check
screw_nut_bolt,train,screw_nut_bolt__snap_1775103780_jpg.rf.1468a31efce0186ac555bb5a1bd121c5__f510da4ad4.jpg,20,0,0,source_annotation_pending_spot_check
screw_nut_bolt,train,screw_nut_bolt__snap_1775103782_jpg.rf.c1d5173696cff96d6d775c13430a328f__73639ab4c4.jpg,18,0,0,source_annotation_pending_spot_check
screw_nut_bolt,train,screw_nut_bolt__snap_1775103783_jpg.rf.2c98e6f2ced73961695d1ce5c34eb321__039e3f17de.jpg,21,0,0,source_annotation_pending_spot_check
screw_nut_bolt,train,screw_nut_bolt__snap_1775103784_jpg.rf.5e8d95243bbf06043aeb454fbba323b2__e25a059fab.jpg,20,0,0,source_annotation_pending_spot_check
screw_nut_bolt,train,screw_nut_bolt__snap_1775103785_jpg.rf.185d07a3f974a5b614b6441a5bec9420__3344853098.jpg,20,0,0,source_annotation_pending_spot_check
screw_nut_bolt,train,screw_nut_bolt__snap_1775103790_jpg.rf.27795445b1e8e1c2b8d54882afcc07ad__61dc374566.jpg,21,0,0,source_annotation_pending_spot_check
screw_nut_bolt,train,screw_nut_bolt__snap_1775103792_jpg.rf.4d65c68339967453399fbae04c972209__acc509c632.jpg,22,0,0,source_annotation_pending_spot_check
screw_nut_bolt,train,screw_nut_bolt__snap_1775103793_jpg.rf.0de9f703e4c60f6d96aed91c79228182__7b8d7905f7.jpg,22,0,0,source_annotation_pending_spot_check
screw_nut_bolt,train,screw_nut_bolt__snap_1775103794_jpg.rf.2a4a9d36f77cd0613fd81b44003dc3f6__e571d2b80e.jpg,22,0,0,source_annotation_pending_spot_check
screw_nut_bolt,valid,screw_nut_bolt__snap_1775103795_jpg.rf.9c2b0aa064cf90ece038121a94647004__fc0622f5b8.jpg,23,0,0,source_annotation_pending_spot_check
screw_nut_bolt,train,screw_nut_bolt__snap_1775103797_jpg.rf.5bea781651288605ef0879fcd456b72c__4080878816.jpg,23,0,0,source_annotation_pending_spot_check
screw_nut_bolt,train,screw_nut_bolt__snap_1775103798_jpg.rf.24a488678b232959b31aee4b0d07cfaf__c0ee8e8236.jpg,22,0,0,source_annotation_pending_spot_check
screw_nut_bolt,valid,screw_nut_bolt__snap_1775103825_jpg.rf.93606f5c73abb98c98c701d5deacec6b__0d266f4dd1.jpg,22,0,0,source_annotation_pending_spot_check
screw_nut_bolt,train,screw_nut_bolt__snap_1775103827_jpg.rf.1c6d9797626f76c8b5b39b6eefd94c96__9388c7151c.jpg,21,0,0,source_annotation_pending_spot_check
screw_nut_bolt,train,screw_nut_bolt__snap_1775103828_jpg.rf.7766252b230a3b02f5e01aad9b12b081__c2b49f42c5.jpg,22,0,0,source_annotation_pending_spot_check
screw_nut_bolt,train,screw_nut_bolt__snap_1775103832_jpg.rf.b981458980b05272ad3e4fbadca54ab0__222c3e43f1.jpg,22,0,0,source_annotation_pending_spot_check
screw_nut_bolt,train,screw_nut_bolt__snap_1775103833_jpg.rf.a275a7d568a2f51370a8a86f27865235__2198b5533d.jpg,21,0,0,source_annotation_pending_spot_check
screw_nut_bolt,valid,screw_nut_bolt__snap_1775103835_jpg.rf.d3f572b05b03a3980ddf6d11cef9400a__911cf37fb4.jpg,23,0,0,source_annotation_pending_spot_check
screw_nut_bolt,valid,screw_nut_bolt__snap_1775103836_jpg.rf.283d11d7ada7c5046fbb8fe4d79ca712__0f4ac65415.jpg,17,0,0,source_annotation_pending_spot_check
screw_nut_bolt,train,screw_nut_bolt__snap_1775103837_jpg.rf.45bd8d9d02f8c540b0a1f20105e1b093__e908475b5e.jpg,19,0,0,source_annotation_pending_spot_check
screw_nut_bolt,train,screw_nut_bolt__snap_1775103838_jpg.rf.54932cd65da8d79a1f9edfba6704b9ed__6e99182851.jpg,22,0,0,source_annotation_pending_spot_check
screw_nut_bolt,test,screw_nut_bolt__snap_1775103839_jpg.rf.c435b503b41228b5ddc4c2b1fb360263__12c5fb7850.jpg,21,0,0,source_annotation_pending_spot_check
screw_nut_bolt,valid,screw_nut_bolt__snap_1775103840_jpg.rf.e49980c1169be52db9d4ae710a282aa9__f7607df708.jpg,21,0,0,source_annotation_pending_spot_check
screw_nut_bolt,train,screw_nut_bolt__snap_1775103842_jpg.rf.227e5ea18cd47eeb858716e04a3ceab1__76a085f495.jpg,21,0,0,source_annotation_pending_spot_check
screw_nut_bolt,train,screw_nut_bolt__snap_1775103843_jpg.rf.3d9e9dd295081a782926789915ea5359__5fb1089200.jpg,21,0,0,source_annotation_pending_spot_check
screw_nut_bolt,train,screw_nut_bolt__snap_1775103844_jpg.rf.fbc2db5a990f0e70b06f5cd1f851f4e5__244cdc4fcf.jpg,20,0,0,source_annotation_pending_spot_check
screw_nut_bolt,train,screw_nut_bolt__snap_1775103845_jpg.rf.afeb16afa59b1e03625dddd3372eeb6a__f11b154404.jpg,21,0,0,source_annotation_pending_spot_check
screw_nut_bolt,train,screw_nut_bolt__snap_1775103846_jpg.rf.7e14f2078864d761cc276b8d83b25827__3d0c596312.jpg,18,0,0,source_annotation_pending_spot_check
screw_nut_bolt,train,screw_nut_bolt__snap_1775103848_jpg.rf.b56127024416d5474cec82c8cee0ac7c__6b9fe806d4.jpg,18,0,0,source_annotation_pending_spot_check
screw_nut_bolt,train,screw_nut_bolt__snap_1775103849_jpg.rf.7db395b3a3a8e200746f0c0b930327a5__ea57236f45.jpg,19,0,0,source_annotation_pending_spot_check
screw_nut_bolt,train,screw_nut_bolt__snap_1775103850_jpg.rf.db33cc9429e33c153d9616b72afe5f33__4d55bdada7.jpg,19,0,0,source_annotation_pending_spot_check
screw_nut_bolt,train,screw_nut_bolt__snap_1775103851_jpg.rf.48cff21a40bb645ca0f4a2923ae3453c__0af1c06b8a.jpg,20,0,0,source_annotation_pending_spot_check
screw_nut_bolt,train,screw_nut_bolt__snap_1775103852_jpg.rf.bb3ef84b476ab060f38f0f86e2663780__ae5a2ed843.jpg,19,0,0,source_annotation_pending_spot_check
screw_nut_bolt,train,screw_nut_bolt__snap_1775103854_jpg.rf.5d9abd5298c8f25b63a031892109dcc1__87d634dd08.jpg,19,0,0,source_annotation_pending_spot_check
screw_nut_bolt,train,screw_nut_bolt__snap_1775103855_jpg.rf.c8613100d60638a06e6a9f45423ef3fd__7035afd31b.jpg,19,0,0,source_annotation_pending_spot_check
screw_nut_bolt,valid,screw_nut_bolt__snap_1775103856_jpg.rf.08dcbbd3b0ac1b4317cee7a721f64fa7__aa83e1085c.jpg,21,0,0,source_annotation_pending_spot_check
screw_nut_bolt,train,screw_nut_bolt__snap_1775103857_jpg.rf.a890536f8c74bb31f7dd9491f7368c4f__60caff94ca.jpg,21,0,0,source_annotation_pending_spot_check
screw_nut_bolt,valid,screw_nut_bolt__snap_1775103859_jpg.rf.9224dd8a5f5c3d0c06ed0d3859b96d89__766881d928.jpg,20,0,0,source_annotation_pending_spot_check
screw_nut_bolt,train,screw_nut_bolt__snap_1775103861_jpg.rf.786df0c995159326543039304651242a__9d8d08e563.jpg,20,0,0,source_annotation_pending_spot_check
screw_nut_bolt,train,screw_nut_bolt__snap_1775103881_jpg.rf.ced7fd397c787bc39d7b013f990a25af__3fb459f6a4.jpg,21,0,0,source_annotation_pending_spot_check
screw_nut_bolt,valid,screw_nut_bolt__snap_1775103882_jpg.rf.789831119964b989dcb552ad0636f9df__02627977f1.jpg,20,0,0,source_annotation_pending_spot_check
screw_nut_bolt,train,screw_nut_bolt__snap_1775103883_jpg.rf.1c298dd73f1785c29501bf466b036fce__244c966943.jpg,20,0,0,source_annotation_pending_spot_check
screw_nut_bolt,test,screw_nut_bolt__snap_1775103898_jpg.rf.557c4065eb49956bd878ed5918b53418__ec41dae952.jpg,21,0,0,source_annotation_pending_spot_check
screw_nut_bolt,train,screw_nut_bolt__snap_1775103899_jpg.rf.b8f71a29dc9d3c154ad32c0ab746f5da__c37de6466d.jpg,21,0,0,source_annotation_pending_spot_check
screw_nut_bolt,train,screw_nut_bolt__snap_1775103901_jpg.rf.c3a379c8876215858286b092d881ecf6__0e2adadb47.jpg,21,0,0,source_annotation_pending_spot_check
screw_nut_bolt,train,screw_nut_bolt__snap_1775103902_jpg.rf.3d635b41bb65209371ce1b7b205e5780__053a5a5c68.jpg,20,0,0,source_annotation_pending_spot_check
screw_nut_bolt,train,screw_nut_bolt__snap_1775103903_jpg.rf.2132ca5439a9f7a640ae1a643399439a__97fc49ee9d.jpg,20,0,0,source_annotation_pending_spot_check
screw_nut_bolt,valid,screw_nut_bolt__snap_1775103904_jpg.rf.0a20df1b82a71da437d5309f4294c1f5__accb12756e.jpg,21,0,0,source_annotation_pending_spot_check
screw_nut_bolt,valid,screw_nut_bolt__snap_1775103906_jpg.rf.cc2094b4cb4effc5d774075ec51a0b08__0906c95164.jpg,20,0,0,source_annotation_pending_spot_check
screw_nut_bolt,train,screw_nut_bolt__snap_1775103907_jpg.rf.87f77a2f5dbf66030b83c1acc6bfa92e__38b97d757f.jpg,19,0,0,source_annotation_pending_spot_check
screw_nut_bolt,train,screw_nut_bolt__snap_1775103908_jpg.rf.355f0bded120a83cfbdbe4c454f20452__651c6bf741.jpg,20,0,0,source_annotation_pending_spot_check
screw_nut_bolt,train,screw_nut_bolt__snap_1775103910_jpg.rf.440927ed7f0b20a8585c67c51e97bea1__7c8a98154e.jpg,20,0,0,source_annotation_pending_spot_check
screw_nut_bolt,train,screw_nut_bolt__snap_1775103911_jpg.rf.763db6aa5e0f374f3258ad0a3a8f391b__c6f54b5e5e.jpg,20,0,0,source_annotation_pending_spot_check
screw_nut_bolt,train,screw_nut_bolt__snap_1775103912_jpg.rf.24c3f00b409829c210a722207e8de9f7__e7726a131a.jpg,19,0,0,source_annotation_pending_spot_check
screw_nut_bolt,train,screw_nut_bolt__snap_1775103925_jpg.rf.c098cddc46c2d5c9b45e42c84df3edde__d1351a390c.jpg,19,0,0,source_annotation_pending_spot_check
screw_nut_bolt,train,screw_nut_bolt__snap_1775103928_jpg.rf.ebffe1cb10e4237b3b26f26428ca25aa__ab4fe54ea9.jpg,20,0,0,source_annotation_pending_spot_check
screw_nut_bolt,train,screw_nut_bolt__snap_1775103929_jpg.rf.05ff32929e802b512345e9353db3dd97__e715b1a160.jpg,18,0,0,source_annotation_pending_spot_check
screw_nut_bolt,test,screw_nut_bolt__snap_1775103931_jpg.rf.2573cf4fac7c4cb07b0a00badc93518a__c0f47a3434.jpg,18,0,0,source_annotation_pending_spot_check
screw_nut_bolt,train,screw_nut_bolt__snap_1775103942_jpg.rf.83148df4bf3670538979fe6d73dbd428__11fe0058c4.jpg,17,0,0,source_annotation_pending_spot_check
screw_nut_bolt,test,screw_nut_bolt__snap_1775103944_jpg.rf.88a0b9906302c8f5a5ad6953dea4470c__a26b02ddd6.jpg,21,0,0,source_annotation_pending_spot_check
screw_nut_bolt,train,screw_nut_bolt__snap_1775103945_jpg.rf.5d9e651036610e534f810728a5d5b39b__d99110d529.jpg,19,0,0,source_annotation_pending_spot_check
screw_nut_bolt,train,screw_nut_bolt__snap_1775103946_jpg.rf.c4f4734fa7bd457b43a9a0034b02a8b9__93c0c5df2d.jpg,22,0,0,source_annotation_pending_spot_check
screw_nut_bolt,train,screw_nut_bolt__snap_1775103948_jpg.rf.d158f922cb49e78f371f5d39680f5971__e704ed0a5c.jpg,22,0,0,source_annotation_pending_spot_check
screw_nut_bolt,train,screw_nut_bolt__snap_1775103949_jpg.rf.d23e045f8f48bdfbd574a2f5ab3273bf__6bcc0e093c.jpg,22,0,0,source_annotation_pending_spot_check
screw_nut_bolt,train,screw_nut_bolt__snap_1775103958_jpg.rf.f5402dafc5cd9f237d6c40d219eeb235__c9adb626bc.jpg,20,0,0,source_annotation_pending_spot_check
screw_nut_bolt,train,screw_nut_bolt__snap_1775103960_jpg.rf.79a442e9baa2361f1380ba0f9a23f01a__c96b1a5b68.jpg,22,0,0,source_annotation_pending_spot_check
screw_nut_bolt,train,screw_nut_bolt__snap_1775103961_jpg.rf.521c8569fd3378cb134128f1bc2ad4aa__5ff26cbc8b.jpg,22,0,0,source_annotation_pending_spot_check
screw_nut_bolt,test,screw_nut_bolt__snap_1775103963_jpg.rf.21c8f6890adf9ed35ffa778b758b1145__bcfc827fb4.jpg,22,0,0,source_annotation_pending_spot_check
screw_nut_bolt,train,screw_nut_bolt__snap_1775103967_jpg.rf.60dcd9ea36659906ab5469ebd4a8a2a9__e0679738e4.jpg,22,0,0,source_annotation_pending_spot_check
screw_nut_bolt,train,screw_nut_bolt__snap_1775103968_jpg.rf.a7d3b5eb8a0968322de5761a09b726e7__e77c3ed974.jpg,22,0,0,source_annotation_pending_spot_check
screw_nut_bolt,train,screw_nut_bolt__snap_1775103969_jpg.rf.62444cf1a32c1763e881d7a295677b2b__5c0ddac0a1.jpg,18,0,0,source_annotation_pending_spot_check
screw_nut_bolt,train,screw_nut_bolt__snap_1775103970_jpg.rf.d70aa49cff83eb1ce7c8fe4224a52b63__ea17e161df.jpg,21,0,0,source_annotation_pending_spot_check
screw_nut_bolt,train,screw_nut_bolt__snap_1775103972_jpg.rf.0f5a4487dc415289c5289f6d62c2984b__9b56447b20.jpg,19,0,0,source_annotation_pending_spot_check
screw_nut_bolt,test,screw_nut_bolt__snap_1775103973_jpg.rf.ae7335f44a35c275d54ed6a44abe5e0b__a41587cae3.jpg,21,0,0,source_annotation_pending_spot_check
screw_nut_bolt,train,screw_nut_bolt__snap_1775103974_jpg.rf.b270d572502dae7fedc7a353ae6a77df__6a8ea9bc91.jpg,20,0,0,source_annotation_pending_spot_check
screw_nut_bolt,test,screw_nut_bolt__snap_1775103976_jpg.rf.90156381f0f2ec2f058ef3460a7cb355__0f4651e7ab.jpg,19,0,0,source_annotation_pending_spot_check
screw_nut_bolt,test,screw_nut_bolt__snap_1775103977_jpg.rf.e8a5a1b9c9c1f2249bfc48b114367b7f__19cea1da64.jpg,19,0,0,source_annotation_pending_spot_check
screw_nut_bolt,train,screw_nut_bolt__snap_1775103978_jpg.rf.30d1ce37ea06492948f54a9a7b4066e5__568315a6f6.jpg,19,0,0,source_annotation_pending_spot_check
screw_nut_bolt,train,screw_nut_bolt__snap_1775103979_jpg.rf.0087fc8e57c3125ea1aa0893a155af9e__fa3e12330e.jpg,20,0,0,source_annotation_pending_spot_check
screw_nut_bolt,train,screw_nut_bolt__snap_1775103981_jpg.rf.4ab81c5cf5221eb4ae773e4d9ee19395__aebbfcffc2.jpg,19,0,0,source_annotation_pending_spot_check
screw_nut_bolt,train,screw_nut_bolt__snap_1775103982_jpg.rf.358c0b8d792b48ffeabbd45768db366a__b764a6255f.jpg,21,0,0,source_annotation_pending_spot_check
screw_nut_bolt,train,screw_nut_bolt__snap_1775103983_jpg.rf.fd62d8f46dea4f50d87e3c2cfecc70b9__954da6e2f6.jpg,20,0,0,source_annotation_pending_spot_check
screw_nut_bolt,train,screw_nut_bolt__snap_1775103985_jpg.rf.0538f405dddba3c46e757876833a487c__793b4b034b.jpg,21,0,0,source_annotation_pending_spot_check
screw_nut_bolt,train,screw_nut_bolt__snap_1775104005_jpg.rf.5f5618437eee486b433909914105a763__cd11dd853c.jpg,21,0,0,source_annotation_pending_spot_check
screw_nut_bolt,train,screw_nut_bolt__snap_1775104006_jpg.rf.4a37163809d55eee176e9c05e7ccc9e3__64816a0aa1.jpg,20,0,0,source_annotation_pending_spot_check
screw_nut_bolt,train,screw_nut_bolt__snap_1775104007_jpg.rf.376104899b6b2a4d950ebcd95744ff36__8bb413330d.jpg,20,0,0,source_annotation_pending_spot_check
screw_nut_bolt,test,screw_nut_bolt__snap_1775104008_jpg.rf.8c1da4140e36965dbdc698e6765a7afd__810ce0209f.jpg,22,0,0,source_annotation_pending_spot_check
screw_nut_bolt,valid,screw_nut_bolt__snap_1775104009_jpg.rf.03210595b988b9eb092bd3548e751310__21a27bce50.jpg,20,0,0,source_annotation_pending_spot_check
screw_nut_bolt,train,screw_nut_bolt__snap_1775104011_jpg.rf.c0b999cd5d7c64d72d1e3faaa074c4e7__0b2ac0053d.jpg,20,0,0,source_annotation_pending_spot_check
screw_nut_bolt,train,screw_nut_bolt__snap_1775104016_jpg.rf.14356a4cf1b1439b06238b1b8ac58d9d__bf4a58227b.jpg,20,0,0,source_annotation_pending_spot_check
screw_nut_bolt,train,screw_nut_bolt__snap_1775104017_jpg.rf.39ec69b35ec7ee23cc66d2b9adc59c11__2ca0a4a9e7.jpg,21,0,0,source_annotation_pending_spot_check
screw_nut_bolt,test,screw_nut_bolt__snap_1775104021_jpg.rf.6ef3ab7ccbdc82cdcb5b4f3b0970fefa__401ce9dd13.jpg,20,0,0,source_annotation_pending_spot_check
screw_nut_bolt,train,screw_nut_bolt__snap_1775104028_jpg.rf.fb099d21ac89b2b812951c7b50efaa34__696e11531f.jpg,20,0,0,source_annotation_pending_spot_check
screw_nut_bolt,train,screw_nut_bolt__snap_1775104029_jpg.rf.7e212643f57aa8979c454a2dc1d21282__1946e4c306.jpg,20,0,0,source_annotation_pending_spot_check
screw_nut_bolt,train,screw_nut_bolt__snap_1775104031_jpg.rf.95b4d4f0f1be52f71cad650a957834b1__dbc66e70bb.jpg,20,0,0,source_annotation_pending_spot_check
screw_nut_bolt,train,screw_nut_bolt__snap_1775104067_jpg.rf.bacfdc0f15b656df5f14235e858852dd__875586a9a7.jpg,21,0,0,source_annotation_pending_spot_check
screw_nut_bolt,train,screw_nut_bolt__snap_1775104068_jpg.rf.88dcbda9a9b1513bc0408fd584c8d9f4__c6c6c2eb8d.jpg,21,0,0,source_annotation_pending_spot_check
screw_nut_bolt,valid,screw_nut_bolt__snap_1775104069_jpg.rf.78f8995b770a680adf9d292156e51063__d58317682e.jpg,21,0,0,source_annotation_pending_spot_check
screw_nut_bolt,valid,screw_nut_bolt__snap_1775104070_jpg.rf.7995d4d323aca5ff1ba9c46b5b5f685b__4a03adc16e.jpg,21,0,0,source_annotation_pending_spot_check
screw_nut_bolt,train,screw_nut_bolt__snap_1775104071_jpg.rf.3b574ed4cdd8c9e458de42d79f0fada6__a21007b674.jpg,21,0,0,source_annotation_pending_spot_check
screw_nut_bolt,train,screw_nut_bolt__snap_1775104072_jpg.rf.89e34c05904f5b330330f1bb4501e68b__2962da0675.jpg,21,0,0,source_annotation_pending_spot_check
screw_nut_bolt,test,screw_nut_bolt__snap_1775104074_jpg.rf.70e466fe6274cc0a029aa0b7fbf3afb7__d0e25de049.jpg,20,0,0,source_annotation_pending_spot_check
screw_nut_bolt,train,screw_nut_bolt__snap_1775104075_jpg.rf.32c6adc45762b1e840d062d6921181c6__d97fd183f2.jpg,21,0,0,source_annotation_pending_spot_check
screw_nut_bolt,test,screw_nut_bolt__snap_1775104076_jpg.rf.63849ce1c21b5eacac8a8e76a3d044f0__5c440a7deb.jpg,20,0,0,source_annotation_pending_spot_check
screw_nut_bolt,test,screw_nut_bolt__snap_1775104077_jpg.rf.ab84097cb82c5bba7b47e81fa6f4cd02__62f3831d27.jpg,21,0,0,source_annotation_pending_spot_check
screw_nut_bolt,train,screw_nut_bolt__snap_1775104078_jpg.rf.8dec6f9c4ac11d46192c91f5514d638a__a9cb71bd5d.jpg,21,0,0,source_annotation_pending_spot_check
screw_nut_bolt,valid,screw_nut_bolt__snap_1775104080_jpg.rf.aea786efba5c7def01b9ac5fd4345da7__60bc1d20b2.jpg,20,0,0,source_annotation_pending_spot_check
screw_nut_bolt,train,screw_nut_bolt__snap_1775104081_jpg.rf.d574674759c5b226e397987c9acb3dc3__9e79f35072.jpg,20,0,0,source_annotation_pending_spot_check
screw_nut_bolt,train,screw_nut_bolt__snap_1775104082_jpg.rf.4ebb01f69dfbf95dc859783e0d11d1fe__7bfb350b19.jpg,17,0,0,source_annotation_pending_spot_check
screw_nut_bolt,train,screw_nut_bolt__snap_1775104083_jpg.rf.545f54c000f4794c1c8f7434e30a1ecd__e25a5dd382.jpg,21,0,0,source_annotation_pending_spot_check
screw_nut_bolt,train,screw_nut_bolt__snap_1775104085_jpg.rf.c31c69d57ea421825f199823a56a4a73__94db6851a0.jpg,20,0,0,source_annotation_pending_spot_check
screw_nut_bolt,train,screw_nut_bolt__snap_1775104086_jpg.rf.7b37f6d47632a98a74dee586b16a32a0__460740f5da.jpg,21,0,0,source_annotation_pending_spot_check
screw_nut_bolt,train,screw_nut_bolt__snap_1775104087_jpg.rf.549505998c645ee95b0dc701398270d6__6dd05d2099.jpg,21,0,0,source_annotation_pending_spot_check
screw_nut_bolt,train,screw_nut_bolt__snap_1775104088_jpg.rf.ca694602ae64cf27a8a1b12ba5e83eb9__4c1a0d2814.jpg,21,0,0,source_annotation_pending_spot_check
screw_nut_bolt,train,screw_nut_bolt__snap_1775104089_jpg.rf.4ba83b57280aeda076a5abfe7cf95540__86b72bd26c.jpg,21,0,0,source_annotation_pending_spot_check
screw_nut_bolt,test,screw_nut_bolt__snap_1775104090_jpg.rf.a5de7443ad64c8758a6a662aa2046eca__2fa23cffe6.jpg,21,0,0,source_annotation_pending_spot_check
screw_nut_bolt,train,screw_nut_bolt__snap_1775104091_jpg.rf.89ae8f7153d2e8c13fcda9e7f911b6c0__f3ea67d722.jpg,22,0,0,source_annotation_pending_spot_check
screw_nut_bolt,train,screw_nut_bolt__snap_1775104092_jpg.rf.a8fc68c8409c92339f3df81e892915ba__c2891e0cd9.jpg,20,0,0,source_annotation_pending_spot_check
screw_nut_bolt,train,screw_nut_bolt__snap_1775104115_jpg.rf.0188888f7a374fe2607b7238cc479c8e__536783f21b.jpg,20,0,0,source_annotation_pending_spot_check
screw_nut_bolt,train,screw_nut_bolt__snap_1775104117_jpg.rf.cf278b2b1aa8720d6135d7f4256649b8__0aea01f1b8.jpg,21,0,0,source_annotation_pending_spot_check
screw_nut_bolt,test,screw_nut_bolt__snap_1775104118_jpg.rf.a9742665be58b1be3bae663647db696e__3a5d9b9cab.jpg,21,0,0,source_annotation_pending_spot_check
screw_nut_bolt,train,screw_nut_bolt__snap_1775104119_jpg.rf.f8ba9430badbe659d94351df4edeed3e__4f63c23e85.jpg,21,0,0,source_annotation_pending_spot_check
screw_nut_bolt,train,screw_nut_bolt__snap_1775104120_jpg.rf.b99f2648edfd0a92bf1b07132c5a2015__8af642716d.jpg,21,0,0,source_annotation_pending_spot_check
screw_nut_bolt,valid,screw_nut_bolt__snap_1775104121_jpg.rf.6f0a4465e8a9d6dc64f9207832c49564__318a9447f9.jpg,20,0,0,source_annotation_pending_spot_check
screw_nut_bolt,train,screw_nut_bolt__snap_1775104122_jpg.rf.e4c00c1bf1d62d0f16670edfc06b4b22__40a4673400.jpg,19,0,0,source_annotation_pending_spot_check
screw_nut_bolt,train,screw_nut_bolt__snap_1775104123_jpg.rf.927c2c672816aecd9d64100e970e6404__fb82191eac.jpg,19,0,0,source_annotation_pending_spot_check
screw_nut_bolt,train,screw_nut_bolt__snap_1775104124_jpg.rf.1a7e8257113575abbf8437fcd88cb7d1__49e5a10487.jpg,19,0,0,source_annotation_pending_spot_check
screw_nut_bolt,train,screw_nut_bolt__snap_1775104125_jpg.rf.6e3b3cf9011f91c8b9e6222405910011__27623b0e75.jpg,17,0,0,source_annotation_pending_spot_check
screw_nut_bolt,train,screw_nut_bolt__snap_1775104128_jpg.rf.21af9c2c2e9d6a8ef7fc8bacd03cb936__1611f14216.jpg,19,0,0,source_annotation_pending_spot_check
screw_nut_bolt,valid,screw_nut_bolt__snap_1775104129_jpg.rf.20dd6a3bd098cd8d0ca953df16d887c2__7139d35e67.jpg,21,0,0,source_annotation_pending_spot_check
screw_nut_bolt,valid,screw_nut_bolt__snap_1775104130_jpg.rf.616256c9af0d64cdadbf672943dc0315__e3e5ace74d.jpg,20,0,0,source_annotation_pending_spot_check
screw_nut_bolt,train,screw_nut_bolt__snap_1775104132_jpg.rf.44c666486597df32ee1a6a6b75d703f8__8ad2d11bc2.jpg,20,0,0,source_annotation_pending_spot_check
screw_nut_bolt,train,screw_nut_bolt__snap_1775104133_jpg.rf.99b706c292aeeab36ecabbe2225427d7__0ffeaf0818.jpg,20,0,0,source_annotation_pending_spot_check
screw_nut_bolt,train,screw_nut_bolt__snap_1775104134_jpg.rf.3e77263bfa457aafdcc7ec2b763a12a3__6cfad5743d.jpg,20,0,0,source_annotation_pending_spot_check
screw_nut_bolt,train,screw_nut_bolt__snap_1775104136_jpg.rf.0a627d8f573dc7ac9396a20f8d15740f__5564ba910a.jpg,21,0,0,source_annotation_pending_spot_check
screw_nut_bolt,train,screw_nut_bolt__snap_1775104137_jpg.rf.34b573dd80d5a244ca9165f650c1bfe4__6abee038cb.jpg,21,0,0,source_annotation_pending_spot_check
screw_nut_bolt,train,screw_nut_bolt__snap_1775104138_jpg.rf.5c8976e372f79f879073034b14dd3a37__fa1901c5d4.jpg,21,0,0,source_annotation_pending_spot_check
screw_nut_bolt,train,screw_nut_bolt__snap_1775104140_jpg.rf.6b14c7554d4f8bad4d48f197672e6aea__7853b9767d.jpg,20,0,0,source_annotation_pending_spot_check
screw_nut_bolt,train,screw_nut_bolt__snap_1775104141_jpg.rf.1503ecaca6d921a0f4915cc7f618f634__ff89956319.jpg,21,0,0,source_annotation_pending_spot_check
screw_nut_bolt,train,screw_nut_bolt__snap_1775104142_jpg.rf.51dc2b868655a5942141ee5d6f811479__d607bcaae6.jpg,20,0,0,source_annotation_pending_spot_check
screw_nut_bolt,train,screw_nut_bolt__snap_1775104190_jpg.rf.1f5db1a9cfcda06ed77fa30c5eb0b2c4__a943c4fe5a.jpg,17,0,0,source_annotation_pending_spot_check
screw_nut_bolt,valid,screw_nut_bolt__snap_1775104212_jpg.rf.bb271a867410b1c45cbc5740a3ae9ed6__d7a00b3afd.jpg,22,0,0,source_annotation_pending_spot_check
screw_nut_bolt,train,screw_nut_bolt__snap_1775104215_jpg.rf.71dde9855844af15bd778878d01fb719__9e66f81a09.jpg,21,0,0,source_annotation_pending_spot_check
screw_nut_bolt,test,screw_nut_bolt__snap_1775104216_jpg.rf.261f1d171049419ddb7025a5079fb2d5__10d48b1816.jpg,21,0,0,source_annotation_pending_spot_check
screw_nut_bolt,train,screw_nut_bolt__snap_1775107194_jpg.rf.f22eb23d8c6afaf0e0fd17508ff6bc41__710cbb0772.jpg,0,32,0,source_annotation_pending_spot_check
screw_nut_bolt,train,screw_nut_bolt__snap_1775107198_jpg.rf.cc83f876fb2f6c244653800e575038e3__5f66005e28.jpg,0,32,0,source_annotation_pending_spot_check
screw_nut_bolt,test,screw_nut_bolt__snap_1775107203_jpg.rf.4b8b11ea8998d3b818a895d3bffc12a6__55ecab3f2c.jpg,0,32,0,source_annotation_pending_spot_check
screw_nut_bolt,train,screw_nut_bolt__snap_1775107208_jpg.rf.cf81cf119eba58aa12cabdd85d314a0e__ddc4bb592e.jpg,0,32,0,source_annotation_pending_spot_check
screw_nut_bolt,test,screw_nut_bolt__snap_1775107210_jpg.rf.3524c106722fe5b9f7d820e18f905a11__d325fb6565.jpg,0,32,0,source_annotation_pending_spot_check
screw_nut_bolt,train,screw_nut_bolt__snap_1775107211_jpg.rf.a88838cd946e44d12c502c654421593e__c56cb839c4.jpg,0,32,0,source_annotation_pending_spot_check
screw_nut_bolt,train,screw_nut_bolt__snap_1775107212_jpg.rf.d872a959e7556aafe0698434f070e15e__dd197a28a4.jpg,0,32,0,source_annotation_pending_spot_check
screw_nut_bolt,train,screw_nut_bolt__snap_1775107214_jpg.rf.deb0eea5e2743cb5dbd5f112d5443067__3816681aed.jpg,0,32,0,source_annotation_pending_spot_check
screw_nut_bolt,train,screw_nut_bolt__snap_1775107215_jpg.rf.8809eab0ac8173bc16a6075ee2c8e30f__835668baf3.jpg,0,32,0,source_annotation_pending_spot_check
screw_nut_bolt,train,screw_nut_bolt__snap_1775107217_jpg.rf.e547166b9629452a9a098b9038cd6900__69b2dec2e3.jpg,0,31,0,source_annotation_pending_spot_check
screw_nut_bolt,train,screw_nut_bolt__snap_1775107227_jpg.rf.032590c00645e05bba3687f59969c933__938204c567.jpg,0,31,0,source_annotation_pending_spot_check
screw_nut_bolt,train,screw_nut_bolt__snap_1775107228_jpg.rf.a12d01238e4cb0163090961dd8152007__fd5fcbd5c5.jpg,0,31,0,source_annotation_pending_spot_check
screw_nut_bolt,train,screw_nut_bolt__snap_1775107230_jpg.rf.79ad36e1187371f9d7bebea360dd9bf1__0f82837bca.jpg,0,32,0,source_annotation_pending_spot_check
screw_nut_bolt,train,screw_nut_bolt__snap_1775107231_jpg.rf.e4cedd18a46babb6c192a0f299174a28__1b7d5d5923.jpg,0,32,0,source_annotation_pending_spot_check
screw_nut_bolt,train,screw_nut_bolt__snap_1775107233_jpg.rf.b53abc02305a03adeb97c8c021363925__f9f0c97078.jpg,0,32,0,source_annotation_pending_spot_check
screw_nut_bolt,train,screw_nut_bolt__snap_1775107234_jpg.rf.fb493afc8f727a915e4722e1e3efcd0b__9cc0ce709d.jpg,0,32,0,source_annotation_pending_spot_check
screw_nut_bolt,train,screw_nut_bolt__snap_1775107235_jpg.rf.68717f9b4a607d4f8e12e7b789f70531__8a47a44752.jpg,0,32,0,source_annotation_pending_spot_check
screw_nut_bolt,valid,screw_nut_bolt__snap_1775107236_jpg.rf.79978d6326ed4aea5c8c0dca5a1c7be8__766ad22c92.jpg,0,32,0,source_annotation_pending_spot_check
screw_nut_bolt,train,screw_nut_bolt__snap_1775107238_jpg.rf.8dd167f5315d8f846a0aa8ee1b1319f9__7404908d4a.jpg,0,30,0,source_annotation_pending_spot_check
screw_nut_bolt,train,screw_nut_bolt__snap_1775107239_jpg.rf.ec62f2155349a295f7c5489312632c77__2eb98aa4cb.jpg,0,29,0,source_annotation_pending_spot_check
screw_nut_bolt,train,screw_nut_bolt__snap_1775107242_jpg.rf.05b53aa7385c76ec372c8ac051c92c49__5feb8af2b0.jpg,0,29,0,source_annotation_pending_spot_check
screw_nut_bolt,train,screw_nut_bolt__snap_1775107244_jpg.rf.1d4ec594753c2ffc7f93de1efba3ac6a__889d3d7046.jpg,0,29,0,source_annotation_pending_spot_check
screw_nut_bolt,test,screw_nut_bolt__snap_1775107248_jpg.rf.bd2ab835e516504325d0699832337fa2__9b2f51728f.jpg,0,28,0,source_annotation_pending_spot_check
screw_nut_bolt,test,screw_nut_bolt__snap_1775107249_jpg.rf.197ec11b8fb81b2591eda6a9ae8a36a3__19e3d45374.jpg,0,29,0,source_annotation_pending_spot_check
screw_nut_bolt,train,screw_nut_bolt__snap_1775107251_jpg.rf.a70218b281dc67c152fb73fdf37171c4__6d50c26fa5.jpg,0,29,0,source_annotation_pending_spot_check
screw_nut_bolt,train,screw_nut_bolt__snap_1775107252_jpg.rf.7b1829ac7f4827c8d7d9ecd68666cca6__4257ea83b8.jpg,0,29,0,source_annotation_pending_spot_check
screw_nut_bolt,train,screw_nut_bolt__snap_1775107254_jpg.rf.4bb647149d85ad9e4aa8bc1cdbbcf2da__83ccdf17f0.jpg,0,29,0,source_annotation_pending_spot_check
screw_nut_bolt,train,screw_nut_bolt__snap_1775107256_jpg.rf.e72fab125ae4bd56dea39863ac27f545__01135e3d3b.jpg,0,29,0,source_annotation_pending_spot_check
screw_nut_bolt,test,screw_nut_bolt__snap_1775107258_jpg.rf.5d7e02f00cea1c0b32fe3696a693efc8__5f23783daf.jpg,0,30,0,source_annotation_pending_spot_check
screw_nut_bolt,valid,screw_nut_bolt__snap_1775107259_jpg.rf.ed06a0570b84645ba9cda6782a003454__22ca0b389d.jpg,0,30,0,source_annotation_pending_spot_check
screw_nut_bolt,train,screw_nut_bolt__snap_1775107261_jpg.rf.1a9f9c9b53b8ddf9429c91cf8d74ee06__a0ef735234.jpg,0,30,0,source_annotation_pending_spot_check
screw_nut_bolt,valid,screw_nut_bolt__snap_1775107266_jpg.rf.a0e3ccde1edb47755b78f04526f2b211__86761c5f04.jpg,0,30,0,source_annotation_pending_spot_check
screw_nut_bolt,valid,screw_nut_bolt__snap_1775107269_jpg.rf.a4fb1c7bc9fa6f45d88bc83333f9815e__f68001d64f.jpg,0,30,0,source_annotation_pending_spot_check
screw_nut_bolt,train,screw_nut_bolt__snap_1775107272_jpg.rf.9ec078f32ac3c4c09fe41502aa378c54__f1568caa22.jpg,0,30,0,source_annotation_pending_spot_check
screw_nut_bolt,valid,screw_nut_bolt__snap_1775107274_jpg.rf.86a1190bf36aa85d5522eb07eb098e4c__f414ef0652.jpg,0,30,0,source_annotation_pending_spot_check
screw_nut_bolt,train,screw_nut_bolt__snap_1775107275_jpg.rf.6563ddadc4b4ada60cdbae0be62be017__8db4b49a0c.jpg,0,30,0,source_annotation_pending_spot_check
screw_nut_bolt,train,screw_nut_bolt__snap_1775107276_jpg.rf.7bfa13d2f6320b8726c739bb921a96af__6229d71840.jpg,0,30,0,source_annotation_pending_spot_check
screw_nut_bolt,train,screw_nut_bolt__snap_1775107280_jpg.rf.a3b4ea2c3a5e975a90033d2f5a1f9a13__54d4e7d1fd.jpg,0,30,0,source_annotation_pending_spot_check
screw_nut_bolt,test,screw_nut_bolt__snap_1775107287_jpg.rf.7a2c54251218095b6453744acd736846__7f599b460d.jpg,0,30,0,source_annotation_pending_spot_check
screw_nut_bolt,train,screw_nut_bolt__snap_1775107288_jpg.rf.5634807557b6efaee421f0505aa3197c__3205ca6813.jpg,0,30,0,source_annotation_pending_spot_check
screw_nut_bolt,valid,screw_nut_bolt__snap_1775107289_jpg.rf.f898b14c7091efb2900df4e10d767ce6__e91a1544c1.jpg,0,30,0,source_annotation_pending_spot_check
screw_nut_bolt,train,screw_nut_bolt__snap_1775107290_jpg.rf.2a9947879641d4a31157a09b2738e617__c4d186c1b3.jpg,0,30,0,source_annotation_pending_spot_check
screw_nut_bolt,train,screw_nut_bolt__snap_1775107291_jpg.rf.034d9e629a728a793e4f3a403ccfd0c3__907e381cf9.jpg,0,29,0,source_annotation_pending_spot_check
screw_nut_bolt,test,screw_nut_bolt__snap_1775107293_jpg.rf.0f40e8208e7158344888d2a5f5a2cc78__22a4a5ccd5.jpg,0,29,0,source_annotation_pending_spot_check
screw_nut_bolt,train,screw_nut_bolt__snap_1775107294_jpg.rf.fd2cbea3fb309815faa15e2efc7ce3cb__ffafd3051c.jpg,0,29,0,source_annotation_pending_spot_check
screw_nut_bolt,train,screw_nut_bolt__snap_1775107295_jpg.rf.cad412e5c810edbdd1e863748bd9e9a2__7ee12a6725.jpg,0,30,0,source_annotation_pending_spot_check
screw_nut_bolt,train,screw_nut_bolt__snap_1775107296_jpg.rf.410a58158ba849e6eb5be60076c634b8__b28f9d88ac.jpg,0,30,0,source_annotation_pending_spot_check
screw_nut_bolt,train,screw_nut_bolt__snap_1775107298_jpg.rf.5eb292d681100ad227f2beeefe137b8f__cba0e374e8.jpg,0,30,0,source_annotation_pending_spot_check
screw_nut_bolt,test,screw_nut_bolt__snap_1775107299_jpg.rf.5db266ffbdbbef92f355931baabcf4ae__271ad2aa66.jpg,0,31,0,source_annotation_pending_spot_check
screw_nut_bolt,train,screw_nut_bolt__snap_1775107300_jpg.rf.7fa97aab2699880bfaf9a15e5b8b2a45__afe653940b.jpg,0,30,0,source_annotation_pending_spot_check
screw_nut_bolt,train,screw_nut_bolt__snap_1775107301_jpg.rf.55b762018a8bd9650ba3de9930d70c10__f20b55e077.jpg,0,30,0,source_annotation_pending_spot_check
screw_nut_bolt,train,screw_nut_bolt__snap_1775107302_jpg.rf.9fa2e8a8d253968e1a78b111588b15d0__d5ccdcd7a2.jpg,0,29,0,source_annotation_pending_spot_check
screw_nut_bolt,test,screw_nut_bolt__snap_1775107303_jpg.rf.f36c3ed29952f1feb55eb9e462c9aee5__7e63794f72.jpg,0,29,0,source_annotation_pending_spot_check
screw_nut_bolt,train,screw_nut_bolt__snap_1775107305_jpg.rf.8342c2125fdf9917424a8bf69c2df223__977f01029b.jpg,0,31,0,source_annotation_pending_spot_check
screw_nut_bolt,train,screw_nut_bolt__snap_1775107306_jpg.rf.633f3014d1409cdbc8c5f953964b5802__a19d168642.jpg,0,31,0,source_annotation_pending_spot_check
screw_nut_bolt,train,screw_nut_bolt__snap_1775107307_jpg.rf.52b57128b62f40353b284b2ddec98d3b__60bbd04010.jpg,0,31,0,source_annotation_pending_spot_check
screw_nut_bolt,train,screw_nut_bolt__snap_1775107308_jpg.rf.f8dadf996a312923f70037bfc3219cd3__194a8435d3.jpg,0,32,0,source_annotation_pending_spot_check
screw_nut_bolt,train,screw_nut_bolt__snap_1775107309_jpg.rf.1aca20c2f5c72ebac573de0239e67e49__3b63f6e05c.jpg,0,31,0,source_annotation_pending_spot_check
screw_nut_bolt,train,screw_nut_bolt__snap_1775107311_jpg.rf.e8748eb54473ef5733e9a02821d25268__6dc6264dc5.jpg,0,30,0,source_annotation_pending_spot_check
screw_nut_bolt,valid,screw_nut_bolt__snap_1775107312_jpg.rf.de9ce4fefe0338fffe6b2727457b565a__df6de36dc2.jpg,0,30,0,source_annotation_pending_spot_check
screw_nut_bolt,train,screw_nut_bolt__snap_1775107314_jpg.rf.3f27fde100add5f42c17ec71e2f53a29__4be376b4b6.jpg,0,30,0,source_annotation_pending_spot_check
screw_nut_bolt,train,screw_nut_bolt__snap_1775107315_jpg.rf.59cbbbf03f67e590696f553f7346b48b__aba3e10b9b.jpg,0,32,0,source_annotation_pending_spot_check
screw_nut_bolt,train,screw_nut_bolt__snap_1775107316_jpg.rf.fa12cfd7a1ecd959389b3b04e69df118__7bda0bd963.jpg,0,32,0,source_annotation_pending_spot_check
screw_nut_bolt,train,screw_nut_bolt__snap_1775107318_jpg.rf.b5dbc69ef3e863726c98f60a90619a68__7187bf9e70.jpg,0,32,0,source_annotation_pending_spot_check
screw_nut_bolt,train,screw_nut_bolt__snap_1775107319_jpg.rf.7a38bde82e886b5e617172b11533d6ad__261c9ac6c1.jpg,0,32,0,source_annotation_pending_spot_check
screw_nut_bolt,test,screw_nut_bolt__snap_1775107321_jpg.rf.fd1f00be7eefaab7c63d374f1e8baad9__93a7274b7e.jpg,0,31,0,source_annotation_pending_spot_check
screw_nut_bolt,train,screw_nut_bolt__snap_1775107322_jpg.rf.27cd2d4a3e6515bb083fd8258ec27de6__eabb86fc6a.jpg,0,32,0,source_annotation_pending_spot_check
screw_nut_bolt,train,screw_nut_bolt__snap_1775107324_jpg.rf.8295d679b847b638aaf8564e88958ddc__69356ea405.jpg,0,32,0,source_annotation_pending_spot_check
screw_nut_bolt,train,screw_nut_bolt__snap_1775107329_jpg.rf.5f666067fa339aae5a7da0151b2d7467__a480d37a73.jpg,0,29,0,source_annotation_pending_spot_check
screw_nut_bolt,train,screw_nut_bolt__snap_1775107331_jpg.rf.0a5e3b8ad7b6c8f5f048f45b9b861951__7000855360.jpg,0,29,0,source_annotation_pending_spot_check
screw_nut_bolt,train,screw_nut_bolt__snap_1775107332_jpg.rf.dc68d43e188a653eb1f7302a1cfe47d4__08a0148cb0.jpg,0,29,0,source_annotation_pending_spot_check
screw_nut_bolt,train,screw_nut_bolt__snap_1775107334_jpg.rf.96d70e608eb2b6bf0da45a6f3e86a4eb__652d341332.jpg,0,32,0,source_annotation_pending_spot_check
screw_nut_bolt,train,screw_nut_bolt__snap_1775107335_jpg.rf.442c31f9935bbe734d1783ff8f4b42ca__a8dca91dbf.jpg,0,31,0,source_annotation_pending_spot_check
screw_nut_bolt,train,screw_nut_bolt__snap_1775107337_jpg.rf.2e7b74cc7df8b5358bb6a15fc53bd54c__a3b77153a1.jpg,0,31,0,source_annotation_pending_spot_check
screw_nut_bolt,train,screw_nut_bolt__snap_1775107348_jpg.rf.d046e1e668030bce0ea3b90afd48722d__c738c13cef.jpg,0,31,0,source_annotation_pending_spot_check
screw_nut_bolt,train,screw_nut_bolt__snap_1775107350_jpg.rf.c20d56763ca88de2eaf9fcf770936502__5e8288669e.jpg,0,31,0,source_annotation_pending_spot_check
screw_nut_bolt,valid,screw_nut_bolt__snap_1775107351_jpg.rf.1f27d7cd0f37a4fa1e6801c9caef5bed__aba97dfdc5.jpg,0,31,0,source_annotation_pending_spot_check
screw_nut_bolt,train,screw_nut_bolt__snap_1775107354_jpg.rf.1bacb3f4ce78cc95c0e77089f06de61d__12cef1a307.jpg,0,31,0,source_annotation_pending_spot_check
screw_nut_bolt,test,screw_nut_bolt__snap_1775107355_jpg.rf.5f8fe53c17ac09ec7907125b069c53cb__a487dde9e1.jpg,0,31,0,source_annotation_pending_spot_check
screw_nut_bolt,train,screw_nut_bolt__snap_1775107356_jpg.rf.429864dfe432018b739b35fb087258b0__b510fa8f72.jpg,0,30,0,source_annotation_pending_spot_check
screw_nut_bolt,train,screw_nut_bolt__snap_1775107358_jpg.rf.b17c4e8b010b9f58312ace7c516e9653__1101dfd262.jpg,0,30,0,source_annotation_pending_spot_check
screw_nut_bolt,train,screw_nut_bolt__snap_1775107359_jpg.rf.2f09b6468650544f98fd7f96f5d9470f__6d30802d8c.jpg,0,29,0,source_annotation_pending_spot_check
screw_nut_bolt,train,screw_nut_bolt__snap_1775107360_jpg.rf.e1513e1e028e964d6273c97617b172a4__7b9174ad29.jpg,0,30,0,source_annotation_pending_spot_check
screw_nut_bolt,train,screw_nut_bolt__snap_1775107361_jpg.rf.794e16f8b7981710ba4cee44bf68a0be__fc98d98c26.jpg,0,30,0,source_annotation_pending_spot_check
screw_nut_bolt,train,screw_nut_bolt__snap_1775107363_jpg.rf.924ff9438292af2d9b029539ec6c997d__a22773402e.jpg,0,30,0,source_annotation_pending_spot_check
screw_nut_bolt,train,screw_nut_bolt__snap_1775107364_jpg.rf.0e0c9b8f37c3e1cfca4332145d66a47d__39efa7d148.jpg,0,31,0,source_annotation_pending_spot_check
screw_nut_bolt,test,screw_nut_bolt__snap_1775107365_jpg.rf.5619294a85026d6b07de05f9913790fc__1aeacfb096.jpg,0,30,0,source_annotation_pending_spot_check
screw_nut_bolt,valid,screw_nut_bolt__snap_1775107367_jpg.rf.46cb9a317e1290b943db5cbad7879bf5__904d8bcc8a.jpg,0,31,0,source_annotation_pending_spot_check
screw_nut_bolt,valid,screw_nut_bolt__snap_1775107368_jpg.rf.0ee39f252191cabf83ff2e4612e4e279__14389e67bb.jpg,0,31,0,source_annotation_pending_spot_check
screw_nut_bolt,train,screw_nut_bolt__snap_1775107369_jpg.rf.9dc49bf76bff102738e20bd9b9a10b7e__d61ca9fc63.jpg,0,31,0,source_annotation_pending_spot_check
screw_nut_bolt,train,screw_nut_bolt__snap_1775107374_jpg.rf.66d43585fc4b0187884015e693e2b4c7__9beb0a4005.jpg,0,31,0,source_annotation_pending_spot_check
screw_nut_bolt,train,screw_nut_bolt__snap_1775108937_jpg.rf.f6e54b5ac472580b4437e116ba9fa5c8__583d1777c5.jpg,0,31,0,source_annotation_pending_spot_check
screw_nut_bolt,train,screw_nut_bolt__snap_1775108953_jpg.rf.cd86a0b2790e89dac07d675547029f38__1e16fcdf95.jpg,0,32,0,source_annotation_pending_spot_check
screw_nut_bolt,train,screw_nut_bolt__snap_1775108955_jpg.rf.783cc5dec9995d5ef593122456fff764__d4c1d75c6d.jpg,0,32,0,source_annotation_pending_spot_check
screw_nut_bolt,valid,screw_nut_bolt__snap_1775108957_jpg.rf.6ce56d409580d62b90e9e29870dfee1c__69acbf8976.jpg,0,32,0,source_annotation_pending_spot_check
screw_nut_bolt,train,screw_nut_bolt__snap_1775108960_jpg.rf.e214073ba987d0458782cc432dd29161__2e9b1ef355.jpg,0,32,0,source_annotation_pending_spot_check
screw_nut_bolt,train,screw_nut_bolt__snap_1775108962_jpg.rf.2bd0b0e15a62af60c23fe2437ca2ecbb__da23eee83d.jpg,0,32,0,source_annotation_pending_spot_check
screw_nut_bolt,train,screw_nut_bolt__snap_1775108964_jpg.rf.dbf0e901074744604df38128fade9e6c__3216da56c6.jpg,0,32,0,source_annotation_pending_spot_check
screw_nut_bolt,train,screw_nut_bolt__snap_1775108968_jpg.rf.acaaea2d306037554cb0c857a47ac1e5__0c4d35b468.jpg,0,31,0,source_annotation_pending_spot_check
screw_nut_bolt,train,screw_nut_bolt__snap_1775108969_jpg.rf.67f32b46c366fb3ef869fb8a641df8d2__549a6cdd5d.jpg,0,32,0,source_annotation_pending_spot_check
screw_nut_bolt,train,screw_nut_bolt__snap_1775108970_jpg.rf.30003a8a11fa6eeb7313baad017b3398__dcbec41402.jpg,0,32,0,source_annotation_pending_spot_check
screw_nut_bolt,valid,screw_nut_bolt__snap_1775108972_jpg.rf.09ad5058d6efc35e4a3d48fe8f5f9dc5__0b754f2cff.jpg,0,32,0,source_annotation_pending_spot_check
screw_nut_bolt,test,screw_nut_bolt__snap_1775108973_jpg.rf.1adcd4ec199ee2fe34660529f1d87d19__05e077693d.jpg,0,32,0,source_annotation_pending_spot_check
screw_nut_bolt,train,screw_nut_bolt__snap_1775108974_jpg.rf.a6dd298757a9bc4d3562afbd4a52f9ac__02457872a3.jpg,0,32,0,source_annotation_pending_spot_check
screw_nut_bolt,train,screw_nut_bolt__snap_1775108976_jpg.rf.76ca949174b4e2a0a3026c60d1dab9dc__ad73695461.jpg,0,32,0,source_annotation_pending_spot_check
screw_nut_bolt,valid,screw_nut_bolt__snap_1775108977_jpg.rf.ed491e37308fdac5bb8d43156f955769__890bae479c.jpg,0,32,0,source_annotation_pending_spot_check
screw_nut_bolt,train,screw_nut_bolt__snap_1775108978_jpg.rf.0beac8cdf7d84f64ef1e0d470de83a5e__3e7b64545d.jpg,0,32,0,source_annotation_pending_spot_check
screw_nut_bolt,train,screw_nut_bolt__snap_1775108979_jpg.rf.e7bcd4edd3861bafff214d0959689c84__f8a3a280ea.jpg,0,32,0,source_annotation_pending_spot_check
screw_nut_bolt,train,screw_nut_bolt__snap_1775108980_jpg.rf.fa4d98c464dd0ba6fde3bbadb1e153f8__6cac15b05a.jpg,0,32,0,source_annotation_pending_spot_check
screw_nut_bolt,valid,screw_nut_bolt__snap_1775108982_jpg.rf.ed7e3935a54c91277d5bdb3a35ff0621__02436cdb7d.jpg,0,31,0,source_annotation_pending_spot_check
screw_nut_bolt,train,screw_nut_bolt__snap_1775108983_jpg.rf.f7422beef99923a926f49c48fae6d126__93381ecaf8.jpg,0,31,0,source_annotation_pending_spot_check
screw_nut_bolt,train,screw_nut_bolt__snap_1775108984_jpg.rf.8ef5d79a62de3656209c614adc0d1827__e510a9c229.jpg,0,31,0,source_annotation_pending_spot_check
screw_nut_bolt,train,screw_nut_bolt__snap_1775108986_jpg.rf.98aa406d7631108d817e607e9c61b83b__6dd08a838b.jpg,0,31,0,source_annotation_pending_spot_check
screw_nut_bolt,train,screw_nut_bolt__snap_1775108987_jpg.rf.c279ce941832396724d164f2c988df5a__74ccba2795.jpg,0,31,0,source_annotation_pending_spot_check
screw_nut_bolt,train,screw_nut_bolt__snap_1775108988_jpg.rf.82ae20053c4be84c0e2eca2510e90da9__c1f7ffaa62.jpg,0,31,0,source_annotation_pending_spot_check
screw_nut_bolt,valid,screw_nut_bolt__snap_1775108990_jpg.rf.9be1cdd226c58e5600bfe7dfa5246c91__71caf03d61.jpg,0,31,0,source_annotation_pending_spot_check
screw_nut_bolt,train,screw_nut_bolt__snap_1775108991_jpg.rf.06bcc449e752d16f9a7fc90d00a6c688__10b672d348.jpg,0,30,0,source_annotation_pending_spot_check
screw_nut_bolt,train,screw_nut_bolt__snap_1775108992_jpg.rf.eee180f907fca24cf4fd041dc4465fec__c619b0836e.jpg,0,30,0,source_annotation_pending_spot_check
screw_nut_bolt,train,screw_nut_bolt__snap_1775108994_jpg.rf.ed8ce02a223bd6f9000b3a2bb3833be5__ee439c3cd7.jpg,0,31,0,source_annotation_pending_spot_check
screw_nut_bolt,train,screw_nut_bolt__snap_1775108995_jpg.rf.17a6207efd6feaba5bc353a084732a02__557cc6bf4a.jpg,0,31,0,source_annotation_pending_spot_check
screw_nut_bolt,train,screw_nut_bolt__snap_1775108996_jpg.rf.d0d37de984ca4bc1cecfb9de71717bf6__5f60352d95.jpg,0,31,0,source_annotation_pending_spot_check
screw_nut_bolt,train,screw_nut_bolt__snap_1775108997_jpg.rf.238d62ffacdbe6fba6fd01959ed5367a__6393148da8.jpg,0,31,0,source_annotation_pending_spot_check
screw_nut_bolt,train,screw_nut_bolt__snap_1775108999_jpg.rf.0265f8bf47a9b3a7b6a6671dc287d19d__bbdc3a7591.jpg,0,31,0,source_annotation_pending_spot_check
screw_nut_bolt,valid,screw_nut_bolt__snap_1775109000_jpg.rf.e3358b5e2be0ca777a0c9d8e12f6ed6f__c0a99b88f0.jpg,0,31,0,source_annotation_pending_spot_check
screw_nut_bolt,train,screw_nut_bolt__snap_1775109001_jpg.rf.4f35c50dbb469b62c9382d1c5ca5a053__7cfa1961d5.jpg,0,28,0,source_annotation_pending_spot_check
screw_nut_bolt,train,screw_nut_bolt__snap_1775109002_jpg.rf.8096db5f3e56abe46ca06738e1aba755__3fb988392f.jpg,0,32,0,source_annotation_pending_spot_check
screw_nut_bolt,valid,screw_nut_bolt__snap_1775109008_jpg.rf.02dd65d83939e9bbfad75a4f2079413e__5e60d278d3.jpg,0,32,0,source_annotation_pending_spot_check
screw_nut_bolt,test,screw_nut_bolt__snap_1775109012_jpg.rf.11120e950100889d89a4cdcd5e06023b__3c686fca46.jpg,0,32,0,source_annotation_pending_spot_check
screw_nut_bolt,train,screw_nut_bolt__snap_1775109015_jpg.rf.aba53357e66d18fb492ce0c345332732__8cb4d813ef.jpg,0,32,0,source_annotation_pending_spot_check
screw_nut_bolt,train,screw_nut_bolt__snap_1775109016_jpg.rf.e509244961064578275b4bef05576383__90d1fc2d82.jpg,0,32,0,source_annotation_pending_spot_check
screw_nut_bolt,train,screw_nut_bolt__snap_1775109017_jpg.rf.6b36711ff0728b622abcf087c3cb75df__bc4af09a77.jpg,0,32,0,source_annotation_pending_spot_check
screw_nut_bolt,valid,screw_nut_bolt__snap_1775109019_jpg.rf.49a31f477ddf5b6b0f014f0553d09579__bc7aa75580.jpg,0,32,0,source_annotation_pending_spot_check
screw_nut_bolt,train,screw_nut_bolt__snap_1775109020_jpg.rf.81723c19cceb00c267f26c0694b3345d__95d08a2c3a.jpg,0,32,0,source_annotation_pending_spot_check
screw_nut_bolt,train,screw_nut_bolt__snap_1775109145_jpg.rf.18f7c840a9eabd2e43560690d788808c__3c2a4e99bb.jpg,0,32,0,source_annotation_pending_spot_check
screw_nut_bolt,train,screw_nut_bolt__snap_1775109149_jpg.rf.835c8ae6e301522a687e0b426b5b12cb__d79c075911.jpg,0,32,0,source_annotation_pending_spot_check
screw_nut_bolt,train,screw_nut_bolt__snap_1775109151_jpg.rf.6f5a4c87eccf69df8cc8a50311319c6a__4a042c7ebd.jpg,0,32,0,source_annotation_pending_spot_check
screw_nut_bolt,train,screw_nut_bolt__snap_1775109152_jpg.rf.81461575d515be315755d96082f35010__da58c72ff2.jpg,0,32,0,source_annotation_pending_spot_check
screw_nut_bolt,train,screw_nut_bolt__snap_1775109153_jpg.rf.4f3fe7332e328d58eac7b38ab32f33df__8fae7f597a.jpg,0,32,0,source_annotation_pending_spot_check
screw_nut_bolt,train,screw_nut_bolt__snap_1775109155_jpg.rf.b2bf876f53cd1daaf118656418f636b1__f6fe2f7089.jpg,0,33,0,source_annotation_pending_spot_check
screw_nut_bolt,train,screw_nut_bolt__snap_1775109156_jpg.rf.e4afe4cbd30e3dee2e75f3b7eacd3c57__cead8b51d8.jpg,0,27,0,source_annotation_pending_spot_check
screw_nut_bolt,train,screw_nut_bolt__snap_1775109169_jpg.rf.9af8535fdb7bb232226e90f281601942__263ed13756.jpg,0,28,0,source_annotation_pending_spot_check
screw_nut_bolt,train,screw_nut_bolt__snap_1775109171_jpg.rf.75470fe67061cbd9616dc05ffc56ea08__9f6e34d008.jpg,0,28,0,source_annotation_pending_spot_check
screw_nut_bolt,train,screw_nut_bolt__snap_1775109172_jpg.rf.6f5e24fed5d0890d690dfafd35b3144b__dc0e55d661.jpg,0,28,0,source_annotation_pending_spot_check
screw_nut_bolt,train,screw_nut_bolt__snap_1775109173_jpg.rf.f20215357d58bf1be029d6c05dac9930__416a1a28c8.jpg,0,28,0,source_annotation_pending_spot_check
screw_nut_bolt,train,screw_nut_bolt__snap_1775109175_jpg.rf.44cf1052ae2125bacdb543f1eec9555c__32eaa4ad04.jpg,0,28,0,source_annotation_pending_spot_check
screw_nut_bolt,train,screw_nut_bolt__snap_1775109176_jpg.rf.70acfb80f18fdae3881f72e5c0968d00__de0f5f8593.jpg,0,29,0,source_annotation_pending_spot_check
screw_nut_bolt,valid,screw_nut_bolt__snap_1775109177_jpg.rf.854b84157be701652975c776a8ddd8bd__df964d81c6.jpg,0,29,0,source_annotation_pending_spot_check
screw_nut_bolt,train,screw_nut_bolt__snap_1775109209_jpg.rf.f2b52b02e4ceb4279459adfe5557aaac__bed59e9ef5.jpg,0,30,0,source_annotation_pending_spot_check
screw_nut_bolt,train,screw_nut_bolt__snap_1775109217_jpg.rf.fae34fa77c4b8d5a2c8d51f220ff9d43__1ba3df9f05.jpg,0,31,0,source_annotation_pending_spot_check
screw_nut_bolt,train,screw_nut_bolt__snap_1775109218_jpg.rf.ae80b7036583dcfd0b4531c80cfa7b46__5ada4e342b.jpg,0,31,0,source_annotation_pending_spot_check
screw_nut_bolt,train,screw_nut_bolt__snap_1775109222_jpg.rf.c52fe56117a5fae260e48e5018cea1a5__c4955bde8e.jpg,0,31,0,source_annotation_pending_spot_check
screw_nut_bolt,test,screw_nut_bolt__snap_1775109223_jpg.rf.deafdf04a482276306893dcb15cb9fb7__0d669b367c.jpg,0,31,0,source_annotation_pending_spot_check
screw_nut_bolt,test,screw_nut_bolt__snap_1775109224_jpg.rf.b3313b22a04dce1aee48faf9a740bfb2__7013e477d0.jpg,0,30,0,source_annotation_pending_spot_check
screw_nut_bolt,train,screw_nut_bolt__snap_1775109226_jpg.rf.e9943d503d3f638a9cff475f56e77621__83c1e78c59.jpg,0,31,0,source_annotation_pending_spot_check
screw_nut_bolt,test,screw_nut_bolt__snap_1775109228_jpg.rf.7273dd3748bf1690a5e532f62cbba193__df9d3213ee.jpg,0,29,0,source_annotation_pending_spot_check
screw_nut_bolt,train,screw_nut_bolt__snap_1775109230_jpg.rf.03edca59bccb0dceb4caae6dcf6161f6__eb88359721.jpg,0,29,0,source_annotation_pending_spot_check
screw_nut_bolt,train,screw_nut_bolt__snap_1775109234_jpg.rf.6116ba6b97fdcaa94a9115937c763582__e690842c77.jpg,0,30,0,source_annotation_pending_spot_check
screw_nut_bolt,train,screw_nut_bolt__snap_1775109236_jpg.rf.bc1845d5713dd5f9469a85a15a948d3a__63bc3218ed.jpg,0,30,0,source_annotation_pending_spot_check
screw_nut_bolt,train,screw_nut_bolt__snap_1775109237_jpg.rf.df14fdd6162fa8a0e1d2f94b1d5e8ed2__da84719824.jpg,0,30,0,source_annotation_pending_spot_check
screw_nut_bolt,test,screw_nut_bolt__snap_1775109243_jpg.rf.3b197f8d3d8921cc530ad9dfe3617f8a__46c60ab1e5.jpg,0,30,0,source_annotation_pending_spot_check
screw_nut_bolt,train,screw_nut_bolt__snap_1775109244_jpg.rf.2a53705f6550b38b4a499d4e8d154a2c__1b690c7fb6.jpg,0,29,0,source_annotation_pending_spot_check
screw_nut_bolt,train,screw_nut_bolt__snap_1775109245_jpg.rf.c30c77364751c6e7339bd2a89b5892b5__5fba07d084.jpg,0,28,0,source_annotation_pending_spot_check
screw_nut_bolt,train,screw_nut_bolt__snap_1775109270_jpg.rf.b6f88acab77315f531b21e9561e15a2d__54e9685115.jpg,0,28,0,source_annotation_pending_spot_check
screw_nut_bolt,train,screw_nut_bolt__snap_1775109272_jpg.rf.b9fafa70d297f4d4cd24d72ded4daed8__5d58205556.jpg,0,28,0,source_annotation_pending_spot_check
screw_nut_bolt,test,screw_nut_bolt__snap_1775109274_jpg.rf.76a32a62d23179e52833b380690ee8cd__c35a432399.jpg,0,28,0,source_annotation_pending_spot_check
screw_nut_bolt,train,screw_nut_bolt__snap_1775109276_jpg.rf.52aaee53bdb5848ec5e71e0cf3eb1a25__4331e729f0.jpg,0,28,0,source_annotation_pending_spot_check
screw_nut_bolt,train,screw_nut_bolt__snap_1775109277_jpg.rf.9c3273db7adc7c1ff0ab46c3b3833823__785a51dab2.jpg,0,28,0,source_annotation_pending_spot_check
screw_nut_bolt,test,screw_nut_bolt__snap_1775109279_jpg.rf.41ac088da03ef5181637ea868e5b7d32__b312bc4204.jpg,0,26,0,source_annotation_pending_spot_check
screw_nut_bolt,train,screw_nut_bolt__snap_1775109282_jpg.rf.1ebe86172f4c6d65e45513a94d43925d__e673b2f40b.jpg,0,26,0,source_annotation_pending_spot_check
screw_nut_bolt,train,screw_nut_bolt__snap_1775109293_jpg.rf.e29951003c21311a7be55d98e4889246__24bcb375cb.jpg,0,27,0,source_annotation_pending_spot_check
screw_nut_bolt,train,screw_nut_bolt__snap_1775109295_jpg.rf.92bb267f63daac655b2697f441581323__5687e4b552.jpg,0,26,0,source_annotation_pending_spot_check
screw_nut_bolt,train,screw_nut_bolt__snap_1775109307_jpg.rf.d33a6a28303975f7a05ff7c5d3e842b0__fa0ede7952.jpg,0,26,0,source_annotation_pending_spot_check
screw_nut_bolt,test,screw_nut_bolt__snap_1775109309_jpg.rf.3a4e1ae7d6b46c44e7aa6b63b2da9fdf__774c9bc640.jpg,0,26,0,source_annotation_pending_spot_check
screw_nut_bolt,train,screw_nut_bolt__snap_1775109311_jpg.rf.23cc6f446722f92a9c5907024ce4053c__229f0918dd.jpg,0,26,0,source_annotation_pending_spot_check
screw_nut_bolt,train,screw_nut_bolt__snap_1775109313_jpg.rf.b7e7b0579a7344e2212c570e12fbbd9a__0c1df2c8ab.jpg,0,26,0,source_annotation_pending_spot_check
screw_nut_bolt,train,screw_nut_bolt__snap_1775109315_jpg.rf.8412358872d90521afa4a2be258ed085__780798634b.jpg,0,26,0,source_annotation_pending_spot_check
screw_nut_bolt,train,screw_nut_bolt__snap_1775109317_jpg.rf.ccbf98cb13f1378be704120983f22510__153df4ecef.jpg,0,26,0,source_annotation_pending_spot_check
screw_nut_bolt,train,screw_nut_bolt__snap_1775109318_jpg.rf.691cdfee9c6c136034b640838640dc46__e8e847907d.jpg,0,26,0,source_annotation_pending_spot_check
screw_nut_bolt,train,screw_nut_bolt__snap_1775109320_jpg.rf.1b9652b28030e3fa5891b8f095010cf5__f04ee875a5.jpg,0,26,0,source_annotation_pending_spot_check
screw_nut_bolt,train,screw_nut_bolt__snap_1775109325_jpg.rf.c1d181f8116869498f1deb26776b6344__63469f0261.jpg,0,25,0,source_annotation_pending_spot_check
screw_nut_bolt,train,screw_nut_bolt__snap_1775109339_jpg.rf.18fcb149ceacccb7779868b1605a53f4__b55faf35d4.jpg,0,25,0,source_annotation_pending_spot_check
screw_nut_bolt,train,screw_nut_bolt__snap_1775109341_jpg.rf.85f88f1088e1ded24bbc8413ce93a25f__c3f2c64843.jpg,0,27,0,source_annotation_pending_spot_check
screw_nut_bolt,train,screw_nut_bolt__snap_1775109344_jpg.rf.b535d0537f482680b54c2ec112699b97__92e43383a6.jpg,0,27,0,source_annotation_pending_spot_check
screw_nut_bolt,train,screw_nut_bolt__snap_1775109346_jpg.rf.3b8ac13f64828e96d7029a658267f8bd__50dbe0f837.jpg,0,27,0,source_annotation_pending_spot_check
screw_nut_bolt,train,screw_nut_bolt__snap_1775109358_jpg.rf.40d8052b69e6175f5f134eee80a3b922__24d341311c.jpg,0,30,0,source_annotation_pending_spot_check
screw_nut_bolt,train,screw_nut_bolt__snap_1775109360_jpg.rf.99e4279c03297624b71f9ee3a7b3c657__5c83ff0b09.jpg,0,30,0,source_annotation_pending_spot_check
screw_nut_bolt,train,screw_nut_bolt__snap_1775109370_jpg.rf.fe3042f1aba84feaaa3b430fbf6d22d8__ffa681e93a.jpg,0,30,0,source_annotation_pending_spot_check
screw_nut_bolt,train,screw_nut_bolt__snap_1775109374_jpg.rf.eb5c8d9618d6d46eaf00a028070f212a__bd0d68ffd7.jpg,0,30,0,source_annotation_pending_spot_check
screw_nut_bolt,valid,screw_nut_bolt__snap_1775109377_jpg.rf.4ed202ee4bcc17f11d4c1be2db732522__3e093b80d8.jpg,0,30,0,source_annotation_pending_spot_check
screw_nut_bolt,train,screw_nut_bolt__snap_1775109387_jpg.rf.31a2602d08fdcbbb28ac54c677f8c078__f47044816c.jpg,0,30,0,source_annotation_pending_spot_check
screw_nut_bolt,train,screw_nut_bolt__snap_1775109389_jpg.rf.d43636801e61d4df74269dfdcfad6ac2__ab1a2cf4c9.jpg,0,30,0,source_annotation_pending_spot_check
screw_nut_bolt,train,screw_nut_bolt__snap_1775109391_jpg.rf.915cd05f5e475ee933338200e03e5bc1__c61b1535f6.jpg,0,30,0,source_annotation_pending_spot_check
screw_nut_bolt,train,screw_nut_bolt__snap_1775109392_jpg.rf.5775b1837415e341bb391c4a14db7df6__40979df6b9.jpg,0,28,0,source_annotation_pending_spot_check
screw_nut_bolt,train,screw_nut_bolt__snap_1775109394_jpg.rf.92cbb8ecffce65233cf0fc5eaa455b04__8360a4970f.jpg,0,28,0,source_annotation_pending_spot_check
screw_nut_bolt,valid,screw_nut_bolt__snap_1775109396_jpg.rf.cbe3f77ae3c9853aaeb9f879942597af__678acc6642.jpg,0,28,0,source_annotation_pending_spot_check
screw_nut_bolt,train,screw_nut_bolt__snap_1775109398_jpg.rf.2034358c51ec68a19dc1f38033bffeea__18de6ced97.jpg,0,28,0,source_annotation_pending_spot_check
screw_nut_bolt,train,screw_nut_bolt__snap_1775109400_jpg.rf.533b2567a1cfedeb69d52527567f9d23__17aa15ec16.jpg,0,28,0,source_annotation_pending_spot_check
screw_nut_bolt,valid,screw_nut_bolt__snap_1775109403_jpg.rf.8f21af97dc6049bbe9594cac2edb5f62__aeb2500b1d.jpg,0,28,0,source_annotation_pending_spot_check
screw_nut_bolt,train,screw_nut_bolt__snap_1775109405_jpg.rf.b7e2163765678992cf59fa113aefe1af__5865641ab9.jpg,0,28,0,source_annotation_pending_spot_check
screw_nut_bolt,train,screw_nut_bolt__snap_1775109407_jpg.rf.0fc445467fa34d2bca1620ea7e504987__25558d83e4.jpg,0,28,0,source_annotation_pending_spot_check
screw_nut_bolt,train,screw_nut_bolt__snap_1775109410_jpg.rf.f358864701c3397438d6f0bc46bd83f6__5fe058953b.jpg,0,28,0,source_annotation_pending_spot_check
screw_nut_bolt,test,screw_nut_bolt__snap_1775109413_jpg.rf.484ad322a9a6f1b83e734de8fc453c59__46fdd6017c.jpg,0,28,0,source_annotation_pending_spot_check
screw_nut_bolt,train,screw_nut_bolt__snap_1775109419_jpg.rf.f3f6511951c52c66e27df7f71081f588__b99097a1f2.jpg,0,27,0,source_annotation_pending_spot_check
screw_nut_bolt,train,screw_nut_bolt__snap_1775109421_jpg.rf.4a3e382f136406f504d16fb843f5e380__408cab31b0.jpg,0,27,0,source_annotation_pending_spot_check
screw_nut_bolt,train,screw_nut_bolt__snap_1775109423_jpg.rf.60243277144fb178bfa642bfe6b49388__6d63d487df.jpg,0,27,0,source_annotation_pending_spot_check
screw_nut_bolt,train,screw_nut_bolt__snap_1775109426_jpg.rf.627c9a69ec5416c961aa90fd372cf928__187581483e.jpg,0,27,0,source_annotation_pending_spot_check
screw_nut_bolt,train,screw_nut_bolt__snap_1775109428_jpg.rf.6bf32b1159c8049cfa4c2163d7a4992c__99b648b078.jpg,0,27,0,source_annotation_pending_spot_check
screw_nut_bolt,train,screw_nut_bolt__snap_1775109430_jpg.rf.2a3a1bb247b45a7a9d13fe64e7930e60__da3d974bdf.jpg,0,27,0,source_annotation_pending_spot_check
screw_nut_bolt,train,screw_nut_bolt__snap_1775109433_jpg.rf.d6258a4fc76c0a54c66a3e580a835a6e__6141ed351b.jpg,0,27,0,source_annotation_pending_spot_check
screw_nut_bolt,train,screw_nut_bolt__snap_1775109436_jpg.rf.17335d1ae3f744649a0af67e389e6192__34e3950d84.jpg,0,27,0,source_annotation_pending_spot_check
screw_nut_bolt,train,screw_nut_bolt__snap_1775109442_jpg.rf.fc9e7bd01dbd624e4b91957e33dbc2dd__50deced565.jpg,0,25,0,source_annotation_pending_spot_check
screw_nut_bolt,train,screw_nut_bolt__snap_1775109444_jpg.rf.195494a0ddb7d324915d0386bdd06e5a__d914cdff5a.jpg,0,24,0,source_annotation_pending_spot_check
screw_nut_bolt,train,screw_nut_bolt__snap_1775109446_jpg.rf.87ea0d43318754fd388bebd1b3768d0c__2111b33b01.jpg,0,24,0,source_annotation_pending_spot_check
screw_nut_bolt,train,screw_nut_bolt__snap_1775109448_jpg.rf.d39466287e7a2e08e6a18fbca15eb702__32e55c384f.jpg,0,26,0,source_annotation_pending_spot_check
screw_nut_bolt,train,screw_nut_bolt__snap_1775109450_jpg.rf.0c16f2702ebb9560294809dad07f9a67__b7082720db.jpg,0,25,0,source_annotation_pending_spot_check
screw_nut_bolt,train,screw_nut_bolt__snap_1775109452_jpg.rf.584fd13a2d01b3070f2ba372ed1568aa__78cc193efd.jpg,0,27,0,source_annotation_pending_spot_check
screw_nut_bolt,train,screw_nut_bolt__snap_1775109454_jpg.rf.47edd166a0de1df212530c8bc60131af__a07ca47d24.jpg,0,26,0,source_annotation_pending_spot_check
screw_nut_bolt,valid,screw_nut_bolt__snap_1775109456_jpg.rf.b33f0583db1023b1fc35754a6508df9a__a79e38f996.jpg,0,26,0,source_annotation_pending_spot_check
screw_nut_bolt,train,screw_nut_bolt__snap_1775109458_jpg.rf.b0987173d6bcf9f31a9958e5a2f40e57__fb14041119.jpg,0,26,0,source_annotation_pending_spot_check
screw_nut_bolt,train,screw_nut_bolt__snap_1775109460_jpg.rf.7936f209d4f87b26c94fc5fd69b83510__256044e614.jpg,0,24,0,source_annotation_pending_spot_check
screw_nut_bolt,test,screw_nut_bolt__snap_1775109469_jpg.rf.bb71f8515f54b9d17d24a8b066909845__b92eb0094e.jpg,0,24,0,source_annotation_pending_spot_check
screw_nut_bolt,test,screw_nut_bolt__snap_1775109471_jpg.rf.83a6c4854c281d9eddc3345d194a7c80__19b8a79d8d.jpg,0,22,0,source_annotation_pending_spot_check
screw_nut_bolt,train,screw_nut_bolt__snap_1775109473_jpg.rf.81819c229972de6871d8ede6e5c2bbb5__a763f28773.jpg,0,24,0,source_annotation_pending_spot_check
screw_nut_bolt,valid,screw_nut_bolt__snap_1775109475_jpg.rf.ed98419eb797c5c4b7a07efc071ffb7e__896fca329c.jpg,0,25,0,source_annotation_pending_spot_check
screw_nut_bolt,test,screw_nut_bolt__snap_1775109477_jpg.rf.2f801e5f9e374a4533cf73b2b79de416__fbd1e7948c.jpg,0,25,0,source_annotation_pending_spot_check
screw_nut_bolt,train,screw_nut_bolt__snap_1775109479_jpg.rf.a916bf1f7cd7ac79b6cc2abaf3cffb2c__c2c5c20f58.jpg,0,24,0,source_annotation_pending_spot_check
screw_nut_bolt,train,screw_nut_bolt__snap_1775109481_jpg.rf.a6e64148c92bf3dada48c764af889e14__34c1518e55.jpg,0,24,0,source_annotation_pending_spot_check
screw_nut_bolt,train,screw_nut_bolt__snap_1775109484_jpg.rf.cd72d5627ec0d4184716a272acaf0cef__3366174909.jpg,0,21,0,source_annotation_pending_spot_check
screw_nut_bolt,train,screw_nut_bolt__snap_1775109527_jpg.rf.990385359e21279a2c6d2ab9ecf93b7e__044c4e62c7.jpg,0,29,0,source_annotation_pending_spot_check
screw_nut_bolt,train,screw_nut_bolt__snap_1775109528_jpg.rf.f40ac305dfe01585fe9d4843e3d9f5c0__6fcb03f1fa.jpg,0,27,0,source_annotation_pending_spot_check
screw_nut_bolt,train,screw_nut_bolt__snap_1775109530_jpg.rf.1b892e0e587eb9a60a5d688e6b530472__a10577f5a2.jpg,0,28,0,source_annotation_pending_spot_check
screw_nut_bolt,train,screw_nut_bolt__snap_1775109532_jpg.rf.063fba2e59d9d0f7a8781c1d3d65db9d__f66eca05cd.jpg,0,28,0,source_annotation_pending_spot_check
screw_nut_bolt,train,screw_nut_bolt__snap_1775109534_jpg.rf.cd47bbfe10fffa439ec04b3ebcdd1434__54cbc6f369.jpg,0,28,0,source_annotation_pending_spot_check
screw_nut_bolt,train,screw_nut_bolt__snap_1775109536_jpg.rf.52d8a1eaa80a7c57d59898fc93ccf50a__aad57b35c4.jpg,0,28,0,source_annotation_pending_spot_check
screw_nut_bolt,valid,screw_nut_bolt__snap_1775109539_jpg.rf.a55bc77ca1675ca2831508acb3dec83d__e316e2a9b2.jpg,0,28,0,source_annotation_pending_spot_check
screw_nut_bolt,train,screw_nut_bolt__snap_1775109541_jpg.rf.c5a10aa18cf7c243e6976c06f5a52385__dabc395b69.jpg,0,28,0,source_annotation_pending_spot_check
screw_nut_bolt,valid,screw_nut_bolt__snap_1775109542_jpg.rf.4c6b96957a1cf55408c590c6ac56faa7__9da016ef78.jpg,0,29,0,source_annotation_pending_spot_check
screw_nut_bolt,train,screw_nut_bolt__snap_1775109544_jpg.rf.6a3f28c7b230cb78929ecab9ee3ef471__7e9eaef89a.jpg,0,28,0,source_annotation_pending_spot_check
screw_nut_bolt,test,screw_nut_bolt__snap_1775109546_jpg.rf.ef2c00b58666fc4b94c111e8d5a65b49__4bc0dcbdc3.jpg,0,29,0,source_annotation_pending_spot_check
screw_nut_bolt,train,screw_nut_bolt__snap_1775109548_jpg.rf.8410e5592b4709ae1ad0d258623b01f3__9726438731.jpg,0,29,0,source_annotation_pending_spot_check
screw_nut_bolt,valid,screw_nut_bolt__snap_1775109549_jpg.rf.1cc436663673b8520f31d4117cfd60de__9c5ae4748d.jpg,0,29,0,source_annotation_pending_spot_check
screw_nut_bolt,train,screw_nut_bolt__snap_1775109551_jpg.rf.41fe3f0c1c66bb4859e39fa952becc1f__d16c961180.jpg,0,29,0,source_annotation_pending_spot_check
screw_nut_bolt,train,screw_nut_bolt__snap_1775109552_jpg.rf.e625186a67311622381dbea0e497336e__6b44b478dd.jpg,0,29,0,source_annotation_pending_spot_check
screw_nut_bolt,train,screw_nut_bolt__snap_1775109564_jpg.rf.0dccdd5d2e13bcfa9f1247ce76ff744c__0116a0f9c8.jpg,0,31,0,source_annotation_pending_spot_check
screw_nut_bolt,train,screw_nut_bolt__snap_1775109584_jpg.rf.f43d1d14344dc475c34f0d368dfccff9__cfb933d97b.jpg,0,32,0,source_annotation_pending_spot_check
screw_nut_bolt,train,screw_nut_bolt__snap_1775109586_jpg.rf.e798af000cb131dd34ceeec40c4f440d__9345210845.jpg,0,32,0,source_annotation_pending_spot_check
screw_nut_bolt,train,screw_nut_bolt__snap_1775109587_jpg.rf.7ad5c08fbf0b87dad1e384d5122a5b23__61cb798e7f.jpg,0,32,0,source_annotation_pending_spot_check
screw_nut_bolt,train,screw_nut_bolt__snap_1775109588_jpg.rf.6a2390eac1e6c62afd6f329070b3210b__a4c291bfa9.jpg,0,32,0,source_annotation_pending_spot_check
screw_nut_bolt,train,screw_nut_bolt__snap_1775109601_jpg.rf.4c5db1e689e6ed2fb5a01f1ba89311c1__723977cfda.jpg,0,30,0,source_annotation_pending_spot_check
screw_nut_bolt,train,screw_nut_bolt__snap_1775109603_jpg.rf.ac2578df6bafdfbeac274df86971dcd2__ff0e7d8c8d.jpg,0,30,0,source_annotation_pending_spot_check
screw_nut_bolt,train,screw_nut_bolt__snap_1775109604_jpg.rf.c6af01bb42bf687f16b7b7ceabb01ad2__ce03eecea7.jpg,0,30,0,source_annotation_pending_spot_check
screw_nut_bolt,train,screw_nut_bolt__snap_1775109605_jpg.rf.0deba6fe0fa8a7f20a6b420e68637809__f8a9ccac7f.jpg,0,29,0,source_annotation_pending_spot_check
screw_nut_bolt,test,screw_nut_bolt__snap_1775109613_jpg.rf.a5a9feb56999dcf431845d0de648e9f3__3d7387b2a2.jpg,0,31,0,source_annotation_pending_spot_check
screw_nut_bolt,train,screw_nut_bolt__snap_1775109615_jpg.rf.b1d287b8542a936a9e0907b18447f065__52c4a19d41.jpg,0,31,0,source_annotation_pending_spot_check
screw_nut_bolt,train,screw_nut_bolt__snap_1775109616_jpg.rf.0a98fbe75e5bbd4f3aaa23cbeaadba9b__8848f4e9e0.jpg,0,30,0,source_annotation_pending_spot_check
screw_nut_bolt,train,screw_nut_bolt__snap_1775109617_jpg.rf.690cdf9c3d44d7da9c07ba089e9bebbe__5a4684ca6e.jpg,0,30,0,source_annotation_pending_spot_check
screw_nut_bolt,train,screw_nut_bolt__snap_1775109618_jpg.rf.30779887c3a7d47f9e7ce5a4189c9c84__0a465ec212.jpg,0,30,0,source_annotation_pending_spot_check
screw_nut_bolt,valid,screw_nut_bolt__snap_1775109619_jpg.rf.01442d241961f47ffeed57b785bdbb52__78891581c5.jpg,0,29,0,source_annotation_pending_spot_check
screw_nut_bolt,train,screw_nut_bolt__snap_1775109620_jpg.rf.f25921791f6beea0a9ea6b3cd5c0d439__3d4a42b1e1.jpg,0,28,0,source_annotation_pending_spot_check
screw_nut_bolt,test,screw_nut_bolt__snap_1775109621_jpg.rf.587242b8010b628bdcabce0636d01cdd__f953653ef6.jpg,0,29,0,source_annotation_pending_spot_check
screw_nut_bolt,train,screw_nut_bolt__snap_1775109622_jpg.rf.6a182e26786012c55766d52ec6e2a701__04b0e6cc50.jpg,0,29,0,source_annotation_pending_spot_check
screw_nut_bolt,valid,screw_nut_bolt__snap_1775109623_jpg.rf.d70cdc0e41d392cbaa46e392fb7bef79__a4cf4001db.jpg,0,29,0,source_annotation_pending_spot_check
screw_nut_bolt,train,screw_nut_bolt__snap_1775109624_jpg.rf.39f7d17a3aa4d57d80b879e55d2bae0e__92a488bc5e.jpg,0,29,0,source_annotation_pending_spot_check
screw_nut_bolt,train,screw_nut_bolt__snap_1775109625_jpg.rf.1db33e09b2c4e2e4e1ecd15140bbaac4__8812f53496.jpg,0,30,0,source_annotation_pending_spot_check
screw_nut_bolt,train,screw_nut_bolt__snap_1775109626_jpg.rf.63a1fedc269c6ea830c60b103f28c51e__1c9b8d8182.jpg,0,31,0,source_annotation_pending_spot_check
screw_nut_bolt,train,screw_nut_bolt__snap_1775109627_jpg.rf.24276a623f9fe6ecd765f17a9608f284__b34895cd01.jpg,0,31,0,source_annotation_pending_spot_check
screw_nut_bolt,train,screw_nut_bolt__snap_1775109628_jpg.rf.b5147cb740cc126529e733798794196b__0cc59ec29e.jpg,0,32,0,source_annotation_pending_spot_check
screw_nut_bolt,train,screw_nut_bolt__snap_1775109629_jpg.rf.0153fc0fc723996308adf99a6f7021e1__95ce6abeee.jpg,0,32,0,source_annotation_pending_spot_check
screw_nut_bolt,valid,screw_nut_bolt__snap_1775109630_jpg.rf.c469701f438b4543b362d9f1be8eccc6__12c4076bac.jpg,0,31,0,source_annotation_pending_spot_check
screw_nut_bolt,train,screw_nut_bolt__snap_1775109631_jpg.rf.4595c5dded50de61fe636c582226c6af__6c2bedfad9.jpg,0,31,0,source_annotation_pending_spot_check
screw_nut_bolt,train,screw_nut_bolt__snap_1775109632_jpg.rf.129f133d84561a11178bcdfe7d2886ef__3052dd82ee.jpg,0,31,0,source_annotation_pending_spot_check
screw_nut_bolt,train,screw_nut_bolt__snap_1775109633_jpg.rf.6960c1a0f28717bb585466db8da6bb50__939f9648fd.jpg,0,30,0,source_annotation_pending_spot_check
screw_nut_bolt,valid,screw_nut_bolt__snap_1775109634_jpg.rf.42659fce26d04903a078c8c122a5e748__90c2ee175b.jpg,0,31,0,source_annotation_pending_spot_check
screw_nut_bolt,train,screw_nut_bolt__snap_1775109635_jpg.rf.78d968e360197540d4dc98210ddc1973__b02da9c9be.jpg,0,30,0,source_annotation_pending_spot_check
screw_nut_bolt,train,screw_nut_bolt__snap_1775109647_jpg.rf.3782a3fe7459d5406fda39c74e8e8ca1__bff7c71a3a.jpg,0,30,0,source_annotation_pending_spot_check
screw_nut_bolt,valid,screw_nut_bolt__snap_1775109649_jpg.rf.c2b3e614fbb696c2c791ca07ff95b939__4487dbb33f.jpg,0,31,0,source_annotation_pending_spot_check
screw_nut_bolt,train,screw_nut_bolt__snap_1775109657_jpg.rf.4c85d794146a7bddd099736ed5109aa8__93ad154bb5.jpg,0,32,0,source_annotation_pending_spot_check
screw_nut_bolt,train,screw_nut_bolt__snap_1775109658_jpg.rf.45a299d8cc8a4f3f004787d458de19c9__3c98279810.jpg,0,32,0,source_annotation_pending_spot_check
screw_nut_bolt,test,screw_nut_bolt__snap_1775109659_jpg.rf.671a2682bfe09e0a3bef7379ab34f331__a4798a4b20.jpg,0,32,0,source_annotation_pending_spot_check
screw_nut_bolt,train,screw_nut_bolt__snap_1775109660_jpg.rf.69ada68d40d9a203e05a6a35e13c65f2__a08de45079.jpg,0,31,0,source_annotation_pending_spot_check
screw_nut_bolt,train,screw_nut_bolt__snap_1775109661_jpg.rf.8221d286746df4cbe2fdf1fe53024835__5c12519ae2.jpg,0,32,0,source_annotation_pending_spot_check
screw_nut_bolt,train,screw_nut_bolt__snap_1775109662_jpg.rf.d718ca8dd94d9b1685e8f55bd83ea01b__cd5a77ef99.jpg,0,32,0,source_annotation_pending_spot_check
screw_nut_bolt,train,screw_nut_bolt__snap_1775109663_jpg.rf.d4d5368062681b760687c3b21d267ef6__d3ce612072.jpg,0,32,0,source_annotation_pending_spot_check
screw_nut_bolt,train,screw_nut_bolt__snap_1775109664_jpg.rf.e3d7a35156e2adbfd8e9a276a07536bc__51c7c93fda.jpg,0,32,0,source_annotation_pending_spot_check
screw_nut_bolt,valid,screw_nut_bolt__snap_1775109666_jpg.rf.1f88d350883e0447319a36080a36c4d0__0c823f7837.jpg,0,31,0,source_annotation_pending_spot_check
screw_nut_bolt,train,screw_nut_bolt__snap_1775109667_jpg.rf.ce35ee098d84ca9f46e4e8639de76358__5a0386ce11.jpg,0,31,0,source_annotation_pending_spot_check
screw_nut_bolt,train,screw_nut_bolt__snap_1775109668_jpg.rf.b752540b50485c6a183ab57848bff876__c461754a82.jpg,0,31,0,source_annotation_pending_spot_check
screw_nut_bolt,train,screw_nut_bolt__snap_1775109669_jpg.rf.85f90a636c31f0ab2b55ab7d945ac6af__80f64cd39e.jpg,0,31,0,source_annotation_pending_spot_check
screw_nut_bolt,train,screw_nut_bolt__snap_1775109670_jpg.rf.0d5ec7e5452499266ecc1943816294e8__ae02c37373.jpg,0,30,0,source_annotation_pending_spot_check
screw_nut_bolt,valid,screw_nut_bolt__snap_1775109671_jpg.rf.50271fe119b346c8fb31ffa5c72a9f0b__719f8283cf.jpg,0,30,0,source_annotation_pending_spot_check
screw_nut_bolt,train,screw_nut_bolt__snap_1775109673_jpg.rf.8b7ba1a584652fedefaf9a68d38d8ceb__e06c27d42e.jpg,0,28,0,source_annotation_pending_spot_check
screw_nut_bolt,train,screw_nut_bolt__snap_1775109683_jpg.rf.2a4bb88ee0e5f6cd0f756062d3acf443__7e8b657f37.jpg,0,30,0,source_annotation_pending_spot_check
screw_nut_bolt,test,screw_nut_bolt__snap_1775109684_jpg.rf.af3ee92d7e6d1d67e9816342072a5871__bd085fe507.jpg,0,30,0,source_annotation_pending_spot_check
screw_nut_bolt,valid,screw_nut_bolt__snap_1775109686_jpg.rf.c354b2a4eb7c4bd17e0b22e29ca8bdb7__8c9dc8b2e4.jpg,0,31,0,source_annotation_pending_spot_check
screw_nut_bolt,train,screw_nut_bolt__snap_1775109687_jpg.rf.ffdbdf76fe69dba32561bd82a345e7da__a576362da4.jpg,0,31,0,source_annotation_pending_spot_check
screw_nut_bolt,train,screw_nut_bolt__snap_1775109688_jpg.rf.c023dbf8b09ef3e419c0682d5c918a78__7921063430.jpg,0,30,0,source_annotation_pending_spot_check
screw_nut_bolt,train,screw_nut_bolt__snap_1775109689_jpg.rf.233e1acc40fe854ae58e548a5fd6d76b__343f9466c0.jpg,0,30,0,source_annotation_pending_spot_check
screw_nut_bolt,train,screw_nut_bolt__snap_1775109690_jpg.rf.acfe723380f4f110444d42d87e010586__18498789cf.jpg,0,29,0,source_annotation_pending_spot_check
screw_nut_bolt,train,screw_nut_bolt__snap_1775109691_jpg.rf.b4b671bfbc6e803cd2b926f28df66536__d476a320fa.jpg,0,23,0,source_annotation_pending_spot_check
screw_nut_bolt,train,screw_nut_bolt__snap_1775109692_jpg.rf.1eb19d994c356e0c4d1c219708e17f26__8887d3c8af.jpg,0,23,0,source_annotation_pending_spot_check
screw_nut_bolt,test,screw_nut_bolt__snap_1775109704_jpg.rf.5d1397ec6ced440daaf3e8a8a1c59f0c__b909ef5442.jpg,0,28,0,source_annotation_pending_spot_check
screw_nut_bolt,train,screw_nut_bolt__snap_1775109705_jpg.rf.dca6b12a0d33909f577156a536cecce8__19d453b1a3.jpg,0,30,0,source_annotation_pending_spot_check
screw_nut_bolt,train,screw_nut_bolt__snap_1775109706_jpg.rf.1c2c2db17a4ae70051c92fffbe593ee5__c0eeb0bf9a.jpg,0,30,0,source_annotation_pending_spot_check
screw_nut_bolt,valid,screw_nut_bolt__snap_1775109707_jpg.rf.1443f1e09a29229624abc5e49eb161cc__2453476313.jpg,0,29,0,source_annotation_pending_spot_check
screw_nut_bolt,train,screw_nut_bolt__snap_1775109708_jpg.rf.7ba7e84196ee5095d41c2609e03dcbe1__a8f28e5222.jpg,0,26,0,source_annotation_pending_spot_check
screw_nut_bolt,train,screw_nut_bolt__snap_1775109709_jpg.rf.eb2178a7bed51695a26dc6251053da20__8e0eb089b2.jpg,0,26,0,source_annotation_pending_spot_check
screw_nut_bolt,train,screw_nut_bolt__snap_1775109710_jpg.rf.f8602b8a32b57ea473a119692977a986__938e9ebcb1.jpg,0,26,0,source_annotation_pending_spot_check
screw_nut_bolt,train,screw_nut_bolt__snap_1775109711_jpg.rf.4167c3ae528ed6ed74cef1680230466c__9cfe7dbe95.jpg,0,28,0,source_annotation_pending_spot_check
screw_nut_bolt,train,screw_nut_bolt__snap_1775109712_jpg.rf.3db62c1b2ecd1dcd710484080ed057d3__507eac909a.jpg,0,28,0,source_annotation_pending_spot_check
screw_nut_bolt,train,screw_nut_bolt__snap_1775109714_jpg.rf.d6589653c3437d28e663959dd207b8ce__4a007cc8a0.jpg,0,29,0,source_annotation_pending_spot_check
screw_nut_bolt,train,screw_nut_bolt__snap_1775109715_jpg.rf.7201cf4ff6d11d839e057c81b6ba0210__cb20532b75.jpg,0,30,0,source_annotation_pending_spot_check
screw_nut_bolt,train,screw_nut_bolt__snap_1775109716_jpg.rf.be70f0cc9861a1de39715bdd6dcd0d1b__92917b3fe7.jpg,0,31,0,source_annotation_pending_spot_check
screw_nut_bolt,train,screw_nut_bolt__snap_1775109717_jpg.rf.ae48542ddf0e7c569937af358208dbbc__5305c56b12.jpg,0,31,0,source_annotation_pending_spot_check
screw_nut_bolt,test,screw_nut_bolt__snap_1775109718_jpg.rf.75988b648092609390a20e91b01a89e8__2f1a356e7e.jpg,0,31,0,source_annotation_pending_spot_check
screw_nut_bolt,test,screw_nut_bolt__snap_1775109719_jpg.rf.7441614a5a20459fd8bcd7fb23b49c79__75beac7dd5.jpg,0,31,0,source_annotation_pending_spot_check
screw_nut_bolt,train,screw_nut_bolt__snap_1775109720_jpg.rf.0a83fb802032eaab5e136b0da01761e6__6f07cb8b2d.jpg,0,31,0,source_annotation_pending_spot_check
screw_nut_bolt,train,screw_nut_bolt__snap_1775109721_jpg.rf.889dfdb36316937a1fd684508f29a2de__628b1552f0.jpg,0,31,0,source_annotation_pending_spot_check
screw_nut_bolt,train,screw_nut_bolt__snap_1775109725_jpg.rf.7b01e5e56ef52922d9ed2d2e57da1973__65d6a50a47.jpg,0,31,0,source_annotation_pending_spot_check
screw_nut_bolt,valid,screw_nut_bolt__snap_1775109726_jpg.rf.5edc1c44a5e2fbfcb4858d0d99096efa__a92ff624b0.jpg,0,31,0,source_annotation_pending_spot_check
screw_nut_bolt,train,screw_nut_bolt__snap_1775109728_jpg.rf.d3e13670c76636e644e895cca904a6bf__e63a2c4005.jpg,0,29,0,source_annotation_pending_spot_check
screw_nut_bolt,valid,screw_nut_bolt__snap_1775109729_jpg.rf.df639d7108add1a1eed7f074dc4811b6__7ab5bdd739.jpg,0,28,0,source_annotation_pending_spot_check
screw_nut_bolt,train,screw_nut_bolt__snap_1775109732_jpg.rf.4ce2458278541a724d8391009d5bf639__0a746450ef.jpg,0,29,0,source_annotation_pending_spot_check
screw_nut_bolt,train,screw_nut_bolt__snap_1775109733_jpg.rf.a20d2426228bbba5ea12ddf215ff72f9__1147e47a5b.jpg,0,30,0,source_annotation_pending_spot_check
screw_nut_bolt,train,screw_nut_bolt__snap_1775109734_jpg.rf.d09cf7dc267a310842d4cb9d51724041__c1b01c73d6.jpg,0,28,0,source_annotation_pending_spot_check
screw_nut_bolt,train,screw_nut_bolt__snap_1775109737_jpg.rf.ee56a75cdfdcb27f4a4355ad242f4630__0e78d1c4b0.jpg,0,26,0,source_annotation_pending_spot_check
screw_nut_bolt,valid,screw_nut_bolt__snap_1775109738_jpg.rf.a74d9e59337a29b471b43747f52b96b7__0a0da6d614.jpg,0,26,0,source_annotation_pending_spot_check
screw_nut_bolt,test,screw_nut_bolt__snap_1775109739_jpg.rf.139e6be587b2672ae664cce52ccd2043__fff33b556c.jpg,0,25,0,source_annotation_pending_spot_check
screw_nut_bolt,train,screw_nut_bolt__snap_1775109740_jpg.rf.31f66b2361e2ad534e942100fe484f12__ded51c12af.jpg,0,26,0,source_annotation_pending_spot_check
screw_nut_bolt,train,screw_nut_bolt__snap_1775109741_jpg.rf.a10cd602fc75fc41126815d49263d9bc__c7890267d2.jpg,0,26,0,source_annotation_pending_spot_check
screw_nut_bolt,valid,screw_nut_bolt__snap_1775109742_jpg.rf.501d93f34f46255b05087fd8931e8f61__07600f656e.jpg,0,27,0,source_annotation_pending_spot_check
screw_nut_bolt,train,screw_nut_bolt__snap_1775109743_jpg.rf.e67b35b0c3a8e9d3a7e8f59cd0b532ff__6ccc4f3862.jpg,0,26,0,source_annotation_pending_spot_check
screw_nut_bolt,train,screw_nut_bolt__snap_1775109744_jpg.rf.b60056c70a1df39931ee605f2e5ac436__70c65216df.jpg,0,27,0,source_annotation_pending_spot_check
screw_nut_bolt,train,screw_nut_bolt__snap_1775109745_jpg.rf.30959edfe180c5fa34bc94fb40a00e96__639db402f8.jpg,0,26,0,source_annotation_pending_spot_check
screw_nut_bolt,train,screw_nut_bolt__snap_1775109747_jpg.rf.e42af008ab5b063675222ffc4c1ffc68__83ea2dc8e7.jpg,0,26,0,source_annotation_pending_spot_check
screw_nut_bolt,train,screw_nut_bolt__snap_1775109752_jpg.rf.4edbb3c6b92fdb4d95b408dbf0461509__fbab2042c2.jpg,0,25,0,source_annotation_pending_spot_check
screw_nut_bolt,train,screw_nut_bolt__snap_1775109754_jpg.rf.6ecbb5b0cb96ff5edc8b71d0ac9de1e1__599993a668.jpg,0,28,0,source_annotation_pending_spot_check
screw_nut_bolt,train,screw_nut_bolt__snap_1775109756_jpg.rf.2274fda755a8d5c556f8cdf26c16a109__1f8af87a5d.jpg,0,28,0,source_annotation_pending_spot_check
screw_nut_bolt,train,screw_nut_bolt__snap_1775109757_jpg.rf.6b09f7a5055771e96468bbcc630e1e7c__ac336b4d85.jpg,0,28,0,source_annotation_pending_spot_check
screw_nut_bolt,train,screw_nut_bolt__snap_1775109758_jpg.rf.67d060d7ca1a262cf269dd5f43ecf881__f115122d15.jpg,0,28,0,source_annotation_pending_spot_check
screw_nut_bolt,train,screw_nut_bolt__snap_1775109759_jpg.rf.b54b4fdd1564497219c0b9c0a4b78f56__df5c8c1c73.jpg,0,26,0,source_annotation_pending_spot_check
screw_nut_bolt,valid,screw_nut_bolt__snap_1775109760_jpg.rf.42396519309d7d8678e35a9f462d9f4c__41f1233c55.jpg,0,28,0,source_annotation_pending_spot_check
screw_nut_bolt,train,screw_nut_bolt__snap_1775109761_jpg.rf.9c204edbcab634e9a1890fcd5f7ea7ca__4718f5715d.jpg,0,26,0,source_annotation_pending_spot_check
screw_nut_bolt,train,screw_nut_bolt__snap_1775109762_jpg.rf.6fc42807061e4df855a8150a3fe57ebe__9733f4db54.jpg,0,27,0,source_annotation_pending_spot_check
screw_nut_bolt,train,screw_nut_bolt__snap_1775109766_jpg.rf.977fadaf6845875dbd33fcd35d3b2eec__6d45102173.jpg,0,28,0,source_annotation_pending_spot_check
screw_nut_bolt,train,screw_nut_bolt__snap_1775109774_jpg.rf.0259b3ed3e66ddc35f4dd714bf5fdaee__68f280251f.jpg,0,28,0,source_annotation_pending_spot_check
screw_nut_bolt,valid,screw_nut_bolt__snap_1775109775_jpg.rf.e0e4130ce6681cbafe268d8017f51655__9bc1e14691.jpg,0,27,0,source_annotation_pending_spot_check
screw_nut_bolt,train,screw_nut_bolt__snap_1775109776_jpg.rf.234017f089357805260f0be11b597c55__8f04e6584b.jpg,0,28,0,source_annotation_pending_spot_check
screw_nut_bolt,train,screw_nut_bolt__snap_1775109777_jpg.rf.8bc47f87b22646fa134e32c2537229df__a840c55712.jpg,0,28,0,source_annotation_pending_spot_check
screw_nut_bolt,train,screw_nut_bolt__snap_1775109778_jpg.rf.3085c4e0565b821f6ee612d783a6174f__2c2dad233e.jpg,0,27,0,source_annotation_pending_spot_check
screw_nut_bolt,train,screw_nut_bolt__snap_1775109779_jpg.rf.e697f09100cdf63bde0fddf3e20cd844__f91af3b62d.jpg,0,24,0,source_annotation_pending_spot_check
screw_nut_bolt,train,screw_nut_bolt__snap_1775109780_jpg.rf.b81819b582d1113f2533e9b0691d7374__da5cfce1ca.jpg,0,26,0,source_annotation_pending_spot_check
screw_nut_bolt,test,screw_nut_bolt__snap_1775109781_jpg.rf.7b26b096c68a9a08ab402f473e25d5f7__2f0329c7bc.jpg,0,24,0,source_annotation_pending_spot_check
screw_nut_bolt,train,screw_nut_bolt__snap_1775109782_jpg.rf.a6d85c8fa005ac51bedd5cfb77723f94__a6e789d472.jpg,0,24,0,source_annotation_pending_spot_check
screw_nut_bolt,train,screw_nut_bolt__snap_1775109783_jpg.rf.a055a25d10bc70d52fd2c5d398518da6__10d6832726.jpg,0,27,0,source_annotation_pending_spot_check
screw_nut_bolt,train,screw_nut_bolt__snap_1775109785_jpg.rf.b4cd5727e250c2cae432be95709b35e2__751e0de83c.jpg,0,26,0,source_annotation_pending_spot_check
screw_nut_bolt,train,screw_nut_bolt__snap_1775109786_jpg.rf.c90b62d39343fc819f6f70d08fd1641a__d169196091.jpg,0,26,0,source_annotation_pending_spot_check
screw_nut_bolt,train,screw_nut_bolt__snap_1775109787_jpg.rf.a922c390ecd9f149c33077ca0379c4f0__ea8417e874.jpg,0,28,0,source_annotation_pending_spot_check
screw_nut_bolt,train,screw_nut_bolt__snap_1775109788_jpg.rf.ce74166f2bcbb487c429910d44556f96__3a60919086.jpg,0,28,0,source_annotation_pending_spot_check
screw_nut_bolt,test,screw_nut_bolt__snap_1775109789_jpg.rf.02031c6d0709c1ca9f61267e993046e2__865e262fbe.jpg,0,29,0,source_annotation_pending_spot_check
screw_nut_bolt,train,screw_nut_bolt__snap_1775109791_jpg.rf.b2607557ba381e6754caf307a566ea72__07b83f55ed.jpg,0,27,0,source_annotation_pending_spot_check
screw_nut_bolt,train,screw_nut_bolt__snap_1775109792_jpg.rf.abd125e7c72e90ee3771f24f87db3864__dba7efd351.jpg,0,26,0,source_annotation_pending_spot_check
screw_nut_bolt,train,screw_nut_bolt__snap_1775109798_jpg.rf.84e02f02aeb30f40b94f4941b54f76ec__d5be006134.jpg,0,29,0,source_annotation_pending_spot_check
screw_nut_bolt,test,screw_nut_bolt__snap_1775109807_jpg.rf.e670c4f62d1c6380b77d3bc36756e74a__aed100646c.jpg,0,29,0,source_annotation_pending_spot_check
screw_nut_bolt,train,screw_nut_bolt__snap_1775109808_jpg.rf.4f86aa185f5a5a9c9ed3d4048187524f__2a7fbc98f7.jpg,0,26,0,source_annotation_pending_spot_check
screw_nut_bolt,train,screw_nut_bolt__snap_1775109851_jpg.rf.7890ea15319f8925fe6f5b3c11b78108__21ad4f8d27.jpg,0,31,0,source_annotation_pending_spot_check
screw_nut_bolt,train,screw_nut_bolt__snap_1775109854_jpg.rf.4170569c9d5772a5c4432b0e1528cb47__b7ffe307d3.jpg,0,31,0,source_annotation_pending_spot_check
screw_nut_bolt,train,screw_nut_bolt__snap_1775109855_jpg.rf.3b235968622d55ac558881131321825e__020540b0e7.jpg,0,31,0,source_annotation_pending_spot_check
screw_nut_bolt,train,screw_nut_bolt__snap_1775109856_jpg.rf.c03fcb33423c1fa7bd6030ed765e4193__ae9ac7b8c6.jpg,0,30,0,source_annotation_pending_spot_check
screw_nut_bolt,test,screw_nut_bolt__snap_1775109857_jpg.rf.3621677e933838dd26a63a76a9a34a61__fe4f1ef3f8.jpg,0,30,0,source_annotation_pending_spot_check
screw_nut_bolt,train,screw_nut_bolt__snap_1775109858_jpg.rf.8b9a0848f6d72e80d91a7b6fd8aa6abd__36f51a51c9.jpg,0,30,0,source_annotation_pending_spot_check
screw_nut_bolt,train,screw_nut_bolt__snap_1775109859_jpg.rf.da67e982fe1883dcf8de00bc1621e180__47b05faf3a.jpg,0,30,0,source_annotation_pending_spot_check
screw_nut_bolt,train,screw_nut_bolt__snap_1775109860_jpg.rf.b05fbe52e72e2693c07639276db1f5e1__a46afb9cfb.jpg,0,30,0,source_annotation_pending_spot_check
screw_nut_bolt,valid,screw_nut_bolt__snap_1775109861_jpg.rf.534d2c8dd60f72e937a517c252877622__107923b2aa.jpg,0,30,0,source_annotation_pending_spot_check
screw_nut_bolt,train,screw_nut_bolt__snap_1775109862_jpg.rf.40490ff138db28b792b19b31197ef33f__8b70a8ccd3.jpg,0,28,0,source_annotation_pending_spot_check
screw_nut_bolt,train,screw_nut_bolt__snap_1775109866_jpg.rf.89f183f462763c21f2bf88f9bd4e56b4__b2cfaa7daa.jpg,0,28,0,source_annotation_pending_spot_check
screw_nut_bolt,train,screw_nut_bolt__snap_1775109921_jpg.rf.a1fd78b96544ad47eb7d982ea0639665__c798ca77f1.jpg,0,28,0,source_annotation_pending_spot_check
screw_nut_bolt,train,screw_nut_bolt__snap_1775109925_jpg.rf.a99716ccfb12a5c40b883f417ebd4e5b__2df23c3b16.jpg,0,29,0,source_annotation_pending_spot_check
screw_nut_bolt,train,screw_nut_bolt__snap_1775109926_jpg.rf.cf58064e11a6f28c8fcf37f7ebbcfe1f__d397fcba88.jpg,0,29,0,source_annotation_pending_spot_check
screw_nut_bolt,train,screw_nut_bolt__snap_1775109927_jpg.rf.3f3c759865167352b6dde637b2eadc3c__75e0b6ccc8.jpg,0,30,0,source_annotation_pending_spot_check
screw_nut_bolt,train,screw_nut_bolt__snap_1775109928_jpg.rf.0cfee837adbd7bbde3902e548c30a114__70518937db.jpg,0,29,0,source_annotation_pending_spot_check
screw_nut_bolt,train,screw_nut_bolt__snap_1775109929_jpg.rf.376264a47a3885b0ddcc69ea60655835__360b57fe71.jpg,0,27,0,source_annotation_pending_spot_check
screw_nut_bolt,train,screw_nut_bolt__snap_1775109930_jpg.rf.6883eb4124c0a488d5ad63c7ba4b7c0b__c3ba161af0.jpg,0,27,0,source_annotation_pending_spot_check
screw_nut_bolt,train,screw_nut_bolt__snap_1775109931_jpg.rf.9001e1650d3509d3cfe977882a13d464__127d885f85.jpg,0,29,0,source_annotation_pending_spot_check
screw_nut_bolt,train,screw_nut_bolt__snap_1775109933_jpg.rf.b530af0e6ca39494447a5c0317f2dd39__1adf4e35ec.jpg,0,28,0,source_annotation_pending_spot_check
screw_nut_bolt,valid,screw_nut_bolt__snap_1775109934_jpg.rf.f5d64c3d005ada2e05dec5a5312f9658__f3613ac91d.jpg,0,29,0,source_annotation_pending_spot_check
screw_nut_bolt,train,screw_nut_bolt__snap_1775109935_jpg.rf.19233451b8392604f810cb7ec77e5ffc__3adda60e5d.jpg,0,27,0,source_annotation_pending_spot_check
screw_nut_bolt,train,screw_nut_bolt__snap_1775109936_jpg.rf.af254610e7bde042d042e86e469ae875__f9d94cebc0.jpg,0,26,0,source_annotation_pending_spot_check
screw_nut_bolt,train,screw_nut_bolt__snap_1775109937_jpg.rf.c53bf33bbb0011f83cb7388b77ba2e75__2629a55bc7.jpg,0,21,0,source_annotation_pending_spot_check
screw_nut_bolt,train,screw_nut_bolt__snap_1775109938_jpg.rf.ca6164dcd35ec4f3c44ce2dba72aa40d__b877498253.jpg,0,21,0,source_annotation_pending_spot_check
screw_nut_bolt,train,screw_nut_bolt__snap_1775109939_jpg.rf.f5a0ca5db58df3359d54b04892787963__65ab06da99.jpg,0,19,0,source_annotation_pending_spot_check
screw_nut_bolt,train,screw_nut_bolt__snap_1775109941_jpg.rf.a65079e0fcb6ce39e01efba37ca9ff9a__9381d3259c.jpg,0,20,0,source_annotation_pending_spot_check
screw_nut_bolt,train,screw_nut_bolt__snap_1775109942_jpg.rf.96db578059958c59e777567e98583926__f64330ece7.jpg,0,23,0,source_annotation_pending_spot_check
screw_nut_bolt,train,screw_nut_bolt__snap_1775109943_jpg.rf.da931a6d047283f81a72fb54b83c8117__02a6894de0.jpg,0,17,0,source_annotation_pending_spot_check
screw_nut_bolt,train,screw_nut_bolt__snap_1775109944_jpg.rf.b7bf9ada2b46cd58aa0373229d3eaf87__f8f6f7c364.jpg,0,23,0,source_annotation_pending_spot_check
screw_nut_bolt,train,screw_nut_bolt__snap_1775109946_jpg.rf.7154fadaf615063b067fffa0e732a8a2__4b3e75792e.jpg,0,27,0,source_annotation_pending_spot_check
screw_nut_bolt,train,screw_nut_bolt__snap_1775109948_jpg.rf.49761d2202756d2ee6d59ed740228ee4__1c32da806a.jpg,0,25,0,source_annotation_pending_spot_check
screw_nut_bolt,train,screw_nut_bolt__snap_1775109949_jpg.rf.19bf2c6cffab4e0a59fb34758525b10b__4c5ef568d6.jpg,0,30,0,source_annotation_pending_spot_check
screw_nut_bolt,train,screw_nut_bolt__snap_1775109950_jpg.rf.1fc2a0d258a6a10f328a0fcfe9e14ce4__93184d7152.jpg,0,27,0,source_annotation_pending_spot_check
screw_nut_bolt,train,screw_nut_bolt__snap_1775109951_jpg.rf.cf266f3962fd08c75647b514b2966cc1__5efb50f108.jpg,0,28,0,source_annotation_pending_spot_check
screw_nut_bolt,valid,screw_nut_bolt__snap_1775109952_jpg.rf.9e26afd9627f3399e79c6ee3eb082085__b4e99eba46.jpg,0,28,0,source_annotation_pending_spot_check
screw_nut_bolt,train,screw_nut_bolt__snap_1775109953_jpg.rf.44eaee9ea949de5c8e2db5de480d1ea2__2f550f6ca3.jpg,0,29,0,source_annotation_pending_spot_check
screw_nut_bolt,train,screw_nut_bolt__snap_1775109954_jpg.rf.f0c542fd93ab666b86f5074135aaef59__8acf04ad0a.jpg,0,30,0,source_annotation_pending_spot_check
screw_nut_bolt,train,screw_nut_bolt__snap_1775109955_jpg.rf.de3b5a46cbd25e6c5cb537fc0d5073b5__94a632ff55.jpg,0,28,0,source_annotation_pending_spot_check
screw_nut_bolt,train,screw_nut_bolt__snap_1775109957_jpg.rf.242bd1fbfb79644cb4b9a0e6acdc0c9a__d800157428.jpg,0,29,0,source_annotation_pending_spot_check
screw_nut_bolt,test,screw_nut_bolt__snap_1775109959_jpg.rf.b4afb8d3ee155d8381f46ccc4c72bad0__5a7dd4257d.jpg,0,29,0,source_annotation_pending_spot_check
screw_nut_bolt,train,screw_nut_bolt__snap_1775109960_jpg.rf.d901343654c0d685abb90410ee56e776__a9d837baee.jpg,0,29,0,source_annotation_pending_spot_check
screw_nut_bolt,train,screw_nut_bolt__snap_1775109962_jpg.rf.75d88a6a0986799f841ccf06e5a546ee__5ba6cf8e4c.jpg,0,29,0,source_annotation_pending_spot_check
screw_nut_bolt,train,screw_nut_bolt__snap_1775109963_jpg.rf.315c45b3276b2830b697804a96ef6157__a5ad82d19a.jpg,0,27,0,source_annotation_pending_spot_check
screw_nut_bolt,train,screw_nut_bolt__snap_1775109968_jpg.rf.c304b31bd4c762777ffc436c85832cd8__0d9c8c9ec9.jpg,0,28,0,source_annotation_pending_spot_check
screw_nut_bolt,train,screw_nut_bolt__snap_1775109970_jpg.rf.b8e8caeaec50b7d2a11fdea3399ecdb0__834942dc6d.jpg,0,27,0,source_annotation_pending_spot_check
screw_nut_bolt,train,screw_nut_bolt__snap_1775109971_jpg.rf.fae756713539a933b3ea95e4f6f0429f__310992afec.jpg,0,29,0,source_annotation_pending_spot_check
screw_nut_bolt,train,screw_nut_bolt__snap_1775109972_jpg.rf.a06105e540bf12452d39eb4c73173033__1b0792c7a2.jpg,0,28,0,source_annotation_pending_spot_check
screw_nut_bolt,test,screw_nut_bolt__snap_1775109973_jpg.rf.9ece29a5a6802b4e3d6a5c7dc184fa49__9eda34cf11.jpg,0,27,0,source_annotation_pending_spot_check
screw_nut_bolt,train,screw_nut_bolt__snap_1775109975_jpg.rf.e3eeab7c190f5a40bd683746c6dd5dd9__bf9fcf2916.jpg,0,30,0,source_annotation_pending_spot_check
screw_nut_bolt,train,screw_nut_bolt__snap_1775109976_jpg.rf.75331615a2e5ba040ce52efd94ab04cb__3909fb0ab3.jpg,0,29,0,source_annotation_pending_spot_check
screw_nut_bolt,test,screw_nut_bolt__snap_1775109977_jpg.rf.51fd27d20eeefeab2ceac1cc50a253ee__6f4b630787.jpg,0,29,0,source_annotation_pending_spot_check
screw_nut_bolt,train,screw_nut_bolt__snap_1775109979_jpg.rf.f34fa03356b68e8baa7191045e254335__fb31b05297.jpg,0,29,0,source_annotation_pending_spot_check
screw_nut_bolt,train,screw_nut_bolt__snap_1775109984_jpg.rf.3d49ce56186f4c95a997bc132e3cf01e__1a23529a55.jpg,0,28,0,source_annotation_pending_spot_check
screw_nut_bolt,train,screw_nut_bolt__snap_1775109985_jpg.rf.720357dab7ac3e48e6713cca79aab6a2__dac7ab14d9.jpg,0,28,0,source_annotation_pending_spot_check
screw_nut_bolt,train,screw_nut_bolt__snap_1775109986_jpg.rf.ab400772db5c8185951770f4b2cb8d3c__484522161f.jpg,0,28,0,source_annotation_pending_spot_check
screw_nut_bolt,train,screw_nut_bolt__snap_1775109987_jpg.rf.503d27519965a95b4aa28668d4e59f48__1b3d351c98.jpg,0,31,0,source_annotation_pending_spot_check
screw_nut_bolt,train,screw_nut_bolt__snap_1775109989_jpg.rf.d932725a1ee2fac210fc69b22f04edeb__b7b47b38fd.jpg,0,30,0,source_annotation_pending_spot_check
screw_nut_bolt,train,screw_nut_bolt__snap_1775110004_jpg.rf.b1ea0c3b83dabb68b77bfd1083015a1e__1ccd21a6c6.jpg,0,31,0,source_annotation_pending_spot_check
screw_nut_bolt,train,screw_nut_bolt__snap_1775110006_jpg.rf.f1d028e2a0c488e6313a150956376007__89f79f8d27.jpg,0,31,0,source_annotation_pending_spot_check
screw_nut_bolt,train,screw_nut_bolt__snap_1775110007_jpg.rf.30f8347fdb46e57732a491edabc145fc__2db8e2341c.jpg,0,31,0,source_annotation_pending_spot_check
screw_nut_bolt,train,screw_nut_bolt__snap_1775110010_jpg.rf.ab3293730624c0b7841e2d0b542aee21__e72e968f7b.jpg,0,28,0,source_annotation_pending_spot_check
screw_nut_bolt,train,screw_nut_bolt__snap_1775110012_jpg.rf.990f22e8dfe0dfd136a5db6357032d32__9c2fc91d96.jpg,0,29,0,source_annotation_pending_spot_check
screw_nut_bolt,train,screw_nut_bolt__snap_1775110013_jpg.rf.13320d13e065aa5e4dd1a559bb4dc539__00aff8d67f.jpg,0,30,0,source_annotation_pending_spot_check
screw_nut_bolt,train,screw_nut_bolt__snap_1775110014_jpg.rf.f357a307f1f27a9862caaeff1b9ed496__75db047efc.jpg,0,31,0,source_annotation_pending_spot_check
screw_nut_bolt,train,screw_nut_bolt__snap_1775110015_jpg.rf.7bd66a9f88ad94e6a6a5dec78a31be26__a8cacec800.jpg,0,30,0,source_annotation_pending_spot_check
screw_nut_bolt,train,screw_nut_bolt__snap_1775110016_jpg.rf.ac048fe5513cddcbf5c89a7f4952152c__ddba862c5a.jpg,0,31,0,source_annotation_pending_spot_check
screw_nut_bolt,valid,screw_nut_bolt__snap_1775110018_jpg.rf.f558e3c4f8b770e82b61a22467d21c6a__394f07e540.jpg,0,27,0,source_annotation_pending_spot_check
screw_nut_bolt,train,screw_nut_bolt__snap_1775110026_jpg.rf.8e9f4460890d4c782e9779ab483c75c8__aaeb9c9a84.jpg,0,31,0,source_annotation_pending_spot_check
screw_nut_bolt,train,screw_nut_bolt__snap_1775110027_jpg.rf.a1ddfd7c2869eed3a7412c5c07b0a0ef__ce0289a542.jpg,0,30,0,source_annotation_pending_spot_check
screw_nut_bolt,train,screw_nut_bolt__snap_1775110029_jpg.rf.232b0fbadf6071ab264b0101f7026658__9099f3d698.jpg,0,31,0,source_annotation_pending_spot_check
screw_nut_bolt,train,screw_nut_bolt__snap_1775110030_jpg.rf.0005771d3bb3f5f699c7a6c84ec50503__65a6a30afa.jpg,0,30,0,source_annotation_pending_spot_check
screw_nut_bolt,test,screw_nut_bolt__snap_1775110031_jpg.rf.e39765319d49c0e1cb0c6ec13e2bdb52__2315aa09d7.jpg,0,30,0,source_annotation_pending_spot_check
screw_nut_bolt,train,screw_nut_bolt__snap_1775110032_jpg.rf.a4f2563d34aa604a3eb121f7542e282f__6bdd94b715.jpg,0,30,0,source_annotation_pending_spot_check
screw_nut_bolt,train,screw_nut_bolt__snap_1775110033_jpg.rf.ef0fa6dc6c71683dccc34e39f9703150__37f3ef1a2e.jpg,0,29,0,source_annotation_pending_spot_check
screw_nut_bolt,train,screw_nut_bolt__snap_1775110034_jpg.rf.8bd3f78b32dd93accbfb6868fd83dfba__0ea9280fca.jpg,0,29,0,source_annotation_pending_spot_check
screw_nut_bolt,train,screw_nut_bolt__snap_1775110107_jpg.rf.aad9bfa0e072c071682a7cc1ce20bc5c__ce4fa53871.jpg,0,29,0,source_annotation_pending_spot_check
screw_nut_bolt,valid,screw_nut_bolt__snap_1775110109_jpg.rf.6e682bb26bf5e2bf9c81aa5d89d99f3d__847483526e.jpg,0,28,0,source_annotation_pending_spot_check
screw_nut_bolt,test,screw_nut_bolt__snap_1775110112_jpg.rf.18710e96d3e6d5f4b4c8d7acd6f5d0ec__499fbe68e8.jpg,0,29,0,source_annotation_pending_spot_check
screw_nut_bolt,train,screw_nut_bolt__snap_1775110114_jpg.rf.5c3b2ad2687b24f0d2c70ae43df28ce4__0f14f76945.jpg,0,27,0,source_annotation_pending_spot_check
screw_nut_bolt,train,screw_nut_bolt__snap_1775110116_jpg.rf.699d10b60085e28920b851c962372589__4d532b8ec7.jpg,0,27,0,source_annotation_pending_spot_check
screw_nut_bolt,train,screw_nut_bolt__snap_1775110117_jpg.rf.fec2049e45e3cce7a7b2a98f96c3bd97__619c1d5051.jpg,0,30,0,source_annotation_pending_spot_check
screw_nut_bolt,train,screw_nut_bolt__snap_1775110118_jpg.rf.cc8f282318f307ea8155f8e2480d6ce7__9ee9eeae48.jpg,0,31,0,source_annotation_pending_spot_check
screw_nut_bolt,train,screw_nut_bolt__snap_1775110120_jpg.rf.7d02ece924789bf2a350130875827b48__4ef72dcbf4.jpg,0,30,0,source_annotation_pending_spot_check
screw_nut_bolt,train,screw_nut_bolt__snap_1775110121_jpg.rf.1866ea74021da84bdb26a64e86b29faa__e1b5113f1b.jpg,0,31,0,source_annotation_pending_spot_check
screw_nut_bolt,test,screw_nut_bolt__snap_1775110122_jpg.rf.f28cb6ff44e2b211da0fe100cbb39a14__dec0c9df45.jpg,0,31,0,source_annotation_pending_spot_check
screw_nut_bolt,train,screw_nut_bolt__snap_1775110123_jpg.rf.d39b87b13aaac3695c8bac70a40deea6__d88ec80d4e.jpg,0,29,0,source_annotation_pending_spot_check
screw_nut_bolt,train,screw_nut_bolt__snap_1775110124_jpg.rf.8e941a535ccf8b47131d0bb6b2080e29__205753c4d7.jpg,0,30,0,source_annotation_pending_spot_check
screw_nut_bolt,train,screw_nut_bolt__snap_1775110125_jpg.rf.f03569ffaa527e8cdf60be80e987a70a__f6c10370bc.jpg,0,30,0,source_annotation_pending_spot_check
screw_nut_bolt,train,screw_nut_bolt__snap_1775110126_jpg.rf.956c9ecdaecd9bac0283d5d5c01118dc__aebfe1fba9.jpg,0,30,0,source_annotation_pending_spot_check
screw_nut_bolt,train,screw_nut_bolt__snap_1775110127_jpg.rf.26b3f7cdcfff90ee8eae601a8dad4a4f__5cf2b0cb1e.jpg,0,30,0,source_annotation_pending_spot_check
screw_nut_bolt,train,screw_nut_bolt__snap_1775110128_jpg.rf.ced74350ef798de3597d601e26fc0bff__3360d15b41.jpg,0,30,0,source_annotation_pending_spot_check
screw_nut_bolt,train,screw_nut_bolt__snap_1775110130_jpg.rf.2922978d501ca3df19be489627563f5a__ad1972ffd8.jpg,0,29,0,source_annotation_pending_spot_check
screw_nut_bolt,train,screw_nut_bolt__snap_1775110131_jpg.rf.bc597985937722315998b718b35b6325__7ef83c0c6d.jpg,0,29,0,source_annotation_pending_spot_check
screw_nut_bolt,train,screw_nut_bolt__snap_1775110133_jpg.rf.90b39078c91ee81f3745efd82c9d72fa__ddff2651f2.jpg,0,29,0,source_annotation_pending_spot_check
screw_nut_bolt,train,screw_nut_bolt__snap_1775110137_jpg.rf.e292a472f880181bed30e8eaa6681968__bae69e7826.jpg,0,29,0,source_annotation_pending_spot_check
screw_nut_bolt,train,screw_nut_bolt__snap_1775110234_jpg.rf.c4cb511313cb5b13dcac303fdc14c772__bd5e1446e2.jpg,0,28,0,source_annotation_pending_spot_check
screw_nut_bolt,train,screw_nut_bolt__snap_1775110235_jpg.rf.12777f12f495a8368a837c77f85e0f87__377d48ecb8.jpg,0,27,0,source_annotation_pending_spot_check
screw_nut_bolt,test,screw_nut_bolt__snap_1775110236_jpg.rf.45333c4c633fa171a4e7a3978f49938b__c9cf9dbdec.jpg,0,29,0,source_annotation_pending_spot_check
screw_nut_bolt,train,screw_nut_bolt__snap_1775110238_jpg.rf.743570c0c83719c082c6040256e76bd9__d20dce63e5.jpg,0,27,0,source_annotation_pending_spot_check
screw_nut_bolt,train,screw_nut_bolt__snap_1775110239_jpg.rf.7043574245d06653951b8e4cf19cbd08__0eb31ece47.jpg,0,23,0,source_annotation_pending_spot_check
screw_nut_bolt,train,screw_nut_bolt__snap_1775110240_jpg.rf.228741700a5a90848be42a63a7e6938f__14eccfcaa6.jpg,0,24,0,source_annotation_pending_spot_check
screw_nut_bolt,train,screw_nut_bolt__snap_1775110242_jpg.rf.b05cda3de4e2ea09f99ff0c8c9c0c3ff__a0c7269ce6.jpg,0,23,0,source_annotation_pending_spot_check
screw_nut_bolt,test,screw_nut_bolt__snap_1775110243_jpg.rf.272e33df3b526bfdb2b6dfef87b148a8__570eec0f44.jpg,0,24,0,source_annotation_pending_spot_check
screw_nut_bolt,train,screw_nut_bolt__snap_1775110244_jpg.rf.58088705944173e67a93e6280db8a00a__b4aad65219.jpg,0,26,0,source_annotation_pending_spot_check
screw_nut_bolt,train,screw_nut_bolt__snap_1775110245_jpg.rf.6feeeafdb2c896193bb3e5b3b7e92f1d__a4c84a2467.jpg,0,26,0,source_annotation_pending_spot_check
screw_nut_bolt,train,screw_nut_bolt__snap_1775110246_jpg.rf.244efa0c9544fe2b27cfafa8edc320b5__c707181200.jpg,0,26,0,source_annotation_pending_spot_check
screw_nut_bolt,train,screw_nut_bolt__snap_1775110247_jpg.rf.93765b7801b5d503cc8836028b42ea3c__09a6086912.jpg,0,26,0,source_annotation_pending_spot_check
screw_nut_bolt,train,screw_nut_bolt__snap_1775110248_jpg.rf.8305d0d28b49dbe30742b63ba6b4cf06__128c0f1a7c.jpg,0,25,0,source_annotation_pending_spot_check
screw_nut_bolt,train,screw_nut_bolt__snap_1775110250_jpg.rf.118eb01e24855e8e9786082885f0511c__0682a64c32.jpg,0,22,0,source_annotation_pending_spot_check
screw_nut_bolt,train,screw_nut_bolt__snap_1775110251_jpg.rf.bea5d70f94b60830441d0202783cf256__44e7b97ac7.jpg,0,22,0,source_annotation_pending_spot_check
screw_nut_bolt,train,screw_nut_bolt__snap_1775110252_jpg.rf.6d7d75361b06dd4c691aa0ba6f3393a1__21e309abf2.jpg,0,24,0,source_annotation_pending_spot_check
screw_nut_bolt,train,screw_nut_bolt__snap_1775110258_jpg.rf.723ff9ad49ef567c83b15b8a9f09d677__3290d16a5e.jpg,0,23,0,source_annotation_pending_spot_check
screw_nut_bolt,train,screw_nut_bolt__snap_1775110259_jpg.rf.391aa1a2f65ccf71a8fe3e7fcd1cf231__6d9ea675e5.jpg,0,28,0,source_annotation_pending_spot_check
screw_nut_bolt,train,screw_nut_bolt__snap_1775110260_jpg.rf.cffa7bd89d7ba8e04a58aba583549c96__c4b1c64786.jpg,0,27,0,source_annotation_pending_spot_check
screw_nut_bolt,train,screw_nut_bolt__snap_1775110262_jpg.rf.c303c11df17ba92f0a1bb019fbc1cbfa__086df7b116.jpg,0,25,0,source_annotation_pending_spot_check
screw_nut_bolt,train,screw_nut_bolt__snap_1775110263_jpg.rf.c65591f9bd8549fce8bd6a27e879a86b__f98f73240b.jpg,0,27,0,source_annotation_pending_spot_check
screw_nut_bolt,train,screw_nut_bolt__snap_1775110265_jpg.rf.aa2a4ebcaaec2b3d7ec89cd2c5e4b605__56fdb230d5.jpg,0,27,0,source_annotation_pending_spot_check
screw_nut_bolt,train,screw_nut_bolt__snap_1775110267_jpg.rf.aae5daf477034874b55df7567a51cdaa__e4ee88f963.jpg,0,27,0,source_annotation_pending_spot_check
screw_nut_bolt,train,screw_nut_bolt__snap_1775110269_jpg.rf.3a6b6f3e87996bbd9b713407ff20c4ee__6d6a9ffcfe.jpg,0,30,0,source_annotation_pending_spot_check
screw_nut_bolt,train,screw_nut_bolt__snap_1775110298_jpg.rf.ee6ed74dd59ed2bba905ab5e619c48cd__f18aec1f72.jpg,0,29,0,source_annotation_pending_spot_check
screw_nut_bolt,train,screw_nut_bolt__snap_1775110299_jpg.rf.c41a40580d09c645f77cbfd70d0080ac__0f7936c4f4.jpg,0,25,0,source_annotation_pending_spot_check
screw_nut_bolt,train,screw_nut_bolt__snap_1775110300_jpg.rf.af1fe239538e90ba800028972f808ddd__5d26e1fb68.jpg,0,28,0,source_annotation_pending_spot_check
screw_nut_bolt,train,screw_nut_bolt__snap_1775110301_jpg.rf.74e7ea8a95b87fe9b8d7721477c66853__b3e280cb4b.jpg,0,23,0,source_annotation_pending_spot_check
screw_nut_bolt,train,screw_nut_bolt__snap_1775110302_jpg.rf.9feb449d7a178089156573ede182270b__5322b198fb.jpg,0,27,0,source_annotation_pending_spot_check
screw_nut_bolt,train,screw_nut_bolt__snap_1775110303_jpg.rf.4f0a8dd0a723f5a58ed1e02f85978e60__73e11012e8.jpg,0,27,0,source_annotation_pending_spot_check
screw_nut_bolt,valid,screw_nut_bolt__snap_1775110304_jpg.rf.3a4bbcbf3eb975bf86d49234204231da__327ddf37e1.jpg,0,26,0,source_annotation_pending_spot_check
screw_nut_bolt,train,screw_nut_bolt__snap_1775110305_jpg.rf.65c0236b1a8a5adb58593a297a883fcf__9f060cf6a9.jpg,0,22,0,source_annotation_pending_spot_check
screw_nut_bolt,train,screw_nut_bolt__snap_1775110306_jpg.rf.c6f129ac99655cd22f5f159a9bef79c5__e0eff1c46f.jpg,0,23,0,source_annotation_pending_spot_check
screw_nut_bolt,train,screw_nut_bolt__snap_1775110307_jpg.rf.d603574a3798d16603636dda34c9aa02__985c4b6d22.jpg,0,22,0,source_annotation_pending_spot_check
screw_nut_bolt,train,screw_nut_bolt__snap_1775110308_jpg.rf.821777fe371248802d11be4857ae9455__c71725bc68.jpg,0,23,0,source_annotation_pending_spot_check
screw_nut_bolt,train,screw_nut_bolt__snap_1775110309_jpg.rf.8c06495261ff8012ac682c21a6e8744a__1950daa6cf.jpg,0,15,0,source_annotation_pending_spot_check
screw_nut_bolt,train,screw_nut_bolt__snap_1775110310_jpg.rf.cf5b8df5011b2eac53423c2ac9cc4f40__763e036e5e.jpg,0,16,0,source_annotation_pending_spot_check
screw_nut_bolt,train,screw_nut_bolt__snap_1775110311_jpg.rf.1b25e409bb9a9b786342959f6adffe28__4c5ef21081.jpg,0,19,0,source_annotation_pending_spot_check
screw_nut_bolt,train,screw_nut_bolt__snap_1775110312_jpg.rf.d15e0662116c80ede1e0680f8192d2c4__0c99a5ef8c.jpg,0,20,0,source_annotation_pending_spot_check
screw_nut_bolt,train,screw_nut_bolt__snap_1775110315_jpg.rf.1a3e28ec2acd930eb25f675cb390123f__73f466e96e.jpg,0,22,0,source_annotation_pending_spot_check
screw_nut_bolt,train,screw_nut_bolt__snap_1775110853_jpg.rf.bfc63f83a95d3076167b4c10b635e2f7__d1b48ab9c6.jpg,0,0,11,source_annotation_pending_spot_check
screw_nut_bolt,train,screw_nut_bolt__snap_1775110858_jpg.rf.5579b2cdae57ea5d8eb256d8dacda87a__2696964115.jpg,0,0,14,source_annotation_pending_spot_check
screw_nut_bolt,train,screw_nut_bolt__snap_1775110859_jpg.rf.f73e75bf8ba856d4029eb2d48ea2d52e__77514b2a2b.jpg,0,0,11,source_annotation_pending_spot_check
screw_nut_bolt,train,screw_nut_bolt__snap_1775110860_jpg.rf.54e9453916ca5fd2bbc21c82fec0784c__cafa9f2d54.jpg,0,0,9,source_annotation_pending_spot_check
screw_nut_bolt,train,screw_nut_bolt__snap_1775110861_jpg.rf.ccb4084eccae3947bb28180ef1cf1d93__386db6de55.jpg,0,0,6,source_annotation_pending_spot_check
screw_nut_bolt,test,screw_nut_bolt__snap_1775110862_jpg.rf.e4c430bd94214dcd42acda375b2f503a__4d1661ddd7.jpg,0,0,10,source_annotation_pending_spot_check
screw_nut_bolt,train,screw_nut_bolt__snap_1775110863_jpg.rf.db48aa349a07c459d030e98a7c92a3e1__a35a704046.jpg,0,0,10,source_annotation_pending_spot_check
screw_nut_bolt,train,screw_nut_bolt__snap_1775110864_jpg.rf.a32296ca3c314eae1b4a1e59d89cd3dd__88a3708f8c.jpg,0,0,11,source_annotation_pending_spot_check
screw_nut_bolt,train,screw_nut_bolt__snap_1775110865_jpg.rf.50ce0837dbe8f52cd0fd842103891531__86f5b851b6.jpg,0,0,8,source_annotation_pending_spot_check
screw_nut_bolt,train,screw_nut_bolt__snap_1775110866_jpg.rf.0b511cd9b8805b98413952693146ad6c__6c2cab9279.jpg,0,0,13,source_annotation_pending_spot_check
screw_nut_bolt,train,screw_nut_bolt__snap_1775110867_jpg.rf.1a8a996325de40ef8d5797e8dd192b31__1b5ce8494e.jpg,0,0,11,source_annotation_pending_spot_check
screw_nut_bolt,train,screw_nut_bolt__snap_1775110868_jpg.rf.12f0b7346db85aa994ee4b8d621d899c__d2f405d95c.jpg,0,0,12,source_annotation_pending_spot_check
screw_nut_bolt,train,screw_nut_bolt__snap_1775110869_jpg.rf.49fbf2c156df5443c7a9fca5822184c2__26df22a26e.jpg,0,0,11,source_annotation_pending_spot_check
screw_nut_bolt,train,screw_nut_bolt__snap_1775110870_jpg.rf.f711e95de9c5c99aa9d1d356e4c27f47__ff69665e47.jpg,0,0,11,source_annotation_pending_spot_check
screw_nut_bolt,train,screw_nut_bolt__snap_1775110871_jpg.rf.db28bbf4b17f75c242d8ccce8e6e7cba__05093e4a67.jpg,0,0,10,source_annotation_pending_spot_check
screw_nut_bolt,train,screw_nut_bolt__snap_1775110873_jpg.rf.2659278bbe72c71b6625f93b60d215b9__0958c5f863.jpg,0,0,10,source_annotation_pending_spot_check
screw_nut_bolt,train,screw_nut_bolt__snap_1775110874_jpg.rf.64fb00ac84cb5733f872bcc1921fcb5d__8212abd974.jpg,0,0,8,source_annotation_pending_spot_check
screw_nut_bolt,test,screw_nut_bolt__snap_1775110913_jpg.rf.3ff95f4d25e6d166d9a21f64e745dc16__00236b5b25.jpg,0,0,10,source_annotation_pending_spot_check
screw_nut_bolt,train,screw_nut_bolt__snap_1775110914_jpg.rf.09b6dcfe403ee54b807e5cd75c61b5b9__defcef9406.jpg,0,0,11,source_annotation_pending_spot_check
screw_nut_bolt,train,screw_nut_bolt__snap_1775110915_jpg.rf.54bbe8cb2701f48da90f3efa7d55e6a3__e3867fda6e.jpg,0,0,8,source_annotation_pending_spot_check
screw_nut_bolt,test,screw_nut_bolt__snap_1775110916_jpg.rf.555519e81bee3460bc20628d6f63fed6__eb1a47cd98.jpg,0,0,9,source_annotation_pending_spot_check
screw_nut_bolt,train,screw_nut_bolt__snap_1775110917_jpg.rf.6884da4ee36b0024ae4b84c38e1475a8__8404468aa3.jpg,0,0,8,source_annotation_pending_spot_check
screw_nut_bolt,train,screw_nut_bolt__snap_1775110918_jpg.rf.9fa27a6be5fd48da14b9f1cee0204e96__e52f5d585e.jpg,0,0,9,source_annotation_pending_spot_check
screw_nut_bolt,train,screw_nut_bolt__snap_1775110928_jpg.rf.7e227ee2cac8742eec65360cd6698647__85e594c24c.jpg,0,0,11,source_annotation_pending_spot_check
screw_nut_bolt,train,screw_nut_bolt__snap_1775110929_jpg.rf.23c8426900ebf481dd86947dae2cfeab__6d9a383f27.jpg,0,0,11,source_annotation_pending_spot_check
screw_nut_bolt,train,screw_nut_bolt__snap_1775110930_jpg.rf.404dfc71311fc13599885cd09aecf0a5__c830bc2a39.jpg,0,0,11,source_annotation_pending_spot_check
screw_nut_bolt,train,screw_nut_bolt__snap_1775110931_jpg.rf.841909dbbc39c206f857f0b8f82829b6__cc81094daa.jpg,0,0,10,source_annotation_pending_spot_check
screw_nut_bolt,train,screw_nut_bolt__snap_1775110932_jpg.rf.3cd24336b28314de36ec3a9b872be630__698d4191f6.jpg,0,0,8,source_annotation_pending_spot_check
screw_nut_bolt,train,screw_nut_bolt__snap_1775110933_jpg.rf.804b43f5340fd09afaabe1747e5d3b9a__ab73f35176.jpg,0,0,10,source_annotation_pending_spot_check
screw_nut_bolt,valid,screw_nut_bolt__snap_1775110934_jpg.rf.159ce71c140e387d649bedb6c9b8144c__f62b2e9f63.jpg,0,0,10,source_annotation_pending_spot_check
screw_nut_bolt,train,screw_nut_bolt__snap_1775110935_jpg.rf.49c14925846a3ab901d328b1a63fd5fa__762c2346d6.jpg,0,0,11,source_annotation_pending_spot_check
screw_nut_bolt,train,screw_nut_bolt__snap_1775110936_jpg.rf.5425f889684247f5c7b324f0899fbd2a__c7949510bf.jpg,0,0,11,source_annotation_pending_spot_check
screw_nut_bolt,train,screw_nut_bolt__snap_1775110937_jpg.rf.62440660df02ea53527dae4e4ee1b6c1__445d3b8d75.jpg,0,0,9,source_annotation_pending_spot_check
screw_nut_bolt,train,screw_nut_bolt__snap_1775110938_jpg.rf.d6cd548d825693c8f02c7634dfdcb5f7__767a0b9206.jpg,0,0,10,source_annotation_pending_spot_check
screw_nut_bolt,train,screw_nut_bolt__snap_1775110939_jpg.rf.78a4595f71b013ecd92d3229d8244fe2__58cbefcdfe.jpg,0,0,10,source_annotation_pending_spot_check
screw_nut_bolt,train,screw_nut_bolt__snap_1775110941_jpg.rf.959d6dd567472cadd8050a78973d80dd__da89680640.jpg,0,0,2,source_annotation_pending_spot_check
screw_nut_bolt,valid,screw_nut_bolt__snap_1775110942_jpg.rf.942ad8da63d77172713e98f92ed353e6__2753977323.jpg,0,0,6,source_annotation_pending_spot_check
screw_nut_bolt,train,screw_nut_bolt__snap_1775110943_jpg.rf.f3a0f7fb833e7f1881ab6c5fa3f1e30c__feff7ea75d.jpg,0,0,7,source_annotation_pending_spot_check
screw_nut_bolt,test,screw_nut_bolt__snap_1775110944_jpg.rf.70c6570a6d532e4024e87c9f62a72826__6abcf7138b.jpg,0,0,8,source_annotation_pending_spot_check
screw_nut_bolt,train,screw_nut_bolt__snap_1775110953_jpg.rf.679f453016120875167b4eeb9bcdb1b8__a873dda029.jpg,0,0,4,source_annotation_pending_spot_check
screw_nut_bolt,train,screw_nut_bolt__snap_1775111005_jpg.rf.9d9e78030ed508ce3ebd7c87b9398cf8__cf3a10b082.jpg,0,0,10,source_annotation_pending_spot_check
screw_nut_bolt,test,screw_nut_bolt__snap_1775111006_jpg.rf.8d8268e04f58f7ec42a132ca160db231__8750fb2ce4.jpg,0,0,13,source_annotation_pending_spot_check
screw_nut_bolt,train,screw_nut_bolt__snap_1775111007_jpg.rf.c68b4460d1f2fb539c0747606ba4286f__cca7aa586d.jpg,0,0,11,source_annotation_pending_spot_check
screw_nut_bolt,train,screw_nut_bolt__snap_1775111008_jpg.rf.53fded013fe14f6a92315e215ebebda1__ae4adbdb0e.jpg,0,0,8,source_annotation_pending_spot_check
screw_nut_bolt,train,screw_nut_bolt__snap_1775111009_jpg.rf.e055a040aee44046693732d54ddb6fe2__7b2272097f.jpg,0,0,9,source_annotation_pending_spot_check
screw_nut_bolt,train,screw_nut_bolt__snap_1775111010_jpg.rf.13805e6df7e939d4f6709a9464341d2e__a5f41a3e66.jpg,0,0,12,source_annotation_pending_spot_check
screw_nut_bolt,train,screw_nut_bolt__snap_1775111011_jpg.rf.d44ee80f0ff17b14e71485f7b6ab99fb__f8dfd9575b.jpg,0,0,11,source_annotation_pending_spot_check
screw_nut_bolt,train,screw_nut_bolt__snap_1775111012_jpg.rf.bdccee904bc3ee5357b33212d3b159a3__aa54137c38.jpg,0,0,11,source_annotation_pending_spot_check
screw_nut_bolt,train,screw_nut_bolt__snap_1775111013_jpg.rf.091dff7dbd54297352bdc364d939ccf7__170cf7569f.jpg,0,0,11,source_annotation_pending_spot_check
screw_nut_bolt,train,screw_nut_bolt__snap_1775111014_jpg.rf.353118926767510857262045cc22c3c9__8c80ac0129.jpg,0,0,10,source_annotation_pending_spot_check
screw_nut_bolt,train,screw_nut_bolt__snap_1775111015_jpg.rf.cf2f19c4da9697a572e23818829eb0c5__8a1a9f8ca0.jpg,0,0,11,source_annotation_pending_spot_check
screw_nut_bolt,train,screw_nut_bolt__snap_1775111017_jpg.rf.cb8f479a675be1755e0ee919f5b5779a__1cc3f90662.jpg,0,0,11,source_annotation_pending_spot_check
screw_nut_bolt,valid,screw_nut_bolt__snap_1775111018_jpg.rf.89a17c9baee94d0d8b30b567f0949747__232b2b18a0.jpg,0,0,11,source_annotation_pending_spot_check
screw_nut_bolt,train,screw_nut_bolt__snap_1775111019_jpg.rf.02b46d56190fe3914b3634dfb7cc946f__af8bef59fd.jpg,0,0,11,source_annotation_pending_spot_check
screw_nut_bolt,train,screw_nut_bolt__snap_1775111020_jpg.rf.d7f5cd03d8cb0839929dfbf57d133548__dbca302e33.jpg,0,0,11,source_annotation_pending_spot_check
screw_nut_bolt,valid,screw_nut_bolt__snap_1775111021_jpg.rf.d91a2c627a1776f8b0564f16b3d8989e__4931f20e7b.jpg,0,0,11,source_annotation_pending_spot_check
screw_nut_bolt,test,screw_nut_bolt__snap_1775111022_jpg.rf.44cc443df464bc35f5ae2449a77db788__2ad48e1f75.jpg,0,0,11,source_annotation_pending_spot_check
screw_nut_bolt,valid,screw_nut_bolt__snap_1775111025_jpg.rf.3c4d0425f8c689302ac978dc0ca351a1__0b703c1b82.jpg,0,0,11,source_annotation_pending_spot_check
screw_nut_bolt,train,screw_nut_bolt__snap_1775111036_jpg.rf.25dbcfee05da4bf300c8ae9ef7457ba4__401d31a96e.jpg,0,0,11,source_annotation_pending_spot_check
screw_nut_bolt,train,screw_nut_bolt__snap_1775111054_jpg.rf.102f5a2679a8e041bd20c8731949d724__385b22148a.jpg,0,0,10,source_annotation_pending_spot_check
screw_nut_bolt,test,screw_nut_bolt__snap_1775111056_jpg.rf.6ccda68b1d57d5894f923faf8e1b12ea__d3baf984a6.jpg,0,0,10,source_annotation_pending_spot_check
screw_nut_bolt,test,screw_nut_bolt__snap_1775111057_jpg.rf.2a2274a79051cd398dfcf2ca917c8fe6__5ae302c075.jpg,0,0,9,source_annotation_pending_spot_check
screw_nut_bolt,train,screw_nut_bolt__snap_1775111058_jpg.rf.00996900952cd4375e3107b64a9063c7__050b0e73b4.jpg,0,0,12,source_annotation_pending_spot_check
screw_nut_bolt,train,screw_nut_bolt__snap_1775111059_jpg.rf.945ac75ffe6dcc343ee65131ba15237c__a63c8c0201.jpg,0,0,10,source_annotation_pending_spot_check
screw_nut_bolt,train,screw_nut_bolt__snap_1775111061_jpg.rf.2a42b686dff96c72181fbe8e6e5ce2ab__b06e9cac07.jpg,0,0,4,source_annotation_pending_spot_check
screw_nut_bolt,test,screw_nut_bolt__snap_1775111062_jpg.rf.17d3948d172e7b4de25a188f8598bbb8__c08120ceeb.jpg,0,0,7,source_annotation_pending_spot_check
screw_nut_bolt,train,screw_nut_bolt__snap_1775111063_jpg.rf.090563b2cc8165f3be2028b6332ada3a__a460d3fcae.jpg,0,0,8,source_annotation_pending_spot_check
screw_nut_bolt,train,screw_nut_bolt__snap_1775111064_jpg.rf.4f379c119b9a7f2ffd062b0a17b2f2df__00da06912e.jpg,0,0,9,source_annotation_pending_spot_check
screw_nut_bolt,test,screw_nut_bolt__snap_1775111065_jpg.rf.102b895af6d1ef383da28ea5a93ed03b__71c023a30a.jpg,0,0,10,source_annotation_pending_spot_check
screw_nut_bolt,train,screw_nut_bolt__snap_1775111066_jpg.rf.fdc9729935e05ac9788e359a800c195a__39c58bcd88.jpg,0,0,10,source_annotation_pending_spot_check
screw_nut_bolt,train,screw_nut_bolt__snap_1775111067_jpg.rf.cdc6fb485e4c4e44b12df419c24d00a5__aa5cb3bb8f.jpg,0,0,10,source_annotation_pending_spot_check
screw_nut_bolt,train,screw_nut_bolt__snap_1775111068_jpg.rf.d93774f807d11b2cb5038fbc216ea98d__9ed540e8ce.jpg,0,0,9,source_annotation_pending_spot_check
screw_nut_bolt,train,screw_nut_bolt__snap_1775111070_jpg.rf.3d176c63b44427370795595e18f49828__ced0d11dbd.jpg,0,0,10,source_annotation_pending_spot_check
screw_nut_bolt,train,screw_nut_bolt__snap_1775111071_jpg.rf.5c6b60b298b1fde084af3ffcac0ac620__eda5330aff.jpg,0,0,10,source_annotation_pending_spot_check
screw_nut_bolt,train,screw_nut_bolt__snap_1775111072_jpg.rf.536b84f6a8fd0e61e9b393ec6deee362__296f34769d.jpg,0,0,10,source_annotation_pending_spot_check
screw_nut_bolt,train,screw_nut_bolt__snap_1775111073_jpg.rf.462334d9e0f877a2d414932fde8217b2__09ff973cac.jpg,0,0,9,source_annotation_pending_spot_check
screw_nut_bolt,train,screw_nut_bolt__snap_1775111074_jpg.rf.8a5c8e7f5cb2e95e79a8929808aefa24__192faed78d.jpg,0,0,10,source_annotation_pending_spot_check
screw_nut_bolt,train,screw_nut_bolt__snap_1775111082_jpg.rf.679a49e73716e8addc51b8e55d07861f__aac281d5a1.jpg,0,0,10,source_annotation_pending_spot_check
screw_nut_bolt,valid,screw_nut_bolt__snap_1775111084_jpg.rf.b4d8fbedaf9ac9f5bd4dcca125dca33e__0552c60066.jpg,0,0,11,source_annotation_pending_spot_check
screw_nut_bolt,train,screw_nut_bolt__snap_1775111085_jpg.rf.6e9cc148e7d79e33ca03f9ef8fa91684__32fa635c2b.jpg,0,0,10,source_annotation_pending_spot_check
screw_nut_bolt,train,screw_nut_bolt__snap_1775111086_jpg.rf.cb66caba5a1447f87a66fc90cd7f2189__929aab7915.jpg,0,0,11,source_annotation_pending_spot_check
screw_nut_bolt,test,screw_nut_bolt__snap_1775111087_jpg.rf.cbc7a2d172bdfb880d600fa93e4853aa__410943638e.jpg,0,0,11,source_annotation_pending_spot_check
screw_nut_bolt,train,screw_nut_bolt__snap_1775111089_jpg.rf.ae742ee145f355263b41161be78ca769__5ed40dac63.jpg,0,0,11,source_annotation_pending_spot_check
screw_nut_bolt,train,screw_nut_bolt__snap_1775111090_jpg.rf.bf011b9f801756d1cc10c0eb1ba8ccae__7c0ad16ae1.jpg,0,0,10,source_annotation_pending_spot_check
screw_nut_bolt,test,screw_nut_bolt__snap_1775111095_jpg.rf.b39b335d85962b4f2e241fa1c2324beb__a44807ea9a.jpg,0,0,11,source_annotation_pending_spot_check
screw_nut_bolt,train,screw_nut_bolt__snap_1775111097_jpg.rf.776da0b7ba637a920b647cc15db8100d__c57c60ab6d.jpg,0,0,7,source_annotation_pending_spot_check
screw_nut_bolt,train,screw_nut_bolt__snap_1775111099_jpg.rf.02545bb6018ae5508d59ad66a9c8194a__198e8ddaed.jpg,0,0,8,source_annotation_pending_spot_check
screw_nut_bolt,train,screw_nut_bolt__snap_1775111100_jpg.rf.75a421d83b55619f33b2565cdcfa0c52__16dfd34340.jpg,0,0,8,source_annotation_pending_spot_check
screw_nut_bolt,train,screw_nut_bolt__snap_1775111101_jpg.rf.dcef162f1775c0555665a6a9956d663c__021b81e282.jpg,0,0,7,source_annotation_pending_spot_check
screw_nut_bolt,test,screw_nut_bolt__snap_1775111102_jpg.rf.42ecb983ca61ad7dec1933da25cedb17__715a718f7e.jpg,0,0,8,source_annotation_pending_spot_check
screw_nut_bolt,train,screw_nut_bolt__snap_1775111103_jpg.rf.adfc751971fd72588911f95118fb18f4__3f61b6bcb0.jpg,0,0,7,source_annotation_pending_spot_check
screw_nut_bolt,train,screw_nut_bolt__snap_1775111105_jpg.rf.1e9e120b40ae640cfed6f6d3b47dd37a__9b5f825daa.jpg,0,0,8,source_annotation_pending_spot_check
screw_nut_bolt,train,screw_nut_bolt__snap_1775111108_jpg.rf.7dbefd161f316e6d1d8b6f6a9eadf698__4d9a7e20f3.jpg,0,0,7,source_annotation_pending_spot_check
screw_nut_bolt,train,screw_nut_bolt__snap_1775111109_jpg.rf.274ac7a93d60a8a832c8274e5225813c__7e74bf2aa5.jpg,0,0,9,source_annotation_pending_spot_check
screw_nut_bolt,train,screw_nut_bolt__snap_1775111110_jpg.rf.4fdea5085ce698b92a9d10115aa72f13__519883ea5d.jpg,0,0,10,source_annotation_pending_spot_check
screw_nut_bolt,test,screw_nut_bolt__snap_1775111111_jpg.rf.86fbf6ab9ec9e3d52520ce031a4ae257__ef7c91471d.jpg,0,0,11,source_annotation_pending_spot_check
screw_nut_bolt,valid,screw_nut_bolt__snap_1775111112_jpg.rf.c26351bcfff273ae4870f01037737387__eb96ebe1df.jpg,0,0,10,source_annotation_pending_spot_check
screw_nut_bolt,train,screw_nut_bolt__snap_1775111113_jpg.rf.eaa7a7b829b3e2394d1185311f6a31d9__633c3e1c5e.jpg,0,0,9,source_annotation_pending_spot_check
screw_nut_bolt,train,screw_nut_bolt__snap_1775111114_jpg.rf.3421016b7ef82a620ce408e0419d3005__65f9f1298f.jpg,0,0,9,source_annotation_pending_spot_check
screw_nut_bolt,train,screw_nut_bolt__snap_1775111115_jpg.rf.bcaa0f089fc5d076b5fd13fdb27f1e79__6c240ccf7a.jpg,0,0,12,source_annotation_pending_spot_check
screw_nut_bolt,train,screw_nut_bolt__snap_1775111116_jpg.rf.d1d3ead2f97d3b100b35ddbcd319460d__7cb8a52bc5.jpg,0,0,11,source_annotation_pending_spot_check
screw_nut_bolt,train,screw_nut_bolt__snap_1775111117_jpg.rf.63768a780d04b63335a5329096c3ff82__c79d44c0dd.jpg,0,0,8,source_annotation_pending_spot_check
screw_nut_bolt,train,screw_nut_bolt__snap_1775111118_jpg.rf.45e4e8094a6ecc30262a7ff5cebcaacf__5696e08443.jpg,0,0,9,source_annotation_pending_spot_check
screw_nut_bolt,train,screw_nut_bolt__snap_1775111120_jpg.rf.4b81d905fa7f4a2d43abe16bac22f85a__719a9eb337.jpg,0,0,11,source_annotation_pending_spot_check
screw_nut_bolt,valid,screw_nut_bolt__snap_1775111121_jpg.rf.3415d24adc9cf55c316bb54fae0fbd27__f0917df409.jpg,0,0,11,source_annotation_pending_spot_check
screw_nut_bolt,train,screw_nut_bolt__snap_1775111122_jpg.rf.65cbbf14a6a350ec139bc888ba03a991__f1dd1d8940.jpg,0,0,11,source_annotation_pending_spot_check
screw_nut_bolt,valid,screw_nut_bolt__snap_1775111123_jpg.rf.053b30e3cbc9f7c4d810528a51b08a3c__0f3412509b.jpg,0,0,10,source_annotation_pending_spot_check
screw_nut_bolt,valid,screw_nut_bolt__snap_1775111124_jpg.rf.2f0b776fe6371c775ef0134a1fa6fce3__1456174821.jpg,0,0,12,source_annotation_pending_spot_check
screw_nut_bolt,train,screw_nut_bolt__snap_1775111125_jpg.rf.fceee9c4f02802949c572d9c4c382d9a__8c991e6d16.jpg,0,0,12,source_annotation_pending_spot_check
screw_nut_bolt,train,screw_nut_bolt__snap_1775111126_jpg.rf.5ae5cfbd65fdbaf3c07939fb03fc8aac__ee1d5ab7f8.jpg,0,0,11,source_annotation_pending_spot_check
screw_nut_bolt,train,screw_nut_bolt__snap_1775111127_jpg.rf.b48b0cc53d2a5ca82613e2c41098ba51__a311d91c6b.jpg,0,0,12,source_annotation_pending_spot_check
screw_nut_bolt,train,screw_nut_bolt__snap_1775111128_jpg.rf.7b322a2a772520cb0489b8c4863765c5__2b6bb0e31b.jpg,0,0,11,source_annotation_pending_spot_check
screw_nut_bolt,train,screw_nut_bolt__snap_1775111129_jpg.rf.4b08c2edaad4d096042ffa27ef88cfec__943375601f.jpg,0,0,11,source_annotation_pending_spot_check
screw_nut_bolt,train,screw_nut_bolt__snap_1775111130_jpg.rf.bf3dde7e86145949b5b5198311fdbfb0__9429cadba0.jpg,0,0,10,source_annotation_pending_spot_check
screw_nut_bolt,train,screw_nut_bolt__snap_1775111131_jpg.rf.ee2ea44112c13a123efa8da1a20f1ff4__761968488e.jpg,0,0,7,source_annotation_pending_spot_check
screw_nut_bolt,train,screw_nut_bolt__snap_1775111145_jpg.rf.a27f83680a1d24e8373a86df7d4d315e__a5986dd626.jpg,0,0,11,source_annotation_pending_spot_check
screw_nut_bolt,train,screw_nut_bolt__snap_1775111147_jpg.rf.4cb6aca7df8b727c03fb1d6146aca629__d5deca2952.jpg,0,0,9,source_annotation_pending_spot_check
screw_nut_bolt,train,screw_nut_bolt__snap_1775111148_jpg.rf.fba110ad35547c03cfb13e56f0a09672__a8b9d83678.jpg,0,0,9,source_annotation_pending_spot_check
screw_nut_bolt,test,screw_nut_bolt__snap_1775111167_jpg.rf.79f7565d3922df692a7b402aeefb606b__483ecb9428.jpg,0,0,11,source_annotation_pending_spot_check
screw_nut_bolt,train,screw_nut_bolt__snap_1775111168_jpg.rf.c2cfc54fb193e1aa96b3ef7e29a122c6__2fd4bd10ee.jpg,0,0,11,source_annotation_pending_spot_check
screw_nut_bolt,train,screw_nut_bolt__snap_1775111170_jpg.rf.1f1596697c026b21a48e51376f19397f__aeecd2395c.jpg,0,0,12,source_annotation_pending_spot_check
screw_nut_bolt,train,screw_nut_bolt__snap_1775111172_jpg.rf.8de1c2b0dffdadf754480371bcfb1a79__443e4017fa.jpg,0,0,12,source_annotation_pending_spot_check
screw_nut_bolt,train,screw_nut_bolt__snap_1775111173_jpg.rf.d7a4f0c0de029c1acfb7c775a89223dd__6cb613a61f.jpg,0,0,11,source_annotation_pending_spot_check
screw_nut_bolt,train,screw_nut_bolt__snap_1775111175_jpg.rf.fb9d4bfe774f39040f5e753ed96fbd1e__36d03053ad.jpg,0,0,9,source_annotation_pending_spot_check
screw_nut_bolt,train,screw_nut_bolt__snap_1775111176_jpg.rf.d41e19b6f786f4a7107a1319f2afda88__d65d2025a0.jpg,0,0,9,source_annotation_pending_spot_check
screw_nut_bolt,test,screw_nut_bolt__snap_1775111178_jpg.rf.f1de82b886c9eb6a5c9122e5be39fa9b__3722d9b539.jpg,0,0,9,source_annotation_pending_spot_check
screw_nut_bolt,train,screw_nut_bolt__snap_1775111179_jpg.rf.8869714248dcf387217748e955abf4eb__e2a9a5e5b6.jpg,0,0,10,source_annotation_pending_spot_check
screw_nut_bolt,train,screw_nut_bolt__snap_1775111181_jpg.rf.11b69e3527f584a71eec557f3509dc82__c555da8680.jpg,0,0,10,source_annotation_pending_spot_check
screw_nut_bolt,train,screw_nut_bolt__snap_1775111183_jpg.rf.c1fc8bb562523f2ca2e78c85251cd04f__c7ae6374fa.jpg,0,0,9,source_annotation_pending_spot_check
screw_nut_bolt,train,screw_nut_bolt__snap_1775111184_jpg.rf.2ec93d907980bf68a1820af5a48f17ec__c0c7f4fa6d.jpg,0,0,11,source_annotation_pending_spot_check
screw_nut_bolt,train,screw_nut_bolt__snap_1775111197_jpg.rf.d222eedbbfe39bd8fdf190dc6d46722d__efc0c5a169.jpg,0,0,11,source_annotation_pending_spot_check
screw_nut_bolt,train,screw_nut_bolt__snap_1775111199_jpg.rf.dcea505366cc4afe873f30d9fe5f4205__7fd7b6a787.jpg,0,0,11,source_annotation_pending_spot_check
screw_nut_bolt,train,screw_nut_bolt__snap_1775111201_jpg.rf.5affbfd09b04307aa8f6a84797742c5c__93025147f3.jpg,0,0,12,source_annotation_pending_spot_check
screw_nut_bolt,train,screw_nut_bolt__snap_1775111202_jpg.rf.f557f80e8137d3cca8d6534c2557ad6f__d8ba1b4695.jpg,0,0,10,source_annotation_pending_spot_check
screw_nut_bolt,train,screw_nut_bolt__snap_1775111204_jpg.rf.f03857bf09b0432eb4f98e0988fb55b6__5b9f31aa47.jpg,0,0,10,source_annotation_pending_spot_check
screw_nut_bolt,train,screw_nut_bolt__snap_1775111206_jpg.rf.313fdbe95e656ba0a52c0930897019d2__4f095a2210.jpg,0,0,10,source_annotation_pending_spot_check
screw_nut_bolt,train,screw_nut_bolt__snap_1775111207_jpg.rf.b96cba527ea3f50378ff9e589520d8a6__c2d2c1eacf.jpg,0,0,10,source_annotation_pending_spot_check
screw_nut_bolt,train,screw_nut_bolt__snap_1775111208_jpg.rf.745d57fa9c8fb302a46644048a3d5453__9d8cfe1780.jpg,0,0,11,source_annotation_pending_spot_check
screw_nut_bolt,train,screw_nut_bolt__snap_1775111210_jpg.rf.e0786bb3687b818ef5852f2e931c9270__071b6d4fc8.jpg,0,0,10,source_annotation_pending_spot_check
screw_nut_bolt,train,screw_nut_bolt__snap_1775111212_jpg.rf.455c3e9f3cd2f47249951c3dc7e14527__0825187742.jpg,0,0,10,source_annotation_pending_spot_check
screw_nut_bolt,train,screw_nut_bolt__snap_1775111213_jpg.rf.d034d51d4c6ba6eb8987b9aeed658ccb__2971a9a4fe.jpg,0,0,10,source_annotation_pending_spot_check
screw_nut_bolt,train,screw_nut_bolt__snap_1775111214_jpg.rf.baaa2e3eba018c71b2a0240798e24b44__0d0568d251.jpg,0,0,10,source_annotation_pending_spot_check
screw_nut_bolt,train,screw_nut_bolt__snap_1775111215_jpg.rf.ec4da5afdbd42a9a54e43a18265e2984__ec7fd9f164.jpg,0,0,10,source_annotation_pending_spot_check
screw_nut_bolt,train,screw_nut_bolt__snap_1775111216_jpg.rf.9fffba5fbf81383c517dc5f88db8ba5a__743ee8cbd8.jpg,0,0,10,source_annotation_pending_spot_check
screw_nut_bolt,train,screw_nut_bolt__snap_1775111217_jpg.rf.4c8686803bc5986fa75baea5ddae8832__e958efb940.jpg,0,0,10,source_annotation_pending_spot_check
screw_nut_bolt,train,screw_nut_bolt__snap_1775111218_jpg.rf.0535ae06bdc743f5362341c98e90308f__9c60a9fafc.jpg,0,0,10,source_annotation_pending_spot_check
screw_nut_bolt,train,screw_nut_bolt__snap_1775111221_jpg.rf.ec00fcb80247de9172dec6cdc165e386__86fbcb43d3.jpg,0,0,7,source_annotation_pending_spot_check
screw_nut_bolt,train,screw_nut_bolt__snap_1775111222_jpg.rf.2291db710f8a3d4897f3a807ef650355__6e39899cfd.jpg,0,0,8,source_annotation_pending_spot_check
screw_nut_bolt,train,screw_nut_bolt__snap_1775111223_jpg.rf.1187dd6f9d5071abdbb32ff6a83a8369__eed76f113a.jpg,0,0,7,source_annotation_pending_spot_check
screw_nut_bolt,train,screw_nut_bolt__snap_1775111224_jpg.rf.2c0295eb34c7f2e78fd1c46cb6e98200__598ac7a2d2.jpg,0,0,7,source_annotation_pending_spot_check
screw_nut_bolt,train,screw_nut_bolt__snap_1775111227_jpg.rf.85ebcd048e00d2d5092c689df5c5ad08__b74da8b711.jpg,0,0,10,source_annotation_pending_spot_check
screw_nut_bolt,train,screw_nut_bolt__snap_1775111237_jpg.rf.06beeb4c39e0187c56161af772d36948__cdaf20e6e3.jpg,0,0,10,source_annotation_pending_spot_check
screw_nut_bolt,train,screw_nut_bolt__snap_1775111238_jpg.rf.f5b073d20fc0211199a4bef0098e0232__60d64c0cad.jpg,0,0,10,source_annotation_pending_spot_check
screw_nut_bolt,train,screw_nut_bolt__snap_1775111241_jpg.rf.32d394ddf391308752f16203bcb4637b__8aa6d89c05.jpg,0,0,10,source_annotation_pending_spot_check
screw_nut_bolt,train,screw_nut_bolt__snap_1775111244_jpg.rf.9e36e73178e9de30e28399bb25932581__353fecc24e.jpg,0,0,10,source_annotation_pending_spot_check
screw_nut_bolt,train,screw_nut_bolt__snap_1775111248_jpg.rf.4d530c13d1c8f90e1bd3485469265e69__ff407456ae.jpg,0,0,10,source_annotation_pending_spot_check
screw_nut_bolt,train,screw_nut_bolt__snap_1775111255_jpg.rf.e0175bb631713f83b670ddb94b1ebd17__f923179208.jpg,0,0,11,source_annotation_pending_spot_check
screw_nut_bolt,test,screw_nut_bolt__snap_1775111258_jpg.rf.7126060135906ca08f1f870aaa6a5f80__31d74858e7.jpg,0,0,14,source_annotation_pending_spot_check
screw_nut_bolt,train,screw_nut_bolt__snap_1775111261_jpg.rf.5dd5179dc3ff6b8c57382f743787f8c5__7735a8d41c.jpg,0,0,11,source_annotation_pending_spot_check
screw_nut_bolt,valid,screw_nut_bolt__snap_1775111263_jpg.rf.c38559b21a71d3f1cd03e757f9be3e56__88cc7486a8.jpg,0,0,13,source_annotation_pending_spot_check
screw_nut_bolt,train,screw_nut_bolt__snap_1775111267_jpg.rf.c71f51736c59c893e943f4eca95b2cbe__18c0df91a2.jpg,0,0,12,source_annotation_pending_spot_check
screw_nut_bolt,train,screw_nut_bolt__snap_1775111269_jpg.rf.27c5a6e9b9149dc9d4ab3d54b665513d__ff312fbf03.jpg,0,0,12,source_annotation_pending_spot_check
screw_nut_bolt,train,screw_nut_bolt__snap_1775111271_jpg.rf.7fabda304974eda66baee3f8115b3591__6bd325e78e.jpg,0,0,14,source_annotation_pending_spot_check
screw_nut_bolt,train,screw_nut_bolt__snap_1775111272_jpg.rf.6b7daa2fb660eb043fbcd31d6ede4bf1__04370bd700.jpg,0,0,10,source_annotation_pending_spot_check
screw_nut_bolt,train,screw_nut_bolt__snap_1775111274_jpg.rf.bcf2bd7a9fb051918e22a9d0873b4e38__44659ba4bb.jpg,0,0,11,source_annotation_pending_spot_check
screw_nut_bolt,valid,screw_nut_bolt__snap_1775111275_jpg.rf.cd815022e094298761fd01de12c76ae6__d527df1d37.jpg,0,0,11,source_annotation_pending_spot_check
screw_nut_bolt,train,screw_nut_bolt__snap_1775111277_jpg.rf.4ca5e7a75b47ea4c367dfa8ece5ab7a1__f95c948c2e.jpg,0,0,10,source_annotation_pending_spot_check
screw_nut_bolt,train,screw_nut_bolt__snap_1775111279_jpg.rf.582000f9e695a0ef9a82e151c656f3a0__1f35d75cff.jpg,0,0,10,source_annotation_pending_spot_check
screw_nut_bolt,train,screw_nut_bolt__snap_1775111281_jpg.rf.42e8fcbad493f35ed153744632fb83bd__ae58c54b6e.jpg,0,0,11,source_annotation_pending_spot_check
screw_nut_bolt,train,screw_nut_bolt__snap_1775111283_jpg.rf.748200a99c66a673fe5ddb102bc47d8a__a398f07da4.jpg,0,0,11,source_annotation_pending_spot_check
screw_nut_bolt,train,screw_nut_bolt__snap_1775111285_jpg.rf.c057200711fee4766780abea5a398493__adb34df36b.jpg,0,0,11,source_annotation_pending_spot_check
screw_nut_bolt,train,screw_nut_bolt__snap_1775111313_jpg.rf.1d05d264e044924d9a4a61d904f9decf__bdfd9066e9.jpg,0,0,11,source_annotation_pending_spot_check
screw_nut_bolt,train,screw_nut_bolt__snap_1775111315_jpg.rf.dc1a8ab7f8da59beeb200632102cfea9__e0b31addee.jpg,0,0,9,source_annotation_pending_spot_check
screw_nut_bolt,train,screw_nut_bolt__snap_1775111319_jpg.rf.79a4acd9496026841953448206bf40ca__d78d9184f3.jpg,0,0,11,source_annotation_pending_spot_check
screw_nut_bolt,train,screw_nut_bolt__snap_1775111321_jpg.rf.6e68e898b846265af84355c61ec17761__444c94a905.jpg,0,0,11,source_annotation_pending_spot_check
screw_nut_bolt,valid,screw_nut_bolt__snap_1775111322_jpg.rf.73aa099dc5a69116c2d44b2e4d285833__0fa8e7af51.jpg,0,0,13,source_annotation_pending_spot_check
screw_nut_bolt,train,screw_nut_bolt__snap_1775111324_jpg.rf.d245a4526d6d5ed576494f2e8d87aa8b__f9e4ce3b21.jpg,0,0,10,source_annotation_pending_spot_check
screw_nut_bolt,train,screw_nut_bolt__snap_1775111332_jpg.rf.cc0fc83ae29e832ef1aba6261f9e71af__4e4f6fb201.jpg,0,0,11,source_annotation_pending_spot_check
screw_nut_bolt,train,screw_nut_bolt__snap_1775111334_jpg.rf.00ad3f6b24c24fc7a8abc775c657a3d2__4d5e1a1a5e.jpg,0,0,11,source_annotation_pending_spot_check
screw_nut_bolt,test,screw_nut_bolt__snap_1775111335_jpg.rf.16767bce9973ab043a45600fb6e1d592__c379381760.jpg,0,0,12,source_annotation_pending_spot_check
screw_nut_bolt,train,screw_nut_bolt__snap_1775111338_jpg.rf.37be026c6be7e1d21ddfafcd7e5d857f__c8c1b91741.jpg,0,0,14,source_annotation_pending_spot_check
screw_nut_bolt,train,screw_nut_bolt__snap_1775111340_jpg.rf.60d474bc3a0be17c34f783ca933af6fe__ce149c4852.jpg,0,0,11,source_annotation_pending_spot_check
screw_nut_bolt,train,screw_nut_bolt__snap_1775111342_jpg.rf.a50b998fe6fe80c2a7a51e2eea1e4ba7__a8d2084e62.jpg,0,0,11,source_annotation_pending_spot_check
screw_nut_bolt,test,screw_nut_bolt__snap_1775111343_jpg.rf.8492eb17300052db39a50d0bafe225a3__d9d47a3fe8.jpg,0,0,13,source_annotation_pending_spot_check
screw_nut_bolt,train,screw_nut_bolt__snap_1775111345_jpg.rf.dd7cece9702c7495cf2f8d787184faca__0b81c79149.jpg,0,0,11,source_annotation_pending_spot_check
screw_nut_bolt,train,screw_nut_bolt__snap_1775111346_jpg.rf.1abe521195f487d73ff907dc7dfbb5d6__2e95d66229.jpg,0,0,11,source_annotation_pending_spot_check
screw_nut_bolt,train,screw_nut_bolt__snap_1775111348_jpg.rf.86c0d6c35304b8bcb1e1ffee97839ba8__4187701ce0.jpg,0,0,11,source_annotation_pending_spot_check
screw_nut_bolt,train,screw_nut_bolt__snap_1775111351_jpg.rf.5cbe765de0a91be2c3964c2b4852f51e__469e70f611.jpg,0,0,10,source_annotation_pending_spot_check
screw_nut_bolt,train,screw_nut_bolt__snap_1775111353_jpg.rf.c90277384feed5682be2822a7443495c__d5ab6f632a.jpg,0,0,12,source_annotation_pending_spot_check
screw_nut_bolt,train,screw_nut_bolt__snap_1775111392_jpg.rf.3e94ff1d9e22299f436a2290bfcd1463__9f5c6d7cae.jpg,0,0,10,source_annotation_pending_spot_check
screw_nut_bolt,train,screw_nut_bolt__snap_1775111393_jpg.rf.004a98d021dec482cf204694cb7ac168__61f1a7edd8.jpg,0,0,11,source_annotation_pending_spot_check
screw_nut_bolt,train,screw_nut_bolt__snap_1775111395_jpg.rf.f3eb0278889631771ac3a8e082b359fa__64a3bc0f5d.jpg,0,0,10,source_annotation_pending_spot_check
screw_nut_bolt,train,screw_nut_bolt__snap_1775111396_jpg.rf.b55a2a3b02f839ccbb9b66f9aca361da__02d07d757d.jpg,0,0,10,source_annotation_pending_spot_check
screw_nut_bolt,test,screw_nut_bolt__snap_1775111398_jpg.rf.11908a69dd055a690e8b1e0de1973b10__3e8d3dee09.jpg,0,0,10,source_annotation_pending_spot_check
screw_nut_bolt,train,screw_nut_bolt__snap_1775111399_jpg.rf.4213c162631cb7c59bf4349f62f3c70c__0f46bf7c54.jpg,0,0,11,source_annotation_pending_spot_check
screw_nut_bolt,train,screw_nut_bolt__snap_1775111400_jpg.rf.0fbdab72d5305851471635d23fb6b281__00c5d4bfe8.jpg,0,0,11,source_annotation_pending_spot_check
screw_nut_bolt,train,screw_nut_bolt__snap_1775111402_jpg.rf.a7bac609dc8264265cf14fb7268619e9__3140841933.jpg,0,0,10,source_annotation_pending_spot_check
screw_nut_bolt,train,screw_nut_bolt__snap_1775111404_jpg.rf.ed8612ee7f037b0f418a76348cf3e48c__417ca5d581.jpg,0,0,11,source_annotation_pending_spot_check
screw_nut_bolt,test,screw_nut_bolt__snap_1775111405_jpg.rf.9548b0d0e0176305ecf7099d09b3d8dc__68b2c9a233.jpg,0,0,13,source_annotation_pending_spot_check
screw_nut_bolt,train,screw_nut_bolt__snap_1775111411_jpg.rf.47c56336ab64eb8052fe958c9c10dfef__419b580d8e.jpg,0,0,9,source_annotation_pending_spot_check
screw_nut_bolt,train,screw_nut_bolt__snap_1775111412_jpg.rf.781b55bf010bdb9df83e0146fb8d8d95__52b40d783d.jpg,0,0,10,source_annotation_pending_spot_check
screw_nut_bolt,valid,screw_nut_bolt__snap_1775111416_jpg.rf.02f94660f25f4370c0c78a01a1a97532__a10b90788c.jpg,0,0,10,source_annotation_pending_spot_check
screw_nut_bolt,test,screw_nut_bolt__snap_1775111417_jpg.rf.1e02f367cb6fbad980a6651824826b5c__cab86c70bf.jpg,0,0,10,source_annotation_pending_spot_check
screw_nut_bolt,train,screw_nut_bolt__snap_1775111419_jpg.rf.f06c6c2ef715c390c5a0762d170a127b__d82f5f855e.jpg,0,0,9,source_annotation_pending_spot_check
screw_nut_bolt,valid,screw_nut_bolt__snap_1775111420_jpg.rf.cd058ab8f85d5198d5d3c84dde28c15f__6881705c51.jpg,0,0,10,source_annotation_pending_spot_check
screw_nut_bolt,train,screw_nut_bolt__snap_1775111422_jpg.rf.73756333eb69cd3251da6f7e9ce97ec7__7cfd0a2e7d.jpg,0,0,10,source_annotation_pending_spot_check
screw_nut_bolt,train,screw_nut_bolt__snap_1775111425_jpg.rf.cd95e4007a9ab6f8496f2fa15594ff05__151772a1bb.jpg,0,0,9,source_annotation_pending_spot_check
screw_nut_bolt,train,screw_nut_bolt__snap_1775111430_jpg.rf.c9c4fa5ce1293b4189852712b946a482__6fccf8a6f9.jpg,0,0,9,source_annotation_pending_spot_check
screw_nut_bolt,train,screw_nut_bolt__snap_1775111433_jpg.rf.a4917c5537cef66380b88a528df284c4__0da3428ffa.jpg,0,0,10,source_annotation_pending_spot_check
screw_nut_bolt,valid,screw_nut_bolt__snap_1775111434_jpg.rf.862f55d9157335b87af60cf423abbe6e__e3b5a70ccc.jpg,0,0,10,source_annotation_pending_spot_check
screw_nut_bolt,train,screw_nut_bolt__snap_1775111436_jpg.rf.7edefc7d4b98547d7258602b6961f620__01165288ec.jpg,0,0,10,source_annotation_pending_spot_check
screw_nut_bolt,train,screw_nut_bolt__snap_1775111438_jpg.rf.10473851fff9bc3d5e48f6f70e8bfb1b__ec5ae88800.jpg,0,0,10,source_annotation_pending_spot_check
screw_nut_bolt,train,screw_nut_bolt__snap_1775111439_jpg.rf.ab292c238da19db15478f6ca42e6ce4e__a9873fc0ce.jpg,0,0,10,source_annotation_pending_spot_check
screw_nut_bolt,train,screw_nut_bolt__snap_1775111443_jpg.rf.2c8be463b99e2cd35d97023960728468__2fc8f2d038.jpg,0,0,11,source_annotation_pending_spot_check
screw_nut_bolt,train,screw_nut_bolt__snap_1775111445_jpg.rf.ec8cb6ded413c83679e1571c99e0f727__2567d684ff.jpg,0,0,10,source_annotation_pending_spot_check
screw_nut_bolt,train,screw_nut_bolt__snap_1775111447_jpg.rf.3b7675f52fc1d220a56f8811dc7a15d8__4417543398.jpg,0,0,10,source_annotation_pending_spot_check
screw_nut_bolt,train,screw_nut_bolt__snap_1775111464_jpg.rf.02762fc4c032ef7cb99fca80e9ef59e8__96c02b1381.jpg,0,0,10,source_annotation_pending_spot_check
screw_nut_bolt,test,screw_nut_bolt__snap_1775111465_jpg.rf.fcdf3241f7f4d0dfe3b808ec5de90d3f__1c331ebc28.jpg,0,0,10,source_annotation_pending_spot_check
screw_nut_bolt,train,screw_nut_bolt__snap_1775111467_jpg.rf.255b4c03f8df54796e5d3ea85ea76b84__5da86ff0a1.jpg,0,0,11,source_annotation_pending_spot_check
screw_nut_bolt,train,screw_nut_bolt__snap_1775111468_jpg.rf.e7cd59243cd009662af046aaa2c2e6dd__26887cfdf4.jpg,0,0,9,source_annotation_pending_spot_check
screw_nut_bolt,train,screw_nut_bolt__snap_1775111470_jpg.rf.2bd45ecb72d04a78c7240db011b9a4b0__b6ef706169.jpg,0,0,9,source_annotation_pending_spot_check
screw_nut_bolt,train,screw_nut_bolt__snap_1775111472_jpg.rf.acbc6c8047bfdca5b1023ef91ab5659e__e5f74bc119.jpg,0,0,9,source_annotation_pending_spot_check
screw_nut_bolt,train,screw_nut_bolt__snap_1775111484_jpg.rf.0423c061550fba379ed16d24261d8447__db56b15b50.jpg,0,0,10,source_annotation_pending_spot_check
screw_nut_bolt,train,screw_nut_bolt__snap_1775111491_jpg.rf.ecf029ab1a34f0e3082232e68c5d5e69__fdbe344e5d.jpg,0,0,10,source_annotation_pending_spot_check
screw_nut_bolt,train,screw_nut_bolt__snap_1775111492_jpg.rf.8374cb092d708f3de095e8819fea512b__69836cae22.jpg,0,0,10,source_annotation_pending_spot_check
screw_nut_bolt,train,screw_nut_bolt__snap_1775111494_jpg.rf.c57713a7f7556dc9d73c60fccf7f878d__ae25acddf7.jpg,0,0,10,source_annotation_pending_spot_check
screw_nut_bolt,train,screw_nut_bolt__snap_1775111495_jpg.rf.1bb9083dab57d208dbe23a40d13f9452__a61704430d.jpg,0,0,11,source_annotation_pending_spot_check
screw_nut_bolt,train,screw_nut_bolt__snap_1775111497_jpg.rf.df283db1fbbc688e49ea39b54906ec32__7fede08487.jpg,0,0,10,source_annotation_pending_spot_check
screw_nut_bolt,train,screw_nut_bolt__snap_1775111499_jpg.rf.bf486b3f5e2aa2fc9ef736b08206d429__32718b6709.jpg,0,0,10,source_annotation_pending_spot_check
screw_nut_bolt,train,screw_nut_bolt__snap_1775111500_jpg.rf.3641c3f890dc738a930b2cccc7eb37f2__bacd9da55e.jpg,0,0,10,source_annotation_pending_spot_check
screw_nut_bolt,train,screw_nut_bolt__snap_1775111501_jpg.rf.5b26912757d5b29d9647beb35b89d6de__4162a2e9d9.jpg,0,0,10,source_annotation_pending_spot_check
screw_nut_bolt,train,screw_nut_bolt__snap_1775111504_jpg.rf.b6d6a3032f6f6511956872d65c7ef84b__c20c78e763.jpg,0,0,10,source_annotation_pending_spot_check
screw_nut_bolt,train,screw_nut_bolt__snap_1775111505_jpg.rf.ddebf0b56706224e993c78de823df896__3bb7409bbf.jpg,0,0,12,source_annotation_pending_spot_check
screw_nut_bolt,train,screw_nut_bolt__snap_1775111508_jpg.rf.ba93f2538d553b592d7f74e1148f2ee0__9df154e903.jpg,0,0,8,source_annotation_pending_spot_check
screw_nut_bolt,train,screw_nut_bolt__snap_1775111509_jpg.rf.d8b5bb00532aca9e8423d36fc4a2e10b__78578163f9.jpg,0,0,9,source_annotation_pending_spot_check
screw_nut_bolt,train,screw_nut_bolt__snap_1775111511_jpg.rf.d50661854d453a7fdd7eb67402b470f9__adb9b2bbf4.jpg,0,0,8,source_annotation_pending_spot_check
screw_nut_bolt,train,screw_nut_bolt__snap_1775111530_jpg.rf.deb355ff5c9011fe74e2390a560988c6__b4c88d160c.jpg,0,0,10,source_annotation_pending_spot_check
screw_nut_bolt,train,screw_nut_bolt__snap_1775111531_jpg.rf.b86869abc11abb86aca2c4fda47b4de0__a31cf50c2e.jpg,0,0,11,source_annotation_pending_spot_check
screw_nut_bolt,train,screw_nut_bolt__snap_1775111532_jpg.rf.53877c04c59414ad3ca9f45b358924e4__19f6311efb.jpg,0,0,11,source_annotation_pending_spot_check
screw_nut_bolt,train,screw_nut_bolt__snap_1775111534_jpg.rf.bf97e2c11a5e2f986909b823f240fea1__205e1c4cad.jpg,0,0,10,source_annotation_pending_spot_check
screw_nut_bolt,train,screw_nut_bolt__snap_1775111535_jpg.rf.d066ce47338d91506818868dbe6cf921__71f37d9773.jpg,0,0,12,source_annotation_pending_spot_check
screw_nut_bolt,train,screw_nut_bolt__snap_1775111537_jpg.rf.69da9dee3e0d68250ca1e350ffd408ff__21c0bc03a4.jpg,0,0,11,source_annotation_pending_spot_check
screw_nut_bolt,valid,screw_nut_bolt__snap_1775111538_jpg.rf.3210c95c8f051a2af8173ad65184e6e6__c7072ef3f6.jpg,0,0,9,source_annotation_pending_spot_check
screw_nut_bolt,train,screw_nut_bolt__snap_1775111542_jpg.rf.04198462dfcc85e7652977fbf4c2fd00__caeaa56458.jpg,0,0,9,source_annotation_pending_spot_check
screw_nut_bolt,valid,screw_nut_bolt__snap_1775111543_jpg.rf.5b1d868925cb2d14079fb24958858eb5__9daa41a539.jpg,0,0,10,source_annotation_pending_spot_check
screw_nut_bolt,test,screw_nut_bolt__snap_1775111555_jpg.rf.2f0a755cad8987c49cece95483628423__f23cb87b3b.jpg,0,0,11,source_annotation_pending_spot_check
screw_nut_bolt,train,screw_nut_bolt__snap_1775111556_jpg.rf.2e4e08bbbeb19a2c8fc43d94119cdb8d__d532783593.jpg,0,0,11,source_annotation_pending_spot_check
screw_nut_bolt,train,screw_nut_bolt__snap_1775111557_jpg.rf.6ad61ba76bc119292bd85631ca81a030__176468293a.jpg,0,0,12,source_annotation_pending_spot_check
screw_nut_bolt,train,screw_nut_bolt__snap_1775111558_jpg.rf.bb922ae9571b9ec57f500924137baa11__ca44c4a3f8.jpg,0,0,11,source_annotation_pending_spot_check
screw_nut_bolt,train,screw_nut_bolt__snap_1775111559_jpg.rf.bfe4733d8c32398070f89d739aeaee7f__a63d6f4638.jpg,0,0,12,source_annotation_pending_spot_check
screw_nut_bolt,train,screw_nut_bolt__snap_1775111560_jpg.rf.94b3851d528a2b6bf3dfb4921196e1c9__c2d3b6d99a.jpg,0,0,10,source_annotation_pending_spot_check
screw_nut_bolt,train,screw_nut_bolt__snap_1775111561_jpg.rf.53611ba73961aaf536988110bcc2dbd7__e5404444c5.jpg,0,0,8,source_annotation_pending_spot_check
screw_nut_bolt,train,screw_nut_bolt__snap_1775111562_jpg.rf.c59b373d4ac7336f8e50e098dd4bce33__ca851c5ef6.jpg,0,0,11,source_annotation_pending_spot_check
screw_nut_bolt,train,screw_nut_bolt__snap_1775111563_jpg.rf.52854e23828d5f4ec99e83a7f6852f0c__28845de801.jpg,0,0,11,source_annotation_pending_spot_check
screw_nut_bolt,train,screw_nut_bolt__snap_1775111564_jpg.rf.6d82a353a4d5300c0fb5ea47969dfb5f__d0c28eea5e.jpg,0,0,11,source_annotation_pending_spot_check
screw_nut_bolt,train,screw_nut_bolt__snap_1775111565_jpg.rf.e9536904ae5be23e1a00b75013f5a2d3__2995a8450c.jpg,0,0,11,source_annotation_pending_spot_check
screw_nut_bolt,test,screw_nut_bolt__snap_1775111566_jpg.rf.db668130a24a7050cb137a6b6aa21e3d__9b2d6d4dbe.jpg,0,0,12,source_annotation_pending_spot_check
screw_nut_bolt,train,screw_nut_bolt__snap_1775111567_jpg.rf.b0d8bb6cdba0f379adca2e9a84cd4f2a__ea78941e67.jpg,0,0,10,source_annotation_pending_spot_check
screw_nut_bolt,train,screw_nut_bolt__snap_1775111568_jpg.rf.b0bb05ebe1ed4098b87c9474fd54b510__24d4c703bb.jpg,0,0,11,source_annotation_pending_spot_check
screw_nut_bolt,train,screw_nut_bolt__snap_1775111569_jpg.rf.827366aeaaa1f36627c9c36d14c84d56__4e4de738be.jpg,0,0,11,source_annotation_pending_spot_check
screw_nut_bolt,valid,screw_nut_bolt__snap_1775111570_jpg.rf.be7be614a2bb3ef3146d27fac9c6e942__9d5dfcb496.jpg,0,0,11,source_annotation_pending_spot_check
screw_nut_bolt,train,screw_nut_bolt__snap_1775111572_jpg.rf.8bf3c023d131f3a619824cf389685456__11e22c6325.jpg,0,0,13,source_annotation_pending_spot_check
screw_nut_bolt,train,screw_nut_bolt__snap_1775111573_jpg.rf.91f8b1b2a58ba97898681be8836db632__90f8816d96.jpg,0,0,9,source_annotation_pending_spot_check
screw_nut_bolt,valid,screw_nut_bolt__snap_1775111574_jpg.rf.d4b29a63c13dc954e42bf98072c7478a__7cca7c6843.jpg,0,0,12,source_annotation_pending_spot_check
screw_nut_bolt,train,screw_nut_bolt__snap_1775111575_jpg.rf.d35390a45c7432834f3eb417e0b6186b__6210fc3c72.jpg,0,0,12,source_annotation_pending_spot_check
screw_nut_bolt,train,screw_nut_bolt__snap_1775111576_jpg.rf.d80dc0d1fa5a6e29f6e432bb696718f7__23a4dc0519.jpg,0,0,12,source_annotation_pending_spot_check
screw_nut_bolt,train,screw_nut_bolt__snap_1775111577_jpg.rf.912638c30cfc97488b6031f666a8f0ca__8e211d71bb.jpg,0,0,12,source_annotation_pending_spot_check
screw_nut_bolt,test,screw_nut_bolt__snap_1775111578_jpg.rf.96531e88bd6227e06ea3c13c38f1cd9c__2c683332e8.jpg,0,0,12,source_annotation_pending_spot_check
screw_nut_bolt,train,screw_nut_bolt__snap_1775111579_jpg.rf.6e62a2e572eb8352bfeef216467e62e9__10f613fc53.jpg,0,0,8,source_annotation_pending_spot_check
screw_nut_bolt,train,screw_nut_bolt__snap_1775111581_jpg.rf.01cbbc901e8005dabb04f76eee26d35c__7354ed35e2.jpg,0,0,11,source_annotation_pending_spot_check
screw_nut_bolt,train,screw_nut_bolt__snap_1775111582_jpg.rf.be4894632aa0422f652ee56db76a0077__3ed0b2ce86.jpg,0,0,13,source_annotation_pending_spot_check
screw_nut_bolt,train,screw_nut_bolt__snap_1775111583_jpg.rf.bda7cc5669021a0dafa6547f9b7f0300__91a17886f2.jpg,0,0,11,source_annotation_pending_spot_check
screw_nut_bolt,valid,screw_nut_bolt__snap_1775111584_jpg.rf.0d1a13e83c5668a3c16d3d958f2bbc18__e9f6eebf2a.jpg,0,0,12,source_annotation_pending_spot_check
screw_nut_bolt,valid,screw_nut_bolt__snap_1775111586_jpg.rf.d656f20c72068a89185b39e86c85981b__8ee38d966a.jpg,0,0,7,source_annotation_pending_spot_check
screw_nut_bolt,train,screw_nut_bolt__snap_1775111602_jpg.rf.7c92072fdb3701d3c9031e8e5c7ab2cc__878740de26.jpg,0,0,12,source_annotation_pending_spot_check
screw_nut_bolt,train,screw_nut_bolt__snap_1775111604_jpg.rf.60e1ae69510f8197857e4200e491c247__4da2df3aaf.jpg,0,0,11,source_annotation_pending_spot_check
screw_nut_bolt,train,screw_nut_bolt__snap_1775111605_jpg.rf.59ed2b099fa12f6da9ff34a165c44b34__90bfaf5d8f.jpg,0,0,11,source_annotation_pending_spot_check
screw_nut_bolt,train,screw_nut_bolt__snap_1775111607_jpg.rf.0f76a431dffcf8d0d5092fd232ac487b__22fc85d904.jpg,0,0,11,source_annotation_pending_spot_check
screw_nut_bolt,test,screw_nut_bolt__snap_1775111608_jpg.rf.d19a7aa2f2ca910f6dfe63429d531ce9__55930cf4eb.jpg,0,0,11,source_annotation_pending_spot_check
screw_nut_bolt,train,screw_nut_bolt__snap_1775111613_jpg.rf.80c8a2d0831b0e32308359cb08cbe3ed__1c4c2a3554.jpg,0,0,11,source_annotation_pending_spot_check
screw_nut_bolt,train,screw_nut_bolt__snap_1775111614_jpg.rf.2052c6f68b941b711dea7f4b855ac8b3__361cc57d99.jpg,0,0,11,source_annotation_pending_spot_check
screw_nut_bolt,train,screw_nut_bolt__snap_1775111617_jpg.rf.763cf638fac2fe6362fd8af54a106816__0015b3ecae.jpg,0,0,11,source_annotation_pending_spot_check
screw_nut_bolt,train,screw_nut_bolt__snap_1775111627_jpg.rf.237eb0b2d30b593139c41af3b4b4671f__3145c3a3e4.jpg,0,0,11,source_annotation_pending_spot_check
screw_nut_bolt,train,screw_nut_bolt__snap_1775111648_jpg.rf.3e903e3ed0a2a613fe8b841f87cb7fad__e67f3507aa.jpg,0,0,11,source_annotation_pending_spot_check
screw_nut_bolt,train,screw_nut_bolt__snap_1775111651_jpg.rf.f11d6372ac26c3139f4259b33445a816__bfe689c698.jpg,0,0,12,source_annotation_pending_spot_check
screw_nut_bolt,train,screw_nut_bolt__snap_1775111658_jpg.rf.42fad6172eb4e5a891271a675b989b84__7b97b61729.jpg,0,0,14,source_annotation_pending_spot_check
screw_nut_bolt,train,screw_nut_bolt__snap_1775111659_jpg.rf.5ad76e3bf679b66eeb05f9e67358586a__0ba4b76851.jpg,0,0,11,source_annotation_pending_spot_check
screw_nut_bolt,train,screw_nut_bolt__snap_1775111660_jpg.rf.e40125b940eb56ff2987212bc5fd5094__e83cd869ca.jpg,0,0,8,source_annotation_pending_spot_check
screw_nut_bolt,train,screw_nut_bolt__snap_1775111663_jpg.rf.123e95a6b8c3517b2009815b577ad50e__c8fb81bb8e.jpg,0,0,9,source_annotation_pending_spot_check
screw_nut_bolt,train,screw_nut_bolt__snap_1775111665_jpg.rf.be369bcc077910c09236d9fb54a1303d__8e14618eed.jpg,0,0,9,source_annotation_pending_spot_check
screw_nut_bolt,train,screw_nut_bolt__snap_1775111667_jpg.rf.f3fed65e4fed2862379b5b6e23997d96__a4cbc516e7.jpg,0,0,10,source_annotation_pending_spot_check
screw_nut_bolt,train,screw_nut_bolt__snap_1775111669_jpg.rf.0d02d798aac8019a5e63cd4301d4c57e__860268d014.jpg,0,0,11,source_annotation_pending_spot_check
screw_nut_bolt,train,screw_nut_bolt__snap_1775111670_jpg.rf.46672d946c41c3f6c2b4de89f566dc41__b8797030a1.jpg,0,0,10,source_annotation_pending_spot_check
screw_nut_bolt,train,screw_nut_bolt__snap_1775111672_jpg.rf.8bac29c4e4e352b0b18077ba53152e7f__b3cd9455f2.jpg,0,0,11,source_annotation_pending_spot_check
screw_nut_bolt,train,screw_nut_bolt__snap_1775111673_jpg.rf.5b49ad8ed113d0d0fe680b3226fdd89d__4cc4b12809.jpg,0,0,11,source_annotation_pending_spot_check
screw_nut_bolt,train,screw_nut_bolt__snap_1775111674_jpg.rf.2201f0fc4b2f7d4b061d26b9845911ab__80a072282e.jpg,0,0,11,source_annotation_pending_spot_check
screw_nut_bolt,train,screw_nut_bolt__snap_1775111675_jpg.rf.f146bfacfd5bf39b4ddcdfb1a951d054__ae1db82ec5.jpg,0,0,11,source_annotation_pending_spot_check
screw_nut_bolt,test,screw_nut_bolt__snap_1775111676_jpg.rf.c4e0d5629923212c3312b522708e997d__6e90c9739e.jpg,0,0,12,source_annotation_pending_spot_check
screw_nut_bolt,train,screw_nut_bolt__snap_1775111678_jpg.rf.a925a1498fb3d42d15ce82fe814b6b6d__6f15ce6679.jpg,0,0,13,source_annotation_pending_spot_check
screw_nut_bolt,valid,screw_nut_bolt__snap_1775111681_jpg.rf.00daa0d70a1ee9dc270565be6cf9299a__cc4dbdcf79.jpg,0,0,13,source_annotation_pending_spot_check
stresstest_tool_tray,train,stresstest_tool_tray__00-NR-Coarse-BRS_1__60882-1693498564_png.rf.11b01e9dd74be8c921b0e83b5b5d4493__83083adb4c.jpg,0,1,0,source_annotation_pending_spot_check
stresstest_tool_tray,train,stresstest_tool_tray__000_jpg.rf.1c073152983c14f44b12196dc9287f80__8c2474b3bd.jpg,2,0,0,source_annotation_pending_spot_check
stresstest_tool_tray,train,stresstest_tool_tray__01WTJEWRU773_jpg.rf.060760d2364cfeb2b03b860beaa87c9f__1802d9ba27.jpg,0,0,1,source_annotation_pending_spot_check
stresstest_tool_tray,train,stresstest_tool_tray__02002_jpg.rf.2ecc0f583f167667588b8c9531c432b4__efaf7d1361.jpg,0,1,0,source_annotation_pending_spot_check
stresstest_tool_tray,train,stresstest_tool_tray__0219559013_jpg.rf.3a365f26023b5242b67f8f281af264aa__cb7467aac8.jpg,0,2,0,source_annotation_pending_spot_check
stresstest_tool_tray,train,stresstest_tool_tray__07QSIKYLI3JS_jpg.rf.1f469eb6267130ffe3561f6683949c38__3f4b41b4e0.jpg,0,0,1,source_annotation_pending_spot_check
stresstest_tool_tray,train,stresstest_tool_tray__08968732_jpg.rf.5ee46e2eb7e50f7868857206eea68c68__bba8b4df87.jpg,0,1,0,source_annotation_pending_spot_check
stresstest_tool_tray,train,stresstest_tool_tray__08970684_jpg.rf.18087179c3b44c43644047a76815910a__6b87280be7.jpg,0,1,0,source_annotation_pending_spot_check
stresstest_tool_tray,train,stresstest_tool_tray__08ZKQPNGEOIC_jpg.rf.02120d0e47b5da704c40bb0c83e1088e__5ce45a5100.jpg,0,0,1,source_annotation_pending_spot_check
stresstest_tool_tray,train,stresstest_tool_tray__0_8_png.rf.0a8d8d8075c370110de70fa8126540aa__f7fcfd179e.jpg,0,1,0,source_annotation_pending_spot_check
stresstest_tool_tray,train,stresstest_tool_tray__0EDTIELHYFGR_jpg.rf.90a55e8fe8a1e87f36f574c774321496__79fcbe64ae.jpg,0,0,1,source_annotation_pending_spot_check
stresstest_tool_tray,train,stresstest_tool_tray__0J7091-1200_jpg.rf.633b24d15204eb6cdbd8f40ea356ac19__595acf521f.jpg,0,11,0,source_annotation_pending_spot_check
stresstest_tool_tray,train,stresstest_tool_tray__0LCI233S4BYT_jpg.rf.7d90337f9a5752bec0d5ec8d3de83fde__0ce4124937.jpg,0,0,1,source_annotation_pending_spot_check
stresstest_tool_tray,train,stresstest_tool_tray__0OJBD1W2AQID_jpg.rf.6e040ffef23d5207f02f45e377dedfa3__f92861e38a.jpg,0,0,1,source_annotation_pending_spot_check
stresstest_tool_tray,train,stresstest_tool_tray__0TCJKXWLML4B_jpg.rf.41f889897e661bb3572dfc2d3cfaa412__5eb32be431.jpg,0,0,1,source_annotation_pending_spot_check
stresstest_tool_tray,train,stresstest_tool_tray__0THNR7EQHZVH_jpg.rf.7d598f47b6105911c752dfdde6c6df73__6747d75045.jpg,0,0,1,source_annotation_pending_spot_check
stresstest_tool_tray,train,stresstest_tool_tray__0YL3H85XIPM9_jpg.rf.5d70ccb3cc2ae702a819d74f3fd251c7__a8a1d5ff57.jpg,0,0,1,source_annotation_pending_spot_check
stresstest_tool_tray,train,stresstest_tool_tray__0YSRQE1VDJF3_jpg.rf.0e29f692e75753f4c35cc496f8c849d0__525116f3f7.jpg,0,0,1,source_annotation_pending_spot_check
stresstest_tool_tray,train,stresstest_tool_tray__0ZLGTNC4HCZ0_jpg.rf.6c6301fb3cd8f7a570bac406f27a6d40__73412fb029.jpg,0,0,1,source_annotation_pending_spot_check
stresstest_tool_tray,train,stresstest_tool_tray__0ZZXCEEG6QA9_jpg.rf.833228d3c83b5c2c2d6b80aea240b5d7__570765b07b.jpg,0,0,5,source_annotation_pending_spot_check
stresstest_tool_tray,train,stresstest_tool_tray__100LW57R3CRQ_jpg.rf.176e4d05bfb2aa1e9872c93ee5649361__619466617c.jpg,0,0,1,source_annotation_pending_spot_check
stresstest_tool_tray,train,stresstest_tool_tray__110300250540_001_jpg.rf.94ff157934bd04f0cabc4039b02c75c8__eb96a6e61a.jpg,0,4,0,source_annotation_pending_spot_check
stresstest_tool_tray,train,stresstest_tool_tray__11111111_jpg.rf.29c0574c485b76db7ea02fb931aac913__e748786bb7.jpg,1,0,0,source_annotation_pending_spot_check
stresstest_tool_tray,train,stresstest_tool_tray__1112_jpg.rf.057ea78a2ac2d51172fab7727229a6c5__5a2aaea371.jpg,1,0,0,source_annotation_pending_spot_check
stresstest_tool_tray,train,stresstest_tool_tray__111_jpg.rf.15cb1a4ca17fcf1bbb0acc0698e71c82__bfd4fbbbd6.jpg,2,0,0,source_annotation_pending_spot_check
stresstest_tool_tray,valid,stresstest_tool_tray__112_jpg.rf.0f2610d0b600736d1646d48af9c87d64__2aa677c052.jpg,1,1,0,source_annotation_pending_spot_check
stresstest_tool_tray,train,stresstest_tool_tray__1200px-Hex_nut-JPG_jpg.rf.709d7c5046576e9dc320f596e5d3cf15__4164e6b77e.jpg,0,1,0,source_annotation_pending_spot_check
stresstest_tool_tray,test,stresstest_tool_tray__12_jpg.rf.15cb7abaea071ed9f504fba9002cd584__da527e1047.jpg,0,0,0,source_annotation_pending_spot_check
stresstest_tool_tray,train,stresstest_tool_tray__13_jpg.rf.566558651d1f7a880bd9b3392b6b8946__daba353cb0.jpg,5,0,0,source_annotation_pending_spot_check
stresstest_tool_tray,train,stresstest_tool_tray__13VX93OKEVGF_jpg.rf.9a726e07f8693a82ed103fbfeb9885f6__a45c23f029.jpg,0,0,2,source_annotation_pending_spot_check
stresstest_tool_tray,train,stresstest_tool_tray__14_jpg.rf.07b671f9285c6609c0615ac7e22e63e1__c75bffd9d9.jpg,1,0,0,source_annotation_pending_spot_check
stresstest_tool_tray,valid,stresstest_tool_tray__15_jpg.rf.118ab699b9d6bbfb43c6df8b25003f77__856d6eeb44.jpg,0,3,0,source_annotation_pending_spot_check
stresstest_tool_tray,test,stresstest_tool_tray__16_jpg.rf.37c06edc22c62306632cb562c8e547fd__5cb37c75dc.jpg,0,2,0,source_annotation_pending_spot_check
stresstest_tool_tray,train,stresstest_tool_tray__16UMCTLXDA0J_jpg.rf.57bdea8daf0158d14232164f60b318b5__174367dfea.jpg,0,0,1,source_annotation_pending_spot_check
stresstest_tool_tray,train,stresstest_tool_tray__17_jpg.rf.05576b4856f4a8469d4da5cfbccedac9__2fe059fd4e.jpg,0,3,0,source_annotation_pending_spot_check
stresstest_tool_tray,train,stresstest_tool_tray__18_jpg.rf.7f45658c116d6349ac0e9027f7a61dc2__fd248d2a7f.jpg,0,1,0,source_annotation_pending_spot_check
stresstest_tool_tray,train,stresstest_tool_tray__18DQRYBSGJSN_jpg.rf.020ba8d7441a8802b1bd697e5716ed18__a531adf544.jpg,0,0,1,source_annotation_pending_spot_check
stresstest_tool_tray,train,stresstest_tool_tray__1ba03616-e308-4c94-91a8-c2b22f6d9bbf_jpg.rf.26fda25acb08d37cc8bfb8af8c33adfe__cfffb853cf.jpg,0,2,0,source_annotation_pending_spot_check
stresstest_tool_tray,train,stresstest_tool_tray__1E04NKC7VAJN_jpg.rf.7158cfb419ac600a916406632f616e97__d60c28d1a0.jpg,0,0,1,source_annotation_pending_spot_check
stresstest_tool_tray,train,stresstest_tool_tray__1EOXJRENVL84_jpg.rf.04851c2d36c7ff48ed06c116d53f0539__153b6ffc0e.jpg,0,0,1,source_annotation_pending_spot_check
stresstest_tool_tray,train,stresstest_tool_tray__1G0TV4YJAXN3_jpg.rf.b8cca9636be006e9b501dcdf6e047238__87f9d679a6.jpg,0,0,1,source_annotation_pending_spot_check
stresstest_tool_tray,train,stresstest_tool_tray__1HVQ4C4CG0P8_jpg.rf.78b8e76139a74c0de60797961f5b6438__5586431bf7.jpg,0,0,1,source_annotation_pending_spot_check
stresstest_tool_tray,train,stresstest_tool_tray__1JE0EO81YSKE_jpg.rf.5a918cf3e6ff492727cc71366afaa255__e781216191.jpg,0,0,1,source_annotation_pending_spot_check
stresstest_tool_tray,train,stresstest_tool_tray__1PCX5ZLKUSMN_jpg.rf.43f622bce12cf3e58577bddd960e0a50__740f082462.jpg,0,0,1,source_annotation_pending_spot_check
stresstest_tool_tray,train,stresstest_tool_tray__1TU0AAG8YAGE_jpg.rf.4bc53c50ff55ad56d26924e2d8649530__d917eef82d.jpg,0,0,1,source_annotation_pending_spot_check
stresstest_tool_tray,train,stresstest_tool_tray__1U5JQS1H1IYS_jpg.rf.13410a0ce14df9a35231360494fab1d5__527eeeea85.jpg,0,0,1,source_annotation_pending_spot_check
stresstest_tool_tray,train,stresstest_tool_tray__1WX4V8893LB7_jpg.rf.2a60e1f56fae3b40a6c170eeac6ae451__9b86199718.jpg,0,0,1,source_annotation_pending_spot_check
stresstest_tool_tray,train,stresstest_tool_tray__20ZNG6YNIRNX_jpg.rf.578b72cd46ce7a7578db28c6314da73c__71b4e16c23.jpg,0,0,1,source_annotation_pending_spot_check
stresstest_tool_tray,train,stresstest_tool_tray__21_jpg.rf.265654e5e6001953065dd42b69c7e66b__85592870c2.jpg,6,0,0,source_annotation_pending_spot_check
stresstest_tool_tray,train,stresstest_tool_tray__221000544446_20201112121124_jpg.rf.3f79f80712c00f907a6191989a6642f2__6fd8fc84b4.jpg,0,1,0,source_annotation_pending_spot_check
stresstest_tool_tray,train,stresstest_tool_tray__221000544480_3116_jpg.rf.acb8f8362ba238b2ef7c46b85c5e56db__b7b9c381f1.jpg,0,1,0,source_annotation_pending_spot_check
stresstest_tool_tray,train,stresstest_tool_tray__221005510927_jpg.rf.8229897a3038bcae62d17fd5d05bca64__038bd9648f.jpg,0,1,0,source_annotation_pending_spot_check
stresstest_tool_tray,train,stresstest_tool_tray__221005546274_jpg.rf.47589b5b1dd0baa0861db348fd1e4086__56d4d51c3b.jpg,0,2,0,source_annotation_pending_spot_check
stresstest_tool_tray,train,stresstest_tool_tray__222222_jpg.rf.235b1487551481acd46610d0efb5e963__ce101a2ff7.jpg,1,0,0,source_annotation_pending_spot_check
stresstest_tool_tray,train,stresstest_tool_tray__2222_jpg.rf.27d1943b474890dbba760ba33bda904b__bd9e8eb334.jpg,1,0,0,source_annotation_pending_spot_check
stresstest_tool_tray,train,stresstest_tool_tray__222_jpg.rf.6c5291d66841e728d7ffff8ea709a2ca__b4477553d5.jpg,1,0,0,source_annotation_pending_spot_check
stresstest_tool_tray,train,stresstest_tool_tray__22_jpg.rf.56f25e7bfe0db84e3a166134312c9ea9__884f2c2035.jpg,0,1,0,source_annotation_pending_spot_check
stresstest_tool_tray,train,stresstest_tool_tray__2333_jpg.rf.712be1f889a4f3576ecde3ab950841f4__6139030e0f.jpg,2,0,0,source_annotation_pending_spot_check
stresstest_tool_tray,train,stresstest_tool_tray__23443e_jpg.rf.61d3d493c7f3f0b131a0231942d4466f__cec9e9bf82.jpg,6,0,0,source_annotation_pending_spot_check
stresstest_tool_tray,train,stresstest_tool_tray__265_jpg.rf.373e6f359bc1e15f0f5d7b2415211c4e__c4e058e86d.jpg,0,1,0,source_annotation_pending_spot_check
stresstest_tool_tray,train,stresstest_tool_tray__298WHU0OF4HR_jpg.rf.831ec4f83abf79ef5197de4c22f63aa7__1d47ea55be.jpg,0,0,1,source_annotation_pending_spot_check
stresstest_tool_tray,train,stresstest_tool_tray__29HMOLLQ4EEN_jpg.rf.0056f56336bdfde498c5aa081b5602a7__14438866d7.jpg,0,0,1,source_annotation_pending_spot_check
stresstest_tool_tray,train,stresstest_tool_tray__2_jpg.rf.2c1f6372e2f9c9b1fc9075ebd8b2f59d__c5b9f04441.jpg,1,0,0,source_annotation_pending_spot_check
stresstest_tool_tray,train,stresstest_tool_tray__2A15X7B350YN_jpg.rf.6b2a6cb47d8d07d25ee1904bef4aae9e__c4bced92f4.jpg,0,0,1,source_annotation_pending_spot_check
stresstest_tool_tray,train,stresstest_tool_tray__2BD3B5INTAV0_jpg.rf.143d882fa56e79e6061e816a832f501a__91640f9486.jpg,0,0,1,source_annotation_pending_spot_check
stresstest_tool_tray,train,stresstest_tool_tray__2BP4OPITK2SN_jpg.rf.20884880a6b3951d3541a72a323635c2__b9b3f9948d.jpg,0,0,1,source_annotation_pending_spot_check
stresstest_tool_tray,train,stresstest_tool_tray__2d37340d-eb82-42b2-9d64-0f33c6c66951_jpg.rf.36674b46e968fa5eb315cb1a8244f004__99dbd8f043.jpg,0,2,0,source_annotation_pending_spot_check
stresstest_tool_tray,train,stresstest_tool_tray__2GT9K4L6YDNW_jpg.rf.3d6e5c875b55adf60d47fe40f2d741c8__9d2b0784dd.jpg,0,0,1,source_annotation_pending_spot_check
stresstest_tool_tray,train,stresstest_tool_tray__2LH2HDCPH2SI_jpg.rf.077fe2b1614db3f638c2ef7f00e34fb2__a41c9ed2d6.jpg,0,0,1,source_annotation_pending_spot_check
stresstest_tool_tray,train,stresstest_tool_tray__2r_jpg.rf.687a4d622fc18c33d4299ef60952d2cf__173c954fe6.jpg,1,0,0,source_annotation_pending_spot_check
stresstest_tool_tray,train,stresstest_tool_tray__2T60X3XJ07UE_jpg.rf.00a76ba9f4a88b2df633736d89f9009a__d292cdac97.jpg,0,0,1,source_annotation_pending_spot_check
stresstest_tool_tray,train,stresstest_tool_tray__2XD3SD4FY9UL_jpg.rf.066026b06bcf3460dd0db6485672e2cd__36ea617ee3.jpg,0,0,1,source_annotation_pending_spot_check
stresstest_tool_tray,train,stresstest_tool_tray__316-304-201-Baja-Tahan-Karat-DIN934-Hexagon-Hex-Nut-M1-2-3-4-5-6_jpg.rf.101fc476731695dcfa2f3221ad75469b__58fb7e958c.jpg,0,2,0,source_annotation_pending_spot_check
stresstest_tool_tray,train,stresstest_tool_tray__32_jpg.rf.14bc745e9a19c6814b1b8b9d28604e86__c54ed7e687.jpg,1,0,0,source_annotation_pending_spot_check
stresstest_tool_tray,train,stresstest_tool_tray__334_jpg.rf.4d344b94b7cb9b769e4e098be0302158__27cf10a893.jpg,10,0,0,source_annotation_pending_spot_check
stresstest_tool_tray,train,stresstest_tool_tray__33JSCEXH3GTE_jpg.rf.1bf5f59918d88c14307f9195fb0f0a7f__f1f2450145.jpg,0,0,1,source_annotation_pending_spot_check
stresstest_tool_tray,train,stresstest_tool_tray__340K6SKPDVPT_jpg.rf.42f229c78eef0a420359279a4f90ed4c__1156b59f16.jpg,0,0,1,source_annotation_pending_spot_check
stresstest_tool_tray,train,stresstest_tool_tray__34_jpg.rf.8d73ac6e983604903bab1d8ba6e6f60c__75dc7183c4.jpg,1,0,0,source_annotation_pending_spot_check
stresstest_tool_tray,train,stresstest_tool_tray__360_F_114226604_mcwbWAkB8SInyFHz2gKPNytMT9sQ944m_jpg.rf.00ad660905c175581f4e1bba5c355193__70debeebda.jpg,0,1,0,source_annotation_pending_spot_check
stresstest_tool_tray,train,stresstest_tool_tray__38QAR3C1K7N9_jpg.rf.39c5f265ec2d120bb9f98d950d6142d5__75f473835d.jpg,0,0,1,source_annotation_pending_spot_check
stresstest_tool_tray,train,stresstest_tool_tray__3_jpg.rf.0ae32b5a274f4050047c27a490d8efd8__aa0f5aede3.jpg,1,0,0,source_annotation_pending_spot_check
stresstest_tool_tray,train,stresstest_tool_tray__3d-nut-various-angles-vector-260nw-1850180821_jpg.rf.4b2313182a1678c4f241c595e43ea91f__f15ee1baee.jpg,0,8,0,source_annotation_pending_spot_check
stresstest_tool_tray,train,stresstest_tool_tray__3e3e_jpg.rf.63c95efe27d7f999522e85bf43c52352__5113c267bf.jpg,2,0,0,source_annotation_pending_spot_check
stresstest_tool_tray,train,stresstest_tool_tray__3HKFLZXF6ICG_jpg.rf.417d50aa8a82190c31a9c06d065d855e__f893c58f55.jpg,0,0,1,source_annotation_pending_spot_check
stresstest_tool_tray,train,stresstest_tool_tray__3LVA5N2DUKUL_jpg.rf.0d3f33464f712ff2def5abac96e58aa9__74831ccf4a.jpg,0,0,1,source_annotation_pending_spot_check
stresstest_tool_tray,train,stresstest_tool_tray__3PH8FAUN67CO_jpg.rf.104901921ac64498a9b5fe13b620d6c4__d525f36ce9.jpg,0,0,1,source_annotation_pending_spot_check
stresstest_tool_tray,valid,stresstest_tool_tray__3r_jpg.rf.399c3b746bf49f17f31c598817c016a8__93006e3fc5.jpg,1,0,0,source_annotation_pending_spot_check
stresstest_tool_tray,train,stresstest_tool_tray__3rrr_jpg.rf.05a3228a39759a23cc6d0ec1d0258a30__8964fb27f3.jpg,2,0,0,source_annotation_pending_spot_check
stresstest_tool_tray,train,stresstest_tool_tray__3U1KII20DAMW_jpg.rf.25a078ef6cb4329b922a2613b1b62e8c__508a3154be.jpg,0,0,1,source_annotation_pending_spot_check
stresstest_tool_tray,train,stresstest_tool_tray__412632845_max_jpg.rf.496ad29dfb876d785abda8b9d4dd0d36__0b2632ea1d.jpg,0,3,0,source_annotation_pending_spot_check
stresstest_tool_tray,train,stresstest_tool_tray__41sfB-HJtSL-_SX385__jpg.rf.4587e7527523364d42e32de5b8077c5e__b364b85dc4.jpg,0,1,0,source_annotation_pending_spot_check
stresstest_tool_tray,train,stresstest_tool_tray__41vo381vTmL_jpg.rf.29ac774a8f606d15bbf62c206aca0171__c2e75aa26d.jpg,0,1,0,source_annotation_pending_spot_check
stresstest_tool_tray,train,stresstest_tool_tray__424741-d_jpg.rf.1771bd1c0f28ae5f429dd7c5fb4dd995__1b47b198fd.jpg,0,1,0,source_annotation_pending_spot_check
stresstest_tool_tray,train,stresstest_tool_tray__434P4FJH31BK_jpg.rf.04546437f60750a089b53cacb260adf5__9f504cf3ec.jpg,0,0,1,source_annotation_pending_spot_check
stresstest_tool_tray,train,stresstest_tool_tray__44_jpg.rf.2888d375a1b426d30dc989a7c429ce98__03dd961434.jpg,1,0,0,source_annotation_pending_spot_check
stresstest_tool_tray,train,stresstest_tool_tray__48G8CBGIEVQM_jpg.rf.05dcd6c62b8a049c97a1ba5f1e9ef112__d800d8fcf3.jpg,0,0,1,source_annotation_pending_spot_check
stresstest_tool_tray,train,stresstest_tool_tray__49B5GEMANRZF_jpg.rf.008e0a9edc6c8d2310df01b20d53729f__7b3caec8bc.jpg,0,0,1,source_annotation_pending_spot_check
stresstest_tool_tray,train,stresstest_tool_tray__4_jpg.rf.207aae6ba5588a562d4acf0dcc7e9b08__1156d259da.jpg,1,0,0,source_annotation_pending_spot_check
stresstest_tool_tray,train,stresstest_tool_tray__4GU5S3WX09ZL_jpg.rf.21fb630973b3dd9b8ab55d1d713449df__0e3814fa60.jpg,0,0,8,source_annotation_pending_spot_check
stresstest_tool_tray,train,stresstest_tool_tray__4H61XYGXJQ25_jpg.rf.5da57cffbb51feae95da2ce1abe2aea4__58aa5cf526.jpg,0,0,1,source_annotation_pending_spot_check
stresstest_tool_tray,train,stresstest_tool_tray__4MVMZOABBQ97_jpg.rf.27fd20d1c914b54fd5896bbf41e7c8aa__c1ad34160d.jpg,0,0,1,source_annotation_pending_spot_check
stresstest_tool_tray,train,stresstest_tool_tray__4P492VXR2Y7O_jpg.rf.88bc96753ac40d4502d2ed5ece5fdcbd__54204cec4c.jpg,0,0,1,source_annotation_pending_spot_check
stresstest_tool_tray,train,stresstest_tool_tray__4T2GEGNSI8AG_jpg.rf.306fabfc1352eced139447fc47e5d775__550f520192.jpg,0,0,1,source_annotation_pending_spot_check
stresstest_tool_tray,train,stresstest_tool_tray__4TEEQA1VYJR9_jpg.rf.9b0d0b970119db24a14a5edf8cb3ff25__982b3bd008.jpg,0,0,1,source_annotation_pending_spot_check
stresstest_tool_tray,train,stresstest_tool_tray__4U0X3CYCM13S_jpg.rf.23f81f8f5102474e16684c01c71fe98d__6fc7f0b3c1.jpg,0,0,1,source_annotation_pending_spot_check
stresstest_tool_tray,train,stresstest_tool_tray__4VWUJ1U827K1_jpg.rf.10c525035a50d248de1f9b9e2258e44c__8c6166825b.jpg,0,0,4,source_annotation_pending_spot_check
stresstest_tool_tray,train,stresstest_tool_tray__4Y03NLIVW5Q5_jpg.rf.1f2393b6d8004cde6125d0fa4220dde1__cf8a0c7f21.jpg,0,0,1,source_annotation_pending_spot_check
stresstest_tool_tray,train,stresstest_tool_tray__4ZT4WF8ELWID_jpg.rf.049bc64cd31a7899f07d8b7aca4f1972__7cef5ed66d.jpg,0,0,3,source_annotation_pending_spot_check
stresstest_tool_tray,train,stresstest_tool_tray__522GBU51NF0Q_jpg.rf.0a9dc596835fc13770ac1eb4428623c1__860d8b4ece.jpg,0,0,1,source_annotation_pending_spot_check
stresstest_tool_tray,train,stresstest_tool_tray__5268360-24_jpg.rf.1eafabaf6835b4d425f3d61477bb8f2a__2270f35ebd.jpg,0,1,0,source_annotation_pending_spot_check
stresstest_tool_tray,train,stresstest_tool_tray__52I1HCA638JU_jpg.rf.2bafacd326b53ca721190d5f05531e1b__db6ba46119.jpg,0,0,1,source_annotation_pending_spot_check
stresstest_tool_tray,train,stresstest_tool_tray__54_jpg.rf.432a652d5dc294ebd732fb36ab6ff6c9__c8ded11413.jpg,1,0,0,source_annotation_pending_spot_check
stresstest_tool_tray,train,stresstest_tool_tray__555_jpg.rf.33eb87317eb63af44ebe7e12f2c3ec89__86a8722749.jpg,6,0,0,source_annotation_pending_spot_check
stresstest_tool_tray,train,stresstest_tool_tray__55_jpg.rf.9fa86aa594c10d94a08e80b2d1320f9b__db85deb89f.jpg,1,0,0,source_annotation_pending_spot_check
stresstest_tool_tray,train,stresstest_tool_tray__566D76JZKKNW_jpg.rf.3bc4fdea07c88144c0151f0337ae13f2__7747c3d28d.jpg,0,0,8,source_annotation_pending_spot_check
stresstest_tool_tray,train,stresstest_tool_tray__569WLXP4YSN4_jpg.rf.27f21152009efca960e89827f377c2e7__059d091a8b.jpg,0,0,5,source_annotation_pending_spot_check
stresstest_tool_tray,train,stresstest_tool_tray__5_jpg.rf.301dd22735d516910cec55edd7be69b0__25a0c1710b.jpg,1,0,0,source_annotation_pending_spot_check
stresstest_tool_tray,train,stresstest_tool_tray__5FT16OSHXOEC_jpg.rf.17bdb9986996bee84e7d7855f7da1bbc__8b06c227c8.jpg,0,0,1,source_annotation_pending_spot_check
stresstest_tool_tray,train,stresstest_tool_tray__5KN3OH6XERSD_jpg.rf.3a55eebe77e8392285125617856920d0__8d3ae055c7.jpg,0,0,1,source_annotation_pending_spot_check
stresstest_tool_tray,train,stresstest_tool_tray__5NGSLZJSVNI3_jpg.rf.ad88decacc280f4c0438b7dc8d012e54__e1f9ff7779.jpg,0,0,1,source_annotation_pending_spot_check
stresstest_tool_tray,train,stresstest_tool_tray__5OCJOVJ9GFQJ_jpg.rf.12eb61d3d3a188bd93a048c205a90a62__7a2e5c050d.jpg,0,0,1,source_annotation_pending_spot_check
stresstest_tool_tray,train,stresstest_tool_tray__5PZ6HDV074YU_jpg.rf.4698b1481c01f745892a0a99e2bfdea0__6b536a92d1.jpg,0,0,1,source_annotation_pending_spot_check
stresstest_tool_tray,train,stresstest_tool_tray__5RXJWNESG4B8_jpg.rf.3fa58f55ecaed412dca7e73df4bd6b25__7b27107a92.jpg,0,0,1,source_annotation_pending_spot_check
stresstest_tool_tray,train,stresstest_tool_tray__5TM9384TX7PJ_jpg.rf.4bb21ec2a57be481d84680e795347b89__0ee69b00ce.jpg,0,0,4,source_annotation_pending_spot_check
stresstest_tool_tray,train,stresstest_tool_tray__5WCG91JHTG27_jpg.rf.0c1ee3e130b82308528a95836a54e3ba__470e319df6.jpg,0,0,1,source_annotation_pending_spot_check
stresstest_tool_tray,train,stresstest_tool_tray__5YOLE87G611X_jpg.rf.3972721a4d72c45b73f040eacab1a39c__0cc6b8bd33.jpg,0,0,1,source_annotation_pending_spot_check
stresstest_tool_tray,train,stresstest_tool_tray__5ZM1R3P644CF_jpg.rf.48c9574565246043bbe97a7521b193e3__fc4c833f9e.jpg,0,0,1,source_annotation_pending_spot_check
stresstest_tool_tray,train,stresstest_tool_tray__5ZQ1YJ23FHR7_jpg.rf.0bc034c76ae807c17dbcce2fc642b035__22c853a12b.jpg,0,0,15,source_annotation_pending_spot_check
stresstest_tool_tray,train,stresstest_tool_tray__61-011-019_1_jpg.rf.60cafbad4d0568ceab1a1b8224577e8f__3a69ee8701.jpg,0,1,0,source_annotation_pending_spot_check
stresstest_tool_tray,train,stresstest_tool_tray__61Fo29l1plL-_SX522__jpg.rf.0f50148fb6980f083e7e7eeeb9111ec5__48a2d450b1.jpg,30,8,0,source_annotation_pending_spot_check
stresstest_tool_tray,train,stresstest_tool_tray__61itf-n6M4L_jpg.rf.29369bd71d0324a2f8e6c2d1fc2ef3c9__4507870f6a.jpg,0,4,0,source_annotation_pending_spot_check
stresstest_tool_tray,train,stresstest_tool_tray__62P6J78AT2T7_jpg.rf.77effed2bf542e0b3a9b7d96c376f57a__23929f36dd.jpg,0,0,5,source_annotation_pending_spot_check
stresstest_tool_tray,train,stresstest_tool_tray__63868053_L_jpg.rf.2989558ad02810d64da70136444ec533__8d503d8abc.jpg,0,1,0,source_annotation_pending_spot_check
stresstest_tool_tray,train,stresstest_tool_tray__65U1LMJXNBNA_jpg.rf.47e6275bbea716e8ceca3970cd384df3__e07534275f.jpg,0,0,1,source_annotation_pending_spot_check
stresstest_tool_tray,train,stresstest_tool_tray__684UVQ2N3SPH_jpg.rf.276990590dd5241d404dc56e82f7ed79__560fc4eda8.jpg,0,0,1,source_annotation_pending_spot_check
stresstest_tool_tray,train,stresstest_tool_tray__6AKHU5VNC0WB_jpg.rf.93273c72fad63c54489a3cb0171f52e4__83569d675b.jpg,0,0,4,source_annotation_pending_spot_check
stresstest_tool_tray,train,stresstest_tool_tray__6CJVK7NFYKIQ_jpg.rf.0b492fbdd08abf301cb085d6c4a3af49__072e19c202.jpg,0,0,1,source_annotation_pending_spot_check
stresstest_tool_tray,train,stresstest_tool_tray__6CRW3PJFQ2BA_jpg.rf.06d3af8ddcfa9b65a768e06849c222c3__c846553260.jpg,0,0,1,source_annotation_pending_spot_check
stresstest_tool_tray,train,stresstest_tool_tray__6D9EGONCL26W_jpg.rf.4d67130cacd09f43a5fc2c192aa583c2__b616b5281a.jpg,0,0,2,source_annotation_pending_spot_check
stresstest_tool_tray,train,stresstest_tool_tray__6FBSV4F39A82_jpg.rf.206e93ed00554deda630f2329a2bd789__bafa36fb90.jpg,0,0,1,source_annotation_pending_spot_check
stresstest_tool_tray,train,stresstest_tool_tray__6g-002_1_3_jpg.rf.0a218cc7823da38993749e5b41315889__68287ea4de.jpg,0,2,0,source_annotation_pending_spot_check
stresstest_tool_tray,train,stresstest_tool_tray__6HTXWYA30IDW_jpg.rf.422114645686114c569a94384f206ec2__0fee952ea8.jpg,0,0,1,source_annotation_pending_spot_check
stresstest_tool_tray,train,stresstest_tool_tray__6IOYJ8OA534Q_jpg.rf.1176d685e45b2c9469f6e33545dbf177__eab39c2a5c.jpg,0,0,1,source_annotation_pending_spot_check
stresstest_tool_tray,train,stresstest_tool_tray__6l-015_1_3_jpg.rf.43df75bf74e743e2999286b1f7aeaf38__3a2a135570.jpg,0,2,0,source_annotation_pending_spot_check
stresstest_tool_tray,train,stresstest_tool_tray__6REROO1DOOAM_jpg.rf.25bc5145ee5311d711d085cb4f288a2e__28c3ec6c7e.jpg,0,0,1,source_annotation_pending_spot_check
stresstest_tool_tray,train,stresstest_tool_tray__6RF1XNBXR8TO_jpg.rf.a26b11e9e4895f5405ace03e8e8c27bf__ccccc31a45.jpg,0,0,1,source_annotation_pending_spot_check
stresstest_tool_tray,train,stresstest_tool_tray__6SR0C4A8CK5X_jpg.rf.c46f8eac74451bf82147689e126321d7__17225d232e.jpg,0,0,1,source_annotation_pending_spot_check
stresstest_tool_tray,train,stresstest_tool_tray__6WKFNJFSM9VL_jpg.rf.90a59751acea8af588eb21f75f847fa9__0cedc67016.jpg,0,0,1,source_annotation_pending_spot_check
stresstest_tool_tray,train,stresstest_tool_tray__6WZFE5R3I07D_jpg.rf.29ed259135816eb83ddc4c4c52183370__1c6ae2662b.jpg,0,0,2,source_annotation_pending_spot_check
stresstest_tool_tray,train,stresstest_tool_tray__70af7b79-d31b-4eda-ad26-363df799f987_png.rf.0085affbad84f3e2e83b3d784c9c131d__a21bee74d8.jpg,0,3,0,source_annotation_pending_spot_check
stresstest_tool_tray,train,stresstest_tool_tray__71gD2939pLL_jpg.rf.5d332da33bfc93143052dd9f6981f209__eb382f9563.jpg,0,2,0,source_annotation_pending_spot_check
stresstest_tool_tray,train,stresstest_tool_tray__753f23c4-1a77-43ba-a141-6035ea4e7a19_StainlessSteelHexNut_jpg.rf.434297440837f11ecab3c1fe555261e8__335f1c1abc.jpg,0,1,0,source_annotation_pending_spot_check
stresstest_tool_tray,train,stresstest_tool_tray__7671RKDK2VWM_jpg.rf.0bf5a64b6a40ce9ae0d9effc00e49888__a3fbbe2bc4.jpg,0,0,1,source_annotation_pending_spot_check
stresstest_tool_tray,train,stresstest_tool_tray__77_jpg.rf.107a2f76503c32c2a08cf55399ef4f1c__5969294d71.jpg,1,0,0,source_annotation_pending_spot_check
stresstest_tool_tray,train,stresstest_tool_tray__78BEJR712NE5_jpg.rf.199166694e9b4a25c547a1002f6ba951__704ccba4ae.jpg,0,0,1,source_annotation_pending_spot_check
stresstest_tool_tray,train,stresstest_tool_tray__7_jpg.rf.a585512f1e2a8e0c259f08982bf0cc25__7ece98d343.jpg,1,0,0,source_annotation_pending_spot_check
stresstest_tool_tray,train,stresstest_tool_tray__7AZEFGMAQ7WN_jpg.rf.5868817ad88221e6f14d36e21d569e5d__8c45415b03.jpg,0,0,1,source_annotation_pending_spot_check
stresstest_tool_tray,train,stresstest_tool_tray__7D9KR1YWNPYR_jpg.rf.2000fe474de830d4fdfdd99c378b0011__e66e1e7485.jpg,0,0,1,source_annotation_pending_spot_check
stresstest_tool_tray,train,stresstest_tool_tray__7EUMH24KLOBC_jpg.rf.cb22235be475241e47616d64c44dca2e__2958963fb6.jpg,0,0,1,source_annotation_pending_spot_check
stresstest_tool_tray,train,stresstest_tool_tray__7HGO076KTIT2_jpg.rf.0d2b64165c8dd9afd51dc15ccdf04c28__386fdf2a8d.jpg,0,0,3,source_annotation_pending_spot_check
stresstest_tool_tray,train,stresstest_tool_tray__7J2A45N71P35_jpg.rf.34bdfded371c662bbbb190ccadc5dccf__a4f1a28f2f.jpg,0,0,1,source_annotation_pending_spot_check
stresstest_tool_tray,train,stresstest_tool_tray__7PJ7E9MEDH0C_jpg.rf.224435f58db6f50d778aff50538eff73__36cd4fe0c5.jpg,0,0,1,source_annotation_pending_spot_check
stresstest_tool_tray,train,stresstest_tool_tray__7Q4GFT2GQLX8_jpg.rf.0ad5329949e42e5ead03ba4099f40886__4717762c13.jpg,0,0,1,source_annotation_pending_spot_check
stresstest_tool_tray,train,stresstest_tool_tray__7QAU752KVZM4_jpg.rf.3ec34aaa75f7807511a63bd635b5eba1__962a7be9cd.jpg,0,0,8,source_annotation_pending_spot_check
stresstest_tool_tray,train,stresstest_tool_tray__7QDWAQZNP4E0_jpg.rf.3446272c6c220d0b03bc761ace0c9ecb__d8e78617fd.jpg,0,0,1,source_annotation_pending_spot_check
stresstest_tool_tray,train,stresstest_tool_tray__7RTOFNVVB7JZ_jpg.rf.4fb752fab672835e47347665ab55c0e0__837cda4c5a.jpg,0,0,1,source_annotation_pending_spot_check
stresstest_tool_tray,train,stresstest_tool_tray__7T5XTIT4EI5Q_jpg.rf.09288e41f9d12eda6fa21f8771b4ef30__6cbca5033a.jpg,0,0,4,source_annotation_pending_spot_check
stresstest_tool_tray,train,stresstest_tool_tray__7UQ3DITF8R0I_jpg.rf.6b6d278aae0cb4e5d1a64800703798d4__72939ef992.jpg,0,0,1,source_annotation_pending_spot_check
stresstest_tool_tray,train,stresstest_tool_tray__7WFEITBYPQAX_jpg.rf.16dc99d93c8e3ac6911b6071a23c5fc0__629265f3be.jpg,0,0,2,source_annotation_pending_spot_check
stresstest_tool_tray,train,stresstest_tool_tray__7X1O2OJQ4AWN_jpg.rf.8f41dd8db743b449a0e1966a884cbf66__bbfcd78036.jpg,0,0,1,source_annotation_pending_spot_check
stresstest_tool_tray,train,stresstest_tool_tray__81H-kImQ7nL-_SX522__jpg.rf.8a2d38c06a11a1bbf90736a86b6678b7__32df74ff30.jpg,35,0,0,source_annotation_pending_spot_check
stresstest_tool_tray,train,stresstest_tool_tray__8588726_2fbbbeb6-9301-4378-937f-b8dc13091dc0_900_900_jpg.rf.2196b6d2c65d018e994cfce0737e5c73__fff42a0a2d.jpg,0,1,0,source_annotation_pending_spot_check
stresstest_tool_tray,train,stresstest_tool_tray__88_jpg.rf.4e245f3778fba821761f745f5225853a__b2bd1f5ac7.jpg,1,0,0,source_annotation_pending_spot_check
stresstest_tool_tray,train,stresstest_tool_tray__88FLA5CNGAND_jpg.rf.361d5934b21b262c7e691a9ae69d6e6c__7d076039f2.jpg,0,0,1,source_annotation_pending_spot_check
stresstest_tool_tray,train,stresstest_tool_tray__8CTP3T97CEE6_jpg.rf.2f30becdca97736591547499375d56a7__b365a38a1a.jpg,0,0,1,source_annotation_pending_spot_check
stresstest_tool_tray,train,stresstest_tool_tray__8GBXMTT9HPEO_jpg.rf.7883ddead5252079c309a00bc6a66d42__dafd46dffa.jpg,0,0,1,source_annotation_pending_spot_check
stresstest_tool_tray,train,stresstest_tool_tray__8J4QBXL5O64F_jpg.rf.532934071deb784d7591f2873b67728e__f19d66bd48.jpg,0,0,2,source_annotation_pending_spot_check
stresstest_tool_tray,train,stresstest_tool_tray__8KQ5PEJ0YXU8_jpg.rf.0f6efa73c4461ec8ba2a6d93af5bb8c9__45c164a1e9.jpg,0,0,1,source_annotation_pending_spot_check
stresstest_tool_tray,train,stresstest_tool_tray__8TAFQBZZJW7Z_jpg.rf.544b218a23945c822fd644ac3bce5406__33f0ca0898.jpg,0,0,1,source_annotation_pending_spot_check
stresstest_tool_tray,train,stresstest_tool_tray__8ZSNSO0WT99V_jpg.rf.20bcbe35a92302fe0af69f1c771d0199__d2e71f8ff7.jpg,0,0,1,source_annotation_pending_spot_check
stresstest_tool_tray,train,stresstest_tool_tray__9009AU600UQJ_jpg.rf.6d80fd7f3542afcbda07a86b4599a9f7__a4954e372e.jpg,0,0,2,source_annotation_pending_spot_check
stresstest_tool_tray,train,stresstest_tool_tray__90_jpg.rf.0c2a3d9d98b013dcb39063f1c129e038__ff980050ad.jpg,1,0,0,source_annotation_pending_spot_check
stresstest_tool_tray,train,stresstest_tool_tray__93E0D2ZMQ6KB_jpg.rf.a8d2c286beb44236d96eeb1bcec16413__74f10222b2.jpg,0,0,1,source_annotation_pending_spot_check
stresstest_tool_tray,train,stresstest_tool_tray__99_jpg.rf.0861543bdf32ef1c6df3578b7e78be4a__9248c19b1a.jpg,1,0,0,source_annotation_pending_spot_check
stresstest_tool_tray,train,stresstest_tool_tray__9_jpg.rf.5128689c946121ce60d994bee45c446d__1a3a99282a.jpg,1,0,0,source_annotation_pending_spot_check
stresstest_tool_tray,train,stresstest_tool_tray__9CJ24NHTHYHE_jpg.rf.34c479d3d602b16e0446d937dba6ca52__97edee27bf.jpg,0,0,1,source_annotation_pending_spot_check
stresstest_tool_tray,train,stresstest_tool_tray__9NY6YAWD5TMI_jpg.rf.6a1448a3f00b251eb48f2ee41a697a43__60e9b5f852.jpg,0,0,1,source_annotation_pending_spot_check
stresstest_tool_tray,train,stresstest_tool_tray__9O6F3E0T005M_jpg.rf.2498afc0ca12ea0c6c140d3c37c58a59__1b1f218493.jpg,0,0,0,source_annotation_pending_spot_check
stresstest_tool_tray,train,stresstest_tool_tray__9Q4E36C8G2JJ_jpg.rf.70fdf52fd8db85e2ffe8bee68b980bb6__a6762cb639.jpg,0,0,1,source_annotation_pending_spot_check
stresstest_tool_tray,train,stresstest_tool_tray__9WUCCSIDD33W_jpg.rf.250848ee0ef02dc35c47e74fa0db5a03__f959a59870.jpg,0,0,1,source_annotation_pending_spot_check
stresstest_tool_tray,train,stresstest_tool_tray__A2W9INHL4TQU_jpg.rf.22b2a99084d25dc15aec0295265c4224__00bd51e20f.jpg,0,0,1,source_annotation_pending_spot_check
stresstest_tool_tray,train,stresstest_tool_tray__A30VHGN8EKO8_jpg.rf.089a2df62562fe8e24468961e356c460__72c105018f.jpg,0,0,1,source_annotation_pending_spot_check
stresstest_tool_tray,train,stresstest_tool_tray__A5ZK1LPDU3U4_jpg.rf.111feeaa316f98903ee2e8156b600f9e__e69b728b71.jpg,0,0,1,source_annotation_pending_spot_check
stresstest_tool_tray,train,stresstest_tool_tray__A84761HM7J4Y_jpg.rf.6bbe158edeface3248dc330973f5883a__cb6c810704.jpg,0,0,1,source_annotation_pending_spot_check
stresstest_tool_tray,train,stresstest_tool_tray__A_Hex_Nuts_Mobile_Banner_jpg.rf.23eed731e9b1822dfcdb03b2b75bbe25__6aac1e7da5.jpg,0,6,0,source_annotation_pending_spot_check
stresstest_tool_tray,train,stresstest_tool_tray__aaaa_jpg.rf.1fe3d6f6959477e3b3d66ca69ee4f427__55d9ff8448.jpg,1,0,0,source_annotation_pending_spot_check
stresstest_tool_tray,train,stresstest_tool_tray__aceros-import_tuercas_hexagonal_pesado-2h_grado-2-5-8_jpg.rf.0d444d6dc775a1a0a579d08fbbc1659d__4186728c58.jpg,0,2,0,source_annotation_pending_spot_check
stresstest_tool_tray,train,stresstest_tool_tray__ACJFFIXYH4Y6_jpg.rf.6a2df37433f1d7c4dcff6bea604c9057__991ba1b21e.jpg,0,0,1,source_annotation_pending_spot_check
stresstest_tool_tray,train,stresstest_tool_tray__ador-o-alternador-y-amortiguador-para-vw-sedan-combi-safari-brasilia-hormiga_jpg.rf.0cd06096b5a80160a2d43209d2493597__6ac942f4ce.jpg,0,1,0,source_annotation_pending_spot_check
stresstest_tool_tray,train,stresstest_tool_tray__AFOX1EYDNMUH_jpg.rf.6935e9f3fccfea7d77dc3d6e694b6817__2613f1852d.jpg,0,0,2,source_annotation_pending_spot_check
stresstest_tool_tray,train,stresstest_tool_tray__AG716II6LKLE_jpg.rf.02f8de4e0278c5ea447444c70c374a61__779f126f97.jpg,0,0,1,source_annotation_pending_spot_check
stresstest_tool_tray,train,stresstest_tool_tray__AGS6056SS0J7_jpg.rf.7d3ad1cae190a756c76be8c095b0ebd5__b4d21cbfee.jpg,0,0,1,source_annotation_pending_spot_check
stresstest_tool_tray,train,stresstest_tool_tray__AL4Y68PWWUS3_jpg.rf.2468501bee45f632b67d9163d1e030df__9de45c7ff7.jpg,0,0,2,source_annotation_pending_spot_check
stresstest_tool_tray,train,stresstest_tool_tray__allen-1711560_1280_jpg.rf.5144f7ec1d44f406cf87371959b71376__a905121f29.jpg,0,3,0,source_annotation_pending_spot_check
stresstest_tool_tray,train,stresstest_tool_tray__ANCF1OS6ZJQ0_jpg.rf.0de648093ddea54168f3641fa2e24aac__0071802099.jpg,0,0,1,source_annotation_pending_spot_check
stresstest_tool_tray,train,stresstest_tool_tray__AO9ET9OGNS43_jpg.rf.0051238e6f2c63b43d1d3b65edd2663e__d919f78768.jpg,0,0,2,source_annotation_pending_spot_check
stresstest_tool_tray,train,stresstest_tool_tray__AQ0ESAC3CO5P_jpg.rf.1af5e4c6289ac70617986183ba64d5a0__c651169b94.jpg,0,0,1,source_annotation_pending_spot_check
stresstest_tool_tray,train,stresstest_tool_tray__aqy_jpg.rf.7317908fb69d286320486b7e824cfc4b__e56f228fd0.jpg,4,0,0,source_annotation_pending_spot_check
stresstest_tool_tray,train,stresstest_tool_tray__AS1A9CWOQ5ZH_jpg.rf.14d809666b252d2f2d9303dfadf4f3fe__1e38acbce5.jpg,0,0,1,source_annotation_pending_spot_check
stresstest_tool_tray,train,stresstest_tool_tray__as1df_jpg.rf.1803e8d37a0b8c713d8c537746e9be7c__044a79e949.jpg,1,0,0,source_annotation_pending_spot_check
stresstest_tool_tray,train,stresstest_tool_tray__asd23w_jpg.rf.45c7e1547b460f7d628cb977bb177a68__1f9ab36de8.jpg,2,0,0,source_annotation_pending_spot_check
stresstest_tool_tray,train,stresstest_tool_tray__asdf_jpg.rf.05ff0ba9060460446e21ddbdf7a2da28__4315ac4d27.jpg,1,0,0,source_annotation_pending_spot_check
stresstest_tool_tray,train,stresstest_tool_tray__asxa_jpg.rf.3928f7821076a9e4119747c5bfebd763__82c57ce453.jpg,6,0,0,source_annotation_pending_spot_check
stresstest_tool_tray,train,stresstest_tool_tray__AWB75FTHQT14_jpg.rf.6070c83b1f3ba05f378dc1a1fc5ab31b__8b72c59e49.jpg,0,0,1,source_annotation_pending_spot_check
stresstest_tool_tray,train,stresstest_tool_tray__B0D6CWWBCHB7_jpg.rf.657495a78a61aee5ac4bb328e01ea250__b170d98d3b.jpg,0,0,1,source_annotation_pending_spot_check
stresstest_tool_tray,train,stresstest_tool_tray__b18-2-2-hex-nut_jpg.rf.227619c39848ac84ee139705f4d0fc6f__2be2393487.jpg,0,2,0,source_annotation_pending_spot_check
stresstest_tool_tray,train,stresstest_tool_tray__B3314GT9ZKFN_jpg.rf.1fd38db1b206daff48753d9705af9de2__86f54b206d.jpg,0,0,1,source_annotation_pending_spot_check
stresstest_tool_tray,train,stresstest_tool_tray__B5UQ5QKXYEI8_jpg.rf.2263cc29e746dcc336e3d4803e12d15c__a3b735a59d.jpg,0,0,1,source_annotation_pending_spot_check
stresstest_tool_tray,train,stresstest_tool_tray__B7NABMTEN104_jpg.rf.471ac9324cca71948bb22a3f329823f5__0c8c8df9bd.jpg,0,0,1,source_annotation_pending_spot_check
stresstest_tool_tray,train,stresstest_tool_tray__B8RKDS44AAX2_jpg.rf.04f06458a13d64f172f4f55a03bff86f__f76029468e.jpg,0,0,1,source_annotation_pending_spot_check
stresstest_tool_tray,train,stresstest_tool_tray__BANF1SJ2LNN8_jpg.rf.ae5f50228c9f77b8598107480ba76d77__117a7706e5.jpg,0,0,1,source_annotation_pending_spot_check
stresstest_tool_tray,train,stresstest_tool_tray__bolt-4571040_1280_jpg.rf.19f5b1089940345ee768bce497eb3992__5e351c9126.jpg,0,1,0,source_annotation_pending_spot_check
stresstest_tool_tray,train,stresstest_tool_tray__bolt-70488_1280_jpg.rf.046b0ee351cd7c05527256f8c11ece8f__18a647c20a.jpg,0,3,0,source_annotation_pending_spot_check
stresstest_tool_tray,train,stresstest_tool_tray__BRK62O17PE2Y_jpg.rf.145029ec4a44158bd52d7f3973d28250__17bd84cb89.jpg,0,0,1,source_annotation_pending_spot_check
stresstest_tool_tray,train,stresstest_tool_tray__BV58CE9MVEMA_jpg.rf.5b89dd824e642a29b84a9dc9d4e4306d__f086746424.jpg,0,0,1,source_annotation_pending_spot_check
stresstest_tool_tray,train,stresstest_tool_tray__BYPOE0NHXMRJ_jpg.rf.29cb5f4d424aaeaf048692fdfec14f70__f6d3c4c1b1.jpg,0,0,1,source_annotation_pending_spot_check
stresstest_tool_tray,train,stresstest_tool_tray__C8EMTAVK0ND6_jpg.rf.1ac255fc9fa2eb9784f3d891dddce1ab__b06d01ee6e.jpg,0,0,1,source_annotation_pending_spot_check
stresstest_tool_tray,train,stresstest_tool_tray__CC3TS0YYEYHH_jpg.rf.00f93ed6e0d1467b901e62db51e2941e__7609fd15f3.jpg,0,0,1,source_annotation_pending_spot_check
stresstest_tool_tray,train,stresstest_tool_tray__cc_jpg.rf.0d086f4d8c13d891567b52fac4107311__b372b1793b.jpg,1,0,0,source_annotation_pending_spot_check
stresstest_tool_tray,train,stresstest_tool_tray__ccccc_jpg.rf.437b497734bdb526af806270fd05a708__20707f9748.jpg,1,0,0,source_annotation_pending_spot_check
stresstest_tool_tray,train,stresstest_tool_tray__cdd_jpg.rf.05f20a04aa78c124eeb1d8bca8971c67__d31f56ecc3.jpg,1,0,0,source_annotation_pending_spot_check
stresstest_tool_tray,train,stresstest_tool_tray__cddc_jpg.rf.0ab4d4c4c4fe797ea17df4f3dcf7813e__2bf29dd02f.jpg,3,0,0,source_annotation_pending_spot_check
stresstest_tool_tray,train,stresstest_tool_tray__cddcc_jpg.rf.0c4519000e4067f865ff9cc72f468156__ee62b76528.jpg,3,0,0,source_annotation_pending_spot_check
stresstest_tool_tray,train,stresstest_tool_tray__cds_jpg.rf.7c1df67168fdb6a936b21a59d3c64fe9__c3e8015dda.jpg,2,0,0,source_annotation_pending_spot_check
stresstest_tool_tray,train,stresstest_tool_tray__CEA4ARNNH5OQ_jpg.rf.bc87f6e64386d25f8cb304e675fe27df__b4ac17f5c6.jpg,0,0,1,source_annotation_pending_spot_check
stresstest_tool_tray,train,stresstest_tool_tray__CFI64JGEEVTH_jpg.rf.1b1853e41a256656568682cc1eaaf057__8414af4aa6.jpg,0,0,1,source_annotation_pending_spot_check
stresstest_tool_tray,train,stresstest_tool_tray__CJPB1WGL853D_jpg.rf.188299e59114ff25ecb84b2acdc9aaea__be19390b72.jpg,0,0,4,source_annotation_pending_spot_check
stresstest_tool_tray,train,stresstest_tool_tray__CKIFX7F0ZI7B_jpg.rf.524438d8731b4a6ace268fe1edd3690a__004da73dd7.jpg,0,0,1,source_annotation_pending_spot_check
stresstest_tool_tray,train,stresstest_tool_tray__CNKXBCJLZWX7_jpg.rf.61ed323338179fdd6f26e60a796302fa__1c42d89090.jpg,0,0,4,source_annotation_pending_spot_check
stresstest_tool_tray,train,stresstest_tool_tray__CSIZUMP8JN4O_jpg.rf.763a5f714505e25a885aed9f1eb77b5f__277fcc3668.jpg,0,0,1,source_annotation_pending_spot_check
stresstest_tool_tray,train,stresstest_tool_tray__CSVYJCY0SBTZ_jpg.rf.998876896b7ccd84205542c0e4d1cb18__3d099510d0.jpg,0,0,2,source_annotation_pending_spot_check
stresstest_tool_tray,train,stresstest_tool_tray__CTRGQ9HTB97V_jpg.rf.a665fa9208f750d2d69881197e791d6a__61ad9f9aa0.jpg,0,0,1,source_annotation_pending_spot_check
stresstest_tool_tray,train,stresstest_tool_tray__CUP06UNSF36A_jpg.rf.060eaee67926dc12895c4d0ae75d4c27__f5d4919fb3.jpg,0,0,1,source_annotation_pending_spot_check
stresstest_tool_tray,train,stresstest_tool_tray__cxy_jpg.rf.6b0a3118ccb0b184bb81f04150c4bb63__629ed56a4f.jpg,1,0,0,source_annotation_pending_spot_check
stresstest_tool_tray,train,stresstest_tool_tray__D0WE1N13G16F_jpg.rf.07593f4fa80ec336f472f308916eb673__a37ccea18a.jpg,0,0,1,source_annotation_pending_spot_check
stresstest_tool_tray,train,stresstest_tool_tray__D2SQJ7HM5GDH_jpg.rf.475f48042dfdded20cbee1a70177cc6d__122c932849.jpg,0,0,1,source_annotation_pending_spot_check
stresstest_tool_tray,train,stresstest_tool_tray__D5Y6OXD0YZAB_jpg.rf.1e03ce410446c223de5539ababf16ee3__be2700890e.jpg,0,0,1,source_annotation_pending_spot_check
stresstest_tool_tray,train,stresstest_tool_tray__D8J9U0DFAFOX_jpg.rf.317c42985a0d1e47b243bd87d960de53__7f446c42e6.jpg,0,0,1,source_annotation_pending_spot_check
stresstest_tool_tray,train,stresstest_tool_tray__D91XT8MPKXCK_jpg.rf.332082ef3ceb5e7407756e68ab76d0eb__03ea9386fc.jpg,0,0,0,source_annotation_pending_spot_check
stresstest_tool_tray,train,stresstest_tool_tray__DABDUQEC997V_jpg.rf.da3f837ca606887a4c7a2bd1cbbcf011__6c7ac62a8b.jpg,0,0,1,source_annotation_pending_spot_check
stresstest_tool_tray,train,stresstest_tool_tray__DAVLNP3ET99D_jpg.rf.0882665a45d12bb460bd6d407ff0c7ab__92b1a5f7e8.jpg,0,0,1,source_annotation_pending_spot_check
stresstest_tool_tray,train,stresstest_tool_tray__dc_jpg.rf.4cdbda141ccd46ae1ffc583ebc5445af__ed0f83b79e.jpg,4,0,0,source_annotation_pending_spot_check
stresstest_tool_tray,train,stresstest_tool_tray__dcc_jpg.rf.9105c4d25aae9d6f74fe1513a7cc8760__0bfb01a3e3.jpg,2,0,0,source_annotation_pending_spot_check
stresstest_tool_tray,train,stresstest_tool_tray__dcccd_jpg.rf.4db6b88e606e545773728213aff8882f__e03994fbb9.jpg,5,0,0,source_annotation_pending_spot_check
stresstest_tool_tray,train,stresstest_tool_tray__DD3DQLBT79JU_jpg.rf.120bea53ca850e693e5dcbdb296de674__70bfc93e77.jpg,0,0,1,source_annotation_pending_spot_check
stresstest_tool_tray,train,stresstest_tool_tray__ddccd_jpg.rf.75b83354312bf5a74f95e5e6b6f06b81__44cb30f4df.jpg,1,0,0,source_annotation_pending_spot_check
stresstest_tool_tray,train,stresstest_tool_tray__ddnhmz_0_png.rf.6f4cd83b88d5dbafad8de928a4e830e5__d9514d7165.jpg,0,1,0,source_annotation_pending_spot_check
stresstest_tool_tray,train,stresstest_tool_tray__DLZ33A7NLA9W_jpg.rf.3a9a83b1718abdb941e6eb5e5a9d2314__a500fced5f.jpg,0,0,1,source_annotation_pending_spot_check
stresstest_tool_tray,train,stresstest_tool_tray__DN27COWMY393_jpg.rf.14e59409df33f9e6a241a4d88ef5dee7__633e5c8baf.jpg,0,0,1,source_annotation_pending_spot_check
stresstest_tool_tray,train,stresstest_tool_tray__DN2T1XMQKF8M_jpg.rf.99ab25e8969bc6567a00f5a6fc585c6d__8338505ade.jpg,0,0,1,source_annotation_pending_spot_check
stresstest_tool_tray,train,stresstest_tool_tray__DVBNN3L56UO0_jpg.rf.631eb0fe65f23b186c20d986ad7a15fc__d909f12d88.jpg,0,0,1,source_annotation_pending_spot_check
stresstest_tool_tray,train,stresstest_tool_tray__DZ6OR7LAR95R_jpg.rf.2b972fd1e48bcd9ae692922d3a889b30__7cda8c169e.jpg,0,0,1,source_annotation_pending_spot_check
stresstest_tool_tray,train,stresstest_tool_tray__DZPBH1VX9WKN_jpg.rf.0bd5f98c2f1fdcafa5162590f84f238d__965c9d5dad.jpg,0,0,1,source_annotation_pending_spot_check
stresstest_tool_tray,train,stresstest_tool_tray__e23c48da-a6a1-4ad2-bac9-fe5eafb2914f_jpg.rf.5564baff72bdc354a5bc0b3ddd7f33c9__fe614fa1d0.jpg,0,1,0,source_annotation_pending_spot_check
stresstest_tool_tray,test,stresstest_tool_tray__e3e3_jpg.rf.a148713da3c21295bc8fbf56083585e6__fcce5b4883.jpg,1,0,0,source_annotation_pending_spot_check
stresstest_tool_tray,train,stresstest_tool_tray__E5JSFH4YSEXH_jpg.rf.4b86dfbebf9ff62056a2f200c79362ff__4ca9a0220c.jpg,0,0,1,source_annotation_pending_spot_check
stresstest_tool_tray,train,stresstest_tool_tray__E5L58LH7PPGV_jpg.rf.40a216858fa7589658196bf0ecf06d1b__b9886456e9.jpg,0,0,1,source_annotation_pending_spot_check
stresstest_tool_tray,train,stresstest_tool_tray__E8N61DNC2ZXF_jpg.rf.1ee32f61f6e1a18c868a8a2c61276b67__ee3eeeb7c2.jpg,0,0,1,source_annotation_pending_spot_check
stresstest_tool_tray,train,stresstest_tool_tray__EEB05XX6N5LZ_jpg.rf.1a3cc2a1deba4ae59c18d5aa9f3f0f39__6eb0d2f040.jpg,0,0,1,source_annotation_pending_spot_check
stresstest_tool_tray,train,stresstest_tool_tray__EHTR8DIHSHO8_jpg.rf.0d56526a01ae9e9752a56fbaf3b0e39e__1f04a52bae.jpg,0,0,1,source_annotation_pending_spot_check
stresstest_tool_tray,train,stresstest_tool_tray__EMPIRE-Figure-56-BWKO-1_jpg.rf.312c9c77bca960503bd6b19d1a11dc52__9eaa7867b8.jpg,0,1,0,source_annotation_pending_spot_check
stresstest_tool_tray,train,stresstest_tool_tray__ENO1JA4E2ZAU_jpg.rf.7fa3d49f72c14b22aea928e21b8cb443__0a7e4caece.jpg,0,0,1,source_annotation_pending_spot_check
stresstest_tool_tray,train,stresstest_tool_tray__EOUR844EO4KM_jpg.rf.4aa65389625e7c5dc235add747e66c91__25fc821899.jpg,0,0,1,source_annotation_pending_spot_check
stresstest_tool_tray,train,stresstest_tool_tray__EQHB0AQM7TUX_jpg.rf.1178556c79e6c347b5f80b90269a5d32__959f30a53d.jpg,0,0,1,source_annotation_pending_spot_check
stresstest_tool_tray,train,stresstest_tool_tray__EUZ56P02M5PX_jpg.rf.21d69141100cf2c580b4697dc86079e8__61073bbc45.jpg,0,0,1,source_annotation_pending_spot_check
stresstest_tool_tray,train,stresstest_tool_tray__everbilt-hex-nuts-840358-64_1000_jpg.rf.2e4a368865f108355a4c17645d53e282__4e71399fc3.jpg,0,1,0,source_annotation_pending_spot_check
stresstest_tool_tray,train,stresstest_tool_tray__EXADFG58E21P_jpg.rf.3440f5773e23aef07f1392d37030daaf__2fcd1f75a5.jpg,0,0,1,source_annotation_pending_spot_check
stresstest_tool_tray,train,stresstest_tool_tray__EYSFVGIMXLSB_jpg.rf.7819a5730f394ee9b28ec33ffd17e090__b47ae8965c.jpg,0,0,1,source_annotation_pending_spot_check
stresstest_tool_tray,train,stresstest_tool_tray__F01CWC9JWWZH_jpg.rf.004b2fea055d1749d917417aa84b5d1b__09f7fbbc59.jpg,0,0,1,source_annotation_pending_spot_check
stresstest_tool_tray,train,stresstest_tool_tray__F4VCY89GH9BW_jpg.rf.6c3adf9728504164e6374e910d65846d__5f7fac96b0.jpg,0,0,1,source_annotation_pending_spot_check
stresstest_tool_tray,train,stresstest_tool_tray__F7QZOWHGYLJU_jpg.rf.23991ff054c295858ed2c0b1a1931b5b__1d748874d8.jpg,0,0,1,source_annotation_pending_spot_check
stresstest_tool_tray,train,stresstest_tool_tray__F9HDDQ52FLPP_jpg.rf.079431b04ce10c7dc7848f0bda7334b0__6acc9ad4dd.jpg,0,0,1,source_annotation_pending_spot_check
stresstest_tool_tray,train,stresstest_tool_tray__F9YPKWJ8NGDB_jpg.rf.35d4f93dc15c083e4e35ce7449aa83d6__ddcf40eb42.jpg,0,0,1,source_annotation_pending_spot_check
stresstest_tool_tray,train,stresstest_tool_tray__FB62BHYZXP6O_jpg.rf.0f807d6b2b4c6d1dbbbecf75f0656c17__56fc140f03.jpg,0,0,1,source_annotation_pending_spot_check
stresstest_tool_tray,train,stresstest_tool_tray__FC720D4UBKFZ_jpg.rf.47368b81bf041afc13e3ced6692025ab__ffe69cbc6a.jpg,0,0,1,source_annotation_pending_spot_check
stresstest_tool_tray,train,stresstest_tool_tray__FD6VRN662XXT_jpg.rf.29d02b01161ab6562b9c9b7b2e6cd75c__c65ef33a55.jpg,0,0,1,source_annotation_pending_spot_check
stresstest_tool_tray,train,stresstest_tool_tray__FDIH1C5J6EZ0_jpg.rf.34e7f47e76788de781501dd0eb25f941__abc2d21ace.jpg,0,0,1,source_annotation_pending_spot_check
stresstest_tool_tray,train,stresstest_tool_tray__fds2_jpg.rf.2763153456f1119ddc152d67bd14251b__a266691340.jpg,3,0,0,source_annotation_pending_spot_check
stresstest_tool_tray,valid,stresstest_tool_tray__fds_jpg.rf.1496892f9bddad7f769b255296e1c1fc__3c5402b96c.jpg,1,0,0,source_annotation_pending_spot_check
stresstest_tool_tray,train,stresstest_tool_tray__fewwefw_jpg.rf.9d0307d153d797175847f17781a69cdb__7cfd784613.jpg,1,0,0,source_annotation_pending_spot_check
stresstest_tool_tray,train,stresstest_tool_tray__FGTTLCZF11D0_jpg.rf.658984688e70e0e3e96ff2da3aa891a7__a6192077e5.jpg,0,0,1,source_annotation_pending_spot_check
stresstest_tool_tray,train,stresstest_tool_tray__FHP32NQCAKSU_jpg.rf.58e7b33f5d2536bce4d6548784869ea6__292a48a6c5.jpg,0,0,4,source_annotation_pending_spot_check
stresstest_tool_tray,train,stresstest_tool_tray__FKNY5HMZ1S5Z_jpg.rf.5ca29ab0136a3d2cce0d0a9465ef4643__69ce5dd848.jpg,0,0,1,source_annotation_pending_spot_check
stresstest_tool_tray,train,stresstest_tool_tray__FL9RE3RN61XV_jpg.rf.126334fe116fc55168bd054f80027209__4608ae2f58.jpg,0,0,1,source_annotation_pending_spot_check
stresstest_tool_tray,train,stresstest_tool_tray__FLUVIDOGBIOZ_jpg.rf.2c2bbe5b8bc87a16369df4093be5f4c6__71ec36027e.jpg,0,0,1,source_annotation_pending_spot_check
stresstest_tool_tray,train,stresstest_tool_tray__FNZJH9DMNZA3_jpg.rf.3170d26fb2519375d97e199c04409cb7__e6dbb42079.jpg,0,0,2,source_annotation_pending_spot_check
stresstest_tool_tray,train,stresstest_tool_tray__focus_adjusted20240508-151242_jpg.rf.71467cc36a344775e15c2c7d3fad9c83__d7d679b59b.jpg,0,0,79,source_annotation_pending_spot_check
stresstest_tool_tray,train,stresstest_tool_tray__focus_adjusted20240508-151349_jpg.rf.0dbf3f9ce0f4458b597737ea7f72a40e__0729afc37c.jpg,0,0,80,source_annotation_pending_spot_check
stresstest_tool_tray,train,stresstest_tool_tray__focus_adjusted20240508-151429_jpg.rf.4c6772eea5d9f733310e38097f262fac__39dc5c10b4.jpg,0,0,80,source_annotation_pending_spot_check
stresstest_tool_tray,train,stresstest_tool_tray__FSDCAS3J2DH2_jpg.rf.6626be9f332994b99d4065e66aacb705__f7097bc5cf.jpg,0,0,1,source_annotation_pending_spot_check
stresstest_tool_tray,train,stresstest_tool_tray__FSSDQWJI1VFP_jpg.rf.6372b0b6330328159ee1420127e22861__64c459b82c.jpg,0,0,1,source_annotation_pending_spot_check
stresstest_tool_tray,train,stresstest_tool_tray__FSU3AOKXTEKQ_jpg.rf.65010d735d7e0affbb5183606915b216__7d613b46ee.jpg,0,0,1,source_annotation_pending_spot_check
stresstest_tool_tray,train,stresstest_tool_tray__FT3DSEN68LRQ_jpg.rf.185bc17e851c8c349d5898d3d5b345dc__eb1507d2ec.jpg,0,0,1,source_annotation_pending_spot_check
stresstest_tool_tray,train,stresstest_tool_tray__FXIL3Q8VNKO4_jpg.rf.8974fe2ca28e782ed0846216fdb52d01__22d3697e30.jpg,0,0,1,source_annotation_pending_spot_check
stresstest_tool_tray,train,stresstest_tool_tray__FZT6XFRQET5I_jpg.rf.3f940ecc8e70a6313602e0b6647cbc94__19a9c5c6ec.jpg,0,0,3,source_annotation_pending_spot_check
stresstest_tool_tray,train,stresstest_tool_tray__G2AJ9LWNOW3C_jpg.rf.2e730b1e0fddb2aadff52f7fd1219637__4ff4d4d9cc.jpg,0,0,1,source_annotation_pending_spot_check
stresstest_tool_tray,train,stresstest_tool_tray__G3127H9PZ1ZA_jpg.rf.06285805cb528843c3b6330d6ef5dbde__64f6365927.jpg,0,0,1,source_annotation_pending_spot_check
stresstest_tool_tray,train,stresstest_tool_tray__G8UGLWOAMEYX_jpg.rf.24184d3ae16f11868bf23d21f9e8eb73__611f7a9882.jpg,0,0,1,source_annotation_pending_spot_check
stresstest_tool_tray,train,stresstest_tool_tray__GEB4HW2HGD53_jpg.rf.565e5dec19e554adb98239124d7fd471__16f426114a.jpg,0,0,1,source_annotation_pending_spot_check
stresstest_tool_tray,train,stresstest_tool_tray__grid_24400270_jpg.rf.89f5b4e178c2d800440e18ec4648b546__e74107dddc.jpg,0,1,0,source_annotation_pending_spot_check
stresstest_tool_tray,train,stresstest_tool_tray__GRQ761KFC3ZU_jpg.rf.77989adc060b6e81b873be240fe5adf7__5446d5dd62.jpg,0,0,2,source_annotation_pending_spot_check
stresstest_tool_tray,train,stresstest_tool_tray__GSAMTKBQJXSC_jpg.rf.7b05937cfa641cc29c3fb97bb40e0531__cd7dbc65fd.jpg,0,0,1,source_annotation_pending_spot_check
stresstest_tool_tray,train,stresstest_tool_tray__H0S33PQNTNWV_jpg.rf.7c53789ac8d5dda75fa8f5bc0454f48a__f8deb28306.jpg,0,0,1,source_annotation_pending_spot_check
stresstest_tool_tray,train,stresstest_tool_tray__H0UB3R7RGWXQ_jpg.rf.5172d9e24e5086d892043c803d122d30__20d33a3db8.jpg,0,0,1,source_annotation_pending_spot_check
stresstest_tool_tray,train,stresstest_tool_tray__HA05IRF32J8P_jpg.rf.bf437bc0501a28ec57e06ec40f2953c3__62b70addc1.jpg,0,0,1,source_annotation_pending_spot_check
stresstest_tool_tray,train,stresstest_tool_tray__HCT57GSR82P3_jpg.rf.3a1d21138e3df3f31b32818e429e6abd__13dde8b404.jpg,0,0,1,source_annotation_pending_spot_check
stresstest_tool_tray,train,stresstest_tool_tray__heavy-hex-nut-stainless-steel-copy_jpg.rf.4f2ba389eba5437123d668b316351664__3597314058.jpg,0,1,0,source_annotation_pending_spot_check
stresstest_tool_tray,train,stresstest_tool_tray__heavy-hex-nuts_jpg.rf.7a3a7cc4932321fd3893afcab901eaba__49313f6821.jpg,0,2,0,source_annotation_pending_spot_check
stresstest_tool_tray,train,stresstest_tool_tray__hex-nut-m12_hu47a00efe8e2a7a2e9db764f7bcc7bc3d_56879_600x600_resize_q50_box_jpg.rf.41621ad9568fee210e436f7c25ed8fe2__5ec1c00136.jpg,0,4,0,source_annotation_pending_spot_check
stresstest_tool_tray,train,stresstest_tool_tray__hex-nut2_jpg.rf.050584ef14b00e2cf43b68034cb833f4__822bca7604.jpg,0,1,0,source_annotation_pending_spot_check
stresstest_tool_tray,train,stresstest_tool_tray__Hex-nut_9_png.rf.059a83659a221519c2d7509fc1d01f60__eeac87eeeb.jpg,0,1,0,source_annotation_pending_spot_check
stresstest_tool_tray,train,stresstest_tool_tray__hex_nut_black_6_1_jpg.rf.0066848d97f530529ce9486e7979d45b__3e0c20a453.jpg,0,1,0,source_annotation_pending_spot_check
stresstest_tool_tray,train,stresstest_tool_tray__hex_nut_unc_g8_black-450x450_jpg.rf.157cd83bbff058985015b27ddf2040d7__4be647aaa6.jpg,0,1,0,source_annotation_pending_spot_check
stresstest_tool_tray,train,stresstest_tool_tray__HEXAGON-NUT-ZINC_png.rf.0b2c1f45ce866ce755e60e1545b94b07__7a8f68d6fe.jpg,0,1,0,source_annotation_pending_spot_check
stresstest_tool_tray,train,stresstest_tool_tray__Hexagon-Nut_jpg.rf.54672bcc80f8a57fbe555d1029150e5a__d680b4133e.jpg,0,1,0,source_annotation_pending_spot_check
stresstest_tool_tray,train,stresstest_tool_tray__HFBX2D8FVR62_jpg.rf.90f7c925e54b6e282da8ed6d8a60d7b0__19a6c7e63d.jpg,0,0,1,source_annotation_pending_spot_check
stresstest_tool_tray,train,stresstest_tool_tray__HGSNFVH7I074_jpg.rf.184994158947f300c5eda4f7f8a21813__683626d644.jpg,0,0,1,source_annotation_pending_spot_check
stresstest_tool_tray,train,stresstest_tool_tray__HGV1NG8AAHFL_jpg.rf.2ded1c61c57d63606e868b31dc435835__86b6d4c353.jpg,0,0,1,source_annotation_pending_spot_check
stresstest_tool_tray,train,stresstest_tool_tray__HH3OBKAWNWQH_jpg.rf.1892d7cf4c5b4de2cd13558d364d10bf__555826491d.jpg,0,0,1,source_annotation_pending_spot_check
stresstest_tool_tray,train,stresstest_tool_tray__hh_jpg.rf.6b82207f2a16c6fe6130881f1f25e903__784791f898.jpg,1,0,0,source_annotation_pending_spot_check
stresstest_tool_tray,train,stresstest_tool_tray__hhh_jpg.rf.7fabdc88721edce3ef52d2257c8094d3__b8006f24d0.jpg,1,0,0,source_annotation_pending_spot_check
stresstest_tool_tray,train,stresstest_tool_tray__hhhhh_jpg.rf.1a3a8e3617cca6b67397707d8de30e7b__37580e5ee0.jpg,1,0,0,source_annotation_pending_spot_check
stresstest_tool_tray,train,stresstest_tool_tray__HJNPHN31ESBZ_jpg.rf.94b013fd54dadd6aa46ff476f96cce3a__3b1ff7de74.jpg,0,0,1,source_annotation_pending_spot_check
stresstest_tool_tray,train,stresstest_tool_tray__HK81B8G4HDIB_jpg.rf.556ba6da0d1373103d5594f01f5f6b1f__49d9fb9e5d.jpg,0,0,1,source_annotation_pending_spot_check
stresstest_tool_tray,train,stresstest_tool_tray__HN12_jpg.rf.0fd7c1babf7538c69fe842e215a8d6aa__33e5a81470.jpg,0,1,0,source_annotation_pending_spot_check
stresstest_tool_tray,train,stresstest_tool_tray__HNBR12_jpg.rf.0f2134e2d83c897eb2e1f48a5efdbd2e__73ada7fd3a.jpg,0,1,0,source_annotation_pending_spot_check
stresstest_tool_tray,train,stresstest_tool_tray__HQM0HI91GF0D_jpg.rf.986e1d80a617aca7cd4215787878bde9__253fff0d4e.jpg,0,0,1,source_annotation_pending_spot_check
stresstest_tool_tray,train,stresstest_tool_tray__HU6ATGMXO8P8_jpg.rf.18c4fc7c22292972042d8ae3d6a7d971__fc1f667cb2.jpg,0,0,1,source_annotation_pending_spot_check
stresstest_tool_tray,train,stresstest_tool_tray__HYDENM6H382C_jpg.rf.1098d973ce77670076067e04ca63cecf__594d9c35a0.jpg,0,0,1,source_annotation_pending_spot_check
stresstest_tool_tray,train,stresstest_tool_tray__I0GQJS3XJYVE_jpg.rf.42f787d240e0c68a46c269537b0d7941__2006edb2a9.jpg,0,0,1,source_annotation_pending_spot_check
stresstest_tool_tray,train,stresstest_tool_tray__I3KAJLF8ZFFM_jpg.rf.3b5aec006394368e247bd755aa6da751__ad974fdf99.jpg,0,0,1,source_annotation_pending_spot_check
stresstest_tool_tray,train,stresstest_tool_tray__I4DFN1AVCQM1_jpg.rf.55e1898e62d69656b6a65d65ab790ee3__01c7125ae6.jpg,0,0,1,source_annotation_pending_spot_check
stresstest_tool_tray,train,stresstest_tool_tray__I5FZKNNYUASP_jpg.rf.170a4189d5b5712d1320ccbca50a2110__44680b2ed5.jpg,0,0,1,source_annotation_pending_spot_check
stresstest_tool_tray,train,stresstest_tool_tray__I73JGC5IIJUL_jpg.rf.523a96794191417d814429544a490a46__e464e20d44.jpg,0,0,1,source_annotation_pending_spot_check
stresstest_tool_tray,train,stresstest_tool_tray__IDSQ9L8128JI_jpg.rf.29ffe0dbafe4c9400db9b31fdf6f5834__4467633b9c.jpg,0,0,4,source_annotation_pending_spot_check
stresstest_tool_tray,train,stresstest_tool_tray__IH2PWKE9GEKN_jpg.rf.46c382e4543c737ff6cd4ae92162e7f1__0d13a6aa2c.jpg,0,0,1,source_annotation_pending_spot_check
stresstest_tool_tray,train,stresstest_tool_tray__IKYFSMTF71MO_jpg.rf.01f3de27d782be2daf00a567af70f59c__a5dc573196.jpg,0,0,1,source_annotation_pending_spot_check
stresstest_tool_tray,train,stresstest_tool_tray__image10_jpeg.rf.7640567cb069e635d45b4597aac35cc6__d9656527e4.jpg,0,1,0,source_annotation_pending_spot_check
stresstest_tool_tray,train,stresstest_tool_tray__image11_jpeg.rf.4d70af998ec7a46718b46649be0cea26__db68f264c2.jpg,0,1,0,source_annotation_pending_spot_check
stresstest_tool_tray,train,stresstest_tool_tray__image13_jpeg.rf.2ae913fc54e758a68c3e897e6eed0a93__d68d1f3595.jpg,0,1,0,source_annotation_pending_spot_check
stresstest_tool_tray,train,stresstest_tool_tray__image14_jpeg.rf.1baf5bcbaa946d3b3cdde9e85a22c8cd__828bcbc60e.jpg,0,1,0,source_annotation_pending_spot_check
stresstest_tool_tray,train,stresstest_tool_tray__image15_jpeg.rf.34d7ed5780d6ad633e0929c19abada2d__0cbd95738f.jpg,0,1,0,source_annotation_pending_spot_check
stresstest_tool_tray,train,stresstest_tool_tray__image16_jpeg.rf.04202f28e4e2b0f74f665e550086f2dd__d5b96d0a93.jpg,0,2,0,source_annotation_pending_spot_check
stresstest_tool_tray,train,stresstest_tool_tray__image17_jpeg.rf.0224ef7359e987a0d297af4cdb2dbafe__51a2574dd3.jpg,0,1,0,source_annotation_pending_spot_check
stresstest_tool_tray,train,stresstest_tool_tray__image18_jpeg.rf.0ae7ca9501e6143a7f8ec255784c9605__3fd0026525.jpg,0,1,0,source_annotation_pending_spot_check
stresstest_tool_tray,train,stresstest_tool_tray__image1_jpg.rf.14c8dd865ba7dc58fe2d4f01af4ef3e5__5948915993.jpg,1,1,0,source_annotation_pending_spot_check
stresstest_tool_tray,train,stresstest_tool_tray__image20_jpeg.rf.5f44a20d47baf182ca8d7309b40be580__e2ac889534.jpg,0,1,0,source_annotation_pending_spot_check
stresstest_tool_tray,train,stresstest_tool_tray__image22_jpeg.rf.2ffa3f40e78eb8176237f4a60649c395__17acb1fb53.jpg,0,1,0,source_annotation_pending_spot_check
stresstest_tool_tray,train,stresstest_tool_tray__image23_jpeg.rf.4daf9ce98efa46fba69087667229f284__dfc1a3165d.jpg,0,1,0,source_annotation_pending_spot_check
stresstest_tool_tray,train,stresstest_tool_tray__image24_jpeg.rf.725818478c49d408afee641cf3dd5eb6__3a816cb552.jpg,0,1,0,source_annotation_pending_spot_check
stresstest_tool_tray,train,stresstest_tool_tray__image25_jpeg.rf.100d1a48cb8b522550eb8d0190113e74__66b905a9de.jpg,0,1,0,source_annotation_pending_spot_check
stresstest_tool_tray,train,stresstest_tool_tray__image26_jpeg.rf.3f38a10509939764bb06623cb5b74216__b4b0ebb83b.jpg,0,1,0,source_annotation_pending_spot_check
stresstest_tool_tray,train,stresstest_tool_tray__image27_jpeg.rf.0752dbe73c0a23e02c1114992ae9f066__f520c084c7.jpg,0,1,0,source_annotation_pending_spot_check
stresstest_tool_tray,train,stresstest_tool_tray__image28_jpeg.rf.3c80d4e3aaf4a2befc7945d70ccb5048__1edcfb8e4a.jpg,0,1,0,source_annotation_pending_spot_check
stresstest_tool_tray,train,stresstest_tool_tray__image9_jpeg.rf.29a483c5583aeac9d21d123c8886196b__5deb433401.jpg,0,1,0,source_annotation_pending_spot_check
stresstest_tool_tray,train,stresstest_tool_tray__image_15_jpg.rf.40c8a67bc94cf9380e1c8fdf0d0c3253__827d57e42a.jpg,1,0,0,source_annotation_pending_spot_check
stresstest_tool_tray,train,stresstest_tool_tray__image_16_jpg.rf.249ad7b2dbbe615d9b7ea3ac5606172c__49e45accf4.jpg,0,1,0,source_annotation_pending_spot_check
stresstest_tool_tray,train,stresstest_tool_tray__image_17_jpg.rf.0379245e21495eb2747bb6f05f56a876__f98055b65e.jpg,0,1,0,source_annotation_pending_spot_check
stresstest_tool_tray,train,stresstest_tool_tray__image_18_jpg.rf.3ff71cfd713513208f89702379c44248__6ebe9da9e3.jpg,1,0,0,source_annotation_pending_spot_check
stresstest_tool_tray,train,stresstest_tool_tray__image_19_jpg.rf.00170be2e2175dae0e560efd464bd73b__a991104709.jpg,1,0,0,source_annotation_pending_spot_check
stresstest_tool_tray,train,stresstest_tool_tray__image_20_jpg.rf.45479082d833723ccc7ac57f692978ad__e9b5be8839.jpg,1,0,0,source_annotation_pending_spot_check
stresstest_tool_tray,train,stresstest_tool_tray__image_21_jpg.rf.08681a5ae94c0bb3e8d747ea85a2ba3b__c0a1e07ee1.jpg,0,1,0,source_annotation_pending_spot_check
stresstest_tool_tray,train,stresstest_tool_tray__image_22_jpg.rf.07124624881d8872b71d5ed744c22684__cad4bb4922.jpg,1,0,0,source_annotation_pending_spot_check
stresstest_tool_tray,train,stresstest_tool_tray__image_23_jpg.rf.3268272e693b95414cbc17c235636b20__6ea445b7ee.jpg,1,0,0,source_annotation_pending_spot_check
stresstest_tool_tray,train,stresstest_tool_tray__image_24_jpg.rf.26585b6b2caa29fe89f07700e09e96f0__81d9a2ed6a.jpg,1,0,0,source_annotation_pending_spot_check
stresstest_tool_tray,train,stresstest_tool_tray__image_25_jpg.rf.0ee5e1f43a2861c1e041d2a7b6dd2b08__a8d1c2292d.jpg,0,1,0,source_annotation_pending_spot_check
stresstest_tool_tray,train,stresstest_tool_tray__image_26_jpg.rf.2b830dad92199ad5750552b21d8bae4d__5cb38524a8.jpg,1,0,0,source_annotation_pending_spot_check
stresstest_tool_tray,train,stresstest_tool_tray__image_27_jpg.rf.28734269f81d7bc05438d0acc04c30f7__c9fd750496.jpg,0,1,0,source_annotation_pending_spot_check
stresstest_tool_tray,test,stresstest_tool_tray__image_28_jpg.rf.a5af1d5eb1d17db8e16a3d4b6f45809f__eee69ab8f3.jpg,1,0,0,source_annotation_pending_spot_check
stresstest_tool_tray,train,stresstest_tool_tray__image_29_jpg.rf.016e95af773a0e6f3672ef4c14b5153f__b982f68625.jpg,0,4,0,source_annotation_pending_spot_check
stresstest_tool_tray,train,stresstest_tool_tray__image_30_jpg.rf.1d9feed336665190a2ddd8be6992fe38__2563d8d025.jpg,0,1,0,source_annotation_pending_spot_check
stresstest_tool_tray,train,stresstest_tool_tray__image_31_jpg.rf.33e01fcac07e8cca22f3e905d55fa688__60515e4ba7.jpg,0,1,0,source_annotation_pending_spot_check
stresstest_tool_tray,test,stresstest_tool_tray__image_32_jpg.rf.5457c9786bc341167eb541790e4defed__cf63706991.jpg,1,0,0,source_annotation_pending_spot_check
stresstest_tool_tray,train,stresstest_tool_tray__image_33_jpg.rf.151d2b7e0f61323d771e2bef35cc73bd__08e1b10c08.jpg,0,1,0,source_annotation_pending_spot_check
stresstest_tool_tray,train,stresstest_tool_tray__image_34_jpg.rf.270e6b1cf81e6372cfd5632757ccbfb0__050da11fde.jpg,0,1,0,source_annotation_pending_spot_check
stresstest_tool_tray,train,stresstest_tool_tray__image_35_jpg.rf.0f3b8c61e6b062e8671759df1cb201fb__98f7311f0f.jpg,1,0,0,source_annotation_pending_spot_check
stresstest_tool_tray,train,stresstest_tool_tray__image_37_jpg.rf.a08fd84e39db7bc321186350b1301a4e__ad35a86bfe.jpg,0,1,0,source_annotation_pending_spot_check
stresstest_tool_tray,train,stresstest_tool_tray__image_38_jpg.rf.1ddb8d042b421eb5d425b7664edec6c6__2c756764af.jpg,0,8,0,source_annotation_pending_spot_check
stresstest_tool_tray,test,stresstest_tool_tray__image_39_jpg.rf.2802685aa236a2dd4da9cc0a025c3465__fb9a8e192a.jpg,0,0,0,source_annotation_pending_spot_check
stresstest_tool_tray,test,stresstest_tool_tray__image_41_jpg.rf.17e904d7c19895b73308479893817695__655e969357.jpg,2,0,0,source_annotation_pending_spot_check
stresstest_tool_tray,train,stresstest_tool_tray__image_42_jpg.rf.3c60fb383b07f8f69f6581c7e0294063__7d581e0b42.jpg,1,0,0,source_annotation_pending_spot_check
stresstest_tool_tray,train,stresstest_tool_tray__image_43_jpg.rf.580693b76a3d3a6159daaf06ee9e9f39__981d90609e.jpg,0,1,0,source_annotation_pending_spot_check
stresstest_tool_tray,train,stresstest_tool_tray__image_44_jpg.rf.338d57a08a44f069e5f2ec51511bc3f0__321df6fadb.jpg,0,1,0,source_annotation_pending_spot_check
stresstest_tool_tray,train,stresstest_tool_tray__image_45_jpg.rf.10569640275ba69ab53bdb876a848126__a24c717ff9.jpg,0,2,0,source_annotation_pending_spot_check
stresstest_tool_tray,train,stresstest_tool_tray__image_46_jpg.rf.3f8a41908a0769c83cb7eeb12cc8b080__4f103d1635.jpg,1,0,0,source_annotation_pending_spot_check
stresstest_tool_tray,train,stresstest_tool_tray__image_47_jpg.rf.0aaa82f412c5fc6791635d61f7dee8fd__6d96a00ddb.jpg,1,0,0,source_annotation_pending_spot_check
stresstest_tool_tray,train,stresstest_tool_tray__image_48_jpg.rf.64f258b455715e2ed48603c5939ceee6__9587b76fb9.jpg,0,1,0,source_annotation_pending_spot_check
stresstest_tool_tray,train,stresstest_tool_tray__image_49_jpg.rf.26efc9a839a9fbe890b0a777124a9872__c5624a0edf.jpg,0,1,0,source_annotation_pending_spot_check
stresstest_tool_tray,train,stresstest_tool_tray__image_51_jpg.rf.31c011f32b7c2bb91c8a3137504eeaae__5f19191b62.jpg,1,0,0,source_annotation_pending_spot_check
stresstest_tool_tray,train,stresstest_tool_tray__image_53_jpg.rf.0a74241e3f8e835b0e7514a78d4c9d45__65a7584de4.jpg,1,0,0,source_annotation_pending_spot_check
stresstest_tool_tray,train,stresstest_tool_tray__image_54_jpg.rf.1b639f1c91c4179350dfffbcb0c4f312__f4e53024c5.jpg,0,1,0,source_annotation_pending_spot_check
stresstest_tool_tray,train,stresstest_tool_tray__image_55_jpg.rf.061b44ae30a81ec667e9b31cf0a8db20__ff44457c8e.jpg,1,0,0,source_annotation_pending_spot_check
stresstest_tool_tray,train,stresstest_tool_tray__image_56_jpg.rf.9392c20333a65f8382d0ca50ea344411__64c4bbae48.jpg,0,1,0,source_annotation_pending_spot_check
stresstest_tool_tray,train,stresstest_tool_tray__image_57_jpg.rf.39fab9dd8a70e76d2c7ce5a24f435a15__893bc93ebd.jpg,0,1,0,source_annotation_pending_spot_check
stresstest_tool_tray,train,stresstest_tool_tray__image_58_jpg.rf.13c59b782a196cf012f49e431fcc22d3__110fa034ba.jpg,0,1,0,source_annotation_pending_spot_check
stresstest_tool_tray,train,stresstest_tool_tray__image_59_jpg.rf.2b9fd1916e9e07db012fa7b2a58d76d4__98a5994405.jpg,1,0,0,source_annotation_pending_spot_check
stresstest_tool_tray,train,stresstest_tool_tray__image_61_jpg.rf.17560b946ce8adc722fc46fa12f53bf8__2b9785667c.jpg,0,1,0,source_annotation_pending_spot_check
stresstest_tool_tray,train,stresstest_tool_tray__image_62_jpg.rf.4421de4a7685148a64732adb44509778__ecd711fee1.jpg,0,1,0,source_annotation_pending_spot_check
stresstest_tool_tray,train,stresstest_tool_tray__image_63_jpg.rf.2fb6d84db82bde4588076a52a7287833__9fcb6dd251.jpg,1,0,0,source_annotation_pending_spot_check
stresstest_tool_tray,train,stresstest_tool_tray__image_64_jpg.rf.34ef6832aa372293b31d13b6f6f4186b__9f52e6ae1b.jpg,1,0,0,source_annotation_pending_spot_check
stresstest_tool_tray,train,stresstest_tool_tray__image_65_jpg.rf.15a2c305f139ae68fb6787449b8969c2__79028c8140.jpg,0,2,0,source_annotation_pending_spot_check
stresstest_tool_tray,train,stresstest_tool_tray__image_67_jpg.rf.8b2955d48e9887d505269273a6feb5f2__a7798f541a.jpg,1,0,0,source_annotation_pending_spot_check
stresstest_tool_tray,train,stresstest_tool_tray__image_69_jpg.rf.1e78e6a84268f80d2a3e3946e8ef6685__3be4a6a1e0.jpg,0,1,0,source_annotation_pending_spot_check
stresstest_tool_tray,train,stresstest_tool_tray__image_71_jpg.rf.151c9c22acdee206c23f13337529aabf__db851ae997.jpg,2,0,0,source_annotation_pending_spot_check
stresstest_tool_tray,train,stresstest_tool_tray__image_72_jpg.rf.4efa98dd55b1d53d5be917b7c6359c96__cab6407c7f.jpg,0,1,0,source_annotation_pending_spot_check
stresstest_tool_tray,train,stresstest_tool_tray__image_73_jpg.rf.0feb48f52df5881683b25b36d0e1e615__5b2ec6b839.jpg,1,0,0,source_annotation_pending_spot_check
stresstest_tool_tray,train,stresstest_tool_tray__image_jpeg.rf.2a743d897b7e905c52f55ae27d78cc0d__65f6e490ee.jpg,0,1,0,source_annotation_pending_spot_check
stresstest_tool_tray,train,stresstest_tool_tray__images101_jpg.rf.5dfdfebc0ceae10786107fd3d79579d4__b3d23591e6.jpg,0,1,0,source_annotation_pending_spot_check
stresstest_tool_tray,train,stresstest_tool_tray__images103_jpg.rf.03f8ef00cefae45d9a9219e7e794d0b4__64cec7940c.jpg,0,3,0,source_annotation_pending_spot_check
stresstest_tool_tray,train,stresstest_tool_tray__images104_jpg.rf.b54abad772c2bebf8e24c4065894b24a__d47e051340.jpg,0,1,0,source_annotation_pending_spot_check
stresstest_tool_tray,train,stresstest_tool_tray__images105_jpg.rf.0de63ca52b08ce1eb8573fa4a5eee53f__230dc4d54b.jpg,0,1,0,source_annotation_pending_spot_check
stresstest_tool_tray,train,stresstest_tool_tray__images107_jpg.rf.30d65266414f8d33fa3adb6a6557e283__2c1013d9cc.jpg,0,1,0,source_annotation_pending_spot_check
stresstest_tool_tray,train,stresstest_tool_tray__images108_jpg.rf.0e11ebaab211eafe7fd80f55b2901a32__2cc9a22d5a.jpg,0,2,0,source_annotation_pending_spot_check
stresstest_tool_tray,train,stresstest_tool_tray__images111_jpg.rf.43c14770dbf096f968cdf5b08618222e__6e44c590c4.jpg,0,1,0,source_annotation_pending_spot_check
stresstest_tool_tray,train,stresstest_tool_tray__images112_jpg.rf.576c2b89b8463b9dc711638a643c7ed4__9d604869db.jpg,0,1,0,source_annotation_pending_spot_check
stresstest_tool_tray,train,stresstest_tool_tray__images113_jpg.rf.1f9811d99e212cb3564066685850600d__ef64a02f53.jpg,0,1,0,source_annotation_pending_spot_check
stresstest_tool_tray,train,stresstest_tool_tray__images116_jpg.rf.3bfde3f678efcaca3cfc43df3d43a94a__0c3ea43554.jpg,0,2,0,source_annotation_pending_spot_check
stresstest_tool_tray,train,stresstest_tool_tray__images117_jpg.rf.109a3e7802866519498f08b10d073ba6__58bf17a01b.jpg,0,2,0,source_annotation_pending_spot_check
stresstest_tool_tray,train,stresstest_tool_tray__images118_jpg.rf.67049f60810971006889e3f74b17c059__f144911578.jpg,0,1,0,source_annotation_pending_spot_check
stresstest_tool_tray,train,stresstest_tool_tray__images119_jpg.rf.2781d40ec4ed4d5b28d79b24d157a8a1__1f7107871a.jpg,0,1,0,source_annotation_pending_spot_check
stresstest_tool_tray,train,stresstest_tool_tray__images11_jpg.rf.24ee975e313ad29cdc752ce69b1b1d48__a4a4a651eb.jpg,1,0,0,source_annotation_pending_spot_check
stresstest_tool_tray,train,stresstest_tool_tray__images120_jpg.rf.38ce30f892776254c700e0bdbcb1d31a__2dbbd55b87.jpg,0,1,0,source_annotation_pending_spot_check
stresstest_tool_tray,train,stresstest_tool_tray__images121_jpg.rf.1062fa232c9d4c5884aba75d7ec6e9b6__b23e37d2b3.jpg,0,1,0,source_annotation_pending_spot_check
stresstest_tool_tray,train,stresstest_tool_tray__images122_jpg.rf.42e73c13b049092a310c1234ab26a6df__f909ee6545.jpg,0,1,0,source_annotation_pending_spot_check
stresstest_tool_tray,train,stresstest_tool_tray__images123_jpg.rf.320b21d81412641f5f119b0c1af036fd__a2ffe2e7bf.jpg,0,1,0,source_annotation_pending_spot_check
stresstest_tool_tray,train,stresstest_tool_tray__images125_jpg.rf.1c3614c77434b54842c4f310ef62a0df__0bd93d4a2f.jpg,0,1,0,source_annotation_pending_spot_check
stresstest_tool_tray,train,stresstest_tool_tray__images126_jpg.rf.110b6fc79722a888a0406e7073c07282__ef93f75388.jpg,0,2,0,source_annotation_pending_spot_check
stresstest_tool_tray,train,stresstest_tool_tray__images128_jpg.rf.21816af6247ab760a3b3a131ff9793dd__bcf594a3b2.jpg,0,1,0,source_annotation_pending_spot_check
stresstest_tool_tray,train,stresstest_tool_tray__images12_jpg.rf.11cdb2926e15fc511de413966c393fe2__56c74d87d8.jpg,0,1,0,source_annotation_pending_spot_check
stresstest_tool_tray,train,stresstest_tool_tray__images130_jpg.rf.3e757125aa28dc7f8615b28c6007652b__a1d4b4aa5a.jpg,0,1,0,source_annotation_pending_spot_check
stresstest_tool_tray,train,stresstest_tool_tray__images131_jpg.rf.2ac8e0a9f39d07d2d4aeb7b28bcff15f__737cf0abff.jpg,0,1,0,source_annotation_pending_spot_check
stresstest_tool_tray,train,stresstest_tool_tray__images133_jpg.rf.58e0e2dcf702ce32f7fbd720d3da9468__1810cf4a33.jpg,0,1,0,source_annotation_pending_spot_check
stresstest_tool_tray,train,stresstest_tool_tray__images136_jpg.rf.c46658fe5aca8195f5514ff91f5e51ca__748ec3a784.jpg,0,1,0,source_annotation_pending_spot_check
stresstest_tool_tray,train,stresstest_tool_tray__images138_jpg.rf.5c08875b592187243366afb19dffe5eb__9ca545d68d.jpg,0,1,0,source_annotation_pending_spot_check
stresstest_tool_tray,train,stresstest_tool_tray__images13_jpg.rf.16bee9f788e0a2008f09ceaddca74dc0__e3a7866a23.jpg,0,1,0,source_annotation_pending_spot_check
stresstest_tool_tray,train,stresstest_tool_tray__images141_jpg.rf.1a53b005f6e32a5f9a461617537d5d18__ff25b78dbf.jpg,0,4,0,source_annotation_pending_spot_check
stresstest_tool_tray,train,stresstest_tool_tray__images144_jpg.rf.54a33bc5c7484b4769c060fff3a56279__1e4d3bd24e.jpg,0,1,0,source_annotation_pending_spot_check
stresstest_tool_tray,train,stresstest_tool_tray__images145_jpg.rf.07af20f45b7237d45e7d20c18d89ae4b__f5251241b3.jpg,0,1,0,source_annotation_pending_spot_check
stresstest_tool_tray,train,stresstest_tool_tray__images149_jpg.rf.6f804e5c3967dcc57885b3c8f3f9d801__41c0022cdf.jpg,0,7,0,source_annotation_pending_spot_check
stresstest_tool_tray,train,stresstest_tool_tray__images14_jpg.rf.76a05221cc5589599f5686e61fc24a22__c1d5077884.jpg,0,1,0,source_annotation_pending_spot_check
stresstest_tool_tray,train,stresstest_tool_tray__images150_jpg.rf.620a7286800e65fc9540e3c549dbad58__4f26c88e64.jpg,0,1,0,source_annotation_pending_spot_check
stresstest_tool_tray,train,stresstest_tool_tray__images154_jpg.rf.0f301d7bb2dc5fdb17a9d9d4d08ba36e__f360ff5813.jpg,0,1,0,source_annotation_pending_spot_check
stresstest_tool_tray,train,stresstest_tool_tray__images15_jpg.rf.1e00f45aeec45a95e1921a02390f684c__0300a5e1db.jpg,1,0,0,source_annotation_pending_spot_check
stresstest_tool_tray,train,stresstest_tool_tray__images160_jpg.rf.2003e237228975075e7993cd766f61d8__0a9af34549.jpg,0,3,0,source_annotation_pending_spot_check
stresstest_tool_tray,train,stresstest_tool_tray__images161_jpg.rf.4de2097c074254ba8ab09e9736821890__6141b7583d.jpg,0,1,0,source_annotation_pending_spot_check
stresstest_tool_tray,train,stresstest_tool_tray__images162_jpg.rf.2201be8c16a729c24e4670b283a11865__a59b931b7a.jpg,0,1,0,source_annotation_pending_spot_check
stresstest_tool_tray,train,stresstest_tool_tray__images165_jpg.rf.b211536da0fb575f4cd428ad06a31497__a486819991.jpg,0,2,0,source_annotation_pending_spot_check
stresstest_tool_tray,train,stresstest_tool_tray__images167_jpg.rf.0278d64794dc9518e720ad8680b3fb25__d037c70bbf.jpg,0,2,0,source_annotation_pending_spot_check
stresstest_tool_tray,train,stresstest_tool_tray__images16_jpg.rf.167b3692b475ddf360f3172a05aca978__6a09a6ed23.jpg,0,2,0,source_annotation_pending_spot_check
stresstest_tool_tray,train,stresstest_tool_tray__images171_jpg.rf.69873c7a649ae5513f1e23cbf2357cf0__64ea98f7a1.jpg,0,1,0,source_annotation_pending_spot_check
stresstest_tool_tray,train,stresstest_tool_tray__images172_jpg.rf.154728b50d69bf73f8e692ba12b414b8__24e2da7a85.jpg,0,1,0,source_annotation_pending_spot_check
stresstest_tool_tray,train,stresstest_tool_tray__images175_jpg.rf.ca93c8d71396ffe7d87de2dd422f01de__901442b2a9.jpg,0,2,0,source_annotation_pending_spot_check
stresstest_tool_tray,train,stresstest_tool_tray__images17_jpg.rf.2f703fb889d84361a4270fb8fefd0c57__8994b7902a.jpg,0,1,0,source_annotation_pending_spot_check
stresstest_tool_tray,train,stresstest_tool_tray__images180_jpg.rf.7b598d577cca534f6e3c653557221809__6a83fa2100.jpg,0,1,0,source_annotation_pending_spot_check
stresstest_tool_tray,train,stresstest_tool_tray__images181_jpg.rf.3fa6d6ff96f4a7e81ecb7009d2c1de7b__adccfec15f.jpg,0,1,0,source_annotation_pending_spot_check
stresstest_tool_tray,train,stresstest_tool_tray__images182_jpg.rf.0a781a185dfd738eff4e401bebe65136__0d1ab82280.jpg,0,1,0,source_annotation_pending_spot_check
stresstest_tool_tray,train,stresstest_tool_tray__images189_jpg.rf.c66a1650e93b4cb244273abfd8ed84dc__dfb280087b.jpg,0,1,0,source_annotation_pending_spot_check
stresstest_tool_tray,train,stresstest_tool_tray__images195_jpg.rf.3624e969b245502bf9365fa4a8970943__406aad025c.jpg,0,1,0,source_annotation_pending_spot_check
stresstest_tool_tray,train,stresstest_tool_tray__images198_jpg.rf.219fa1f1c2fc84bc615913bc751f18ad__0031d6566c.jpg,0,1,0,source_annotation_pending_spot_check
stresstest_tool_tray,train,stresstest_tool_tray__images19_jpg.rf.1ccc66d02ac013f1f8364fc6c2630d05__9f7050f90f.jpg,1,1,0,source_annotation_pending_spot_check
stresstest_tool_tray,train,stresstest_tool_tray__images200_jpg.rf.3adb9ef2a0f12a2f8c45f188fecfebac__9c48d50066.jpg,0,1,0,source_annotation_pending_spot_check
stresstest_tool_tray,train,stresstest_tool_tray__images203_jpg.rf.9b54052fb620ec46c68c3918eb137901__9843b0de4b.jpg,0,1,0,source_annotation_pending_spot_check
stresstest_tool_tray,train,stresstest_tool_tray__images207_jpg.rf.b22914509f257c17e804650795454f62__141cfc72a0.jpg,0,1,0,source_annotation_pending_spot_check
stresstest_tool_tray,train,stresstest_tool_tray__images20_jpg.rf.5324a464cfd450775773cc6c87610039__84207c46c8.jpg,0,1,0,source_annotation_pending_spot_check
stresstest_tool_tray,train,stresstest_tool_tray__images212_jpg.rf.634c6b3adf54ac14b6b776e137513e63__b78b7cdcbb.jpg,0,2,0,source_annotation_pending_spot_check
stresstest_tool_tray,train,stresstest_tool_tray__images213_jpg.rf.38729d8036314be3c186d13e1e87750f__60f54fb12e.jpg,0,1,0,source_annotation_pending_spot_check
stresstest_tool_tray,train,stresstest_tool_tray__images214_jpg.rf.72cded67a70f32c723038d1f2ea1de07__a56390ead7.jpg,0,1,0,source_annotation_pending_spot_check
stresstest_tool_tray,train,stresstest_tool_tray__images215_jpg.rf.445e77484d0828888d090681ea4ffd84__428b95356f.jpg,0,1,0,source_annotation_pending_spot_check
stresstest_tool_tray,train,stresstest_tool_tray__images21_jpg.rf.0b2c2a5798864fce4fcad515cc339926__19f53be8f1.jpg,0,2,0,source_annotation_pending_spot_check
stresstest_tool_tray,train,stresstest_tool_tray__images23_jpg.rf.17689e0f8be1427c0ccfa88a4fe14df9__49e4e6ec6e.jpg,1,1,0,source_annotation_pending_spot_check
stresstest_tool_tray,train,stresstest_tool_tray__images24_jpg.rf.22fa8df4725005f858b5f0a4b0c408b1__741ff6c7ff.jpg,0,2,0,source_annotation_pending_spot_check
stresstest_tool_tray,valid,stresstest_tool_tray__images25_jpg.rf.55ff18b6823e1a55e53ad59afc879734__70cf7d17e6.jpg,0,2,0,source_annotation_pending_spot_check
stresstest_tool_tray,train,stresstest_tool_tray__images26_jpg.rf.1511e5ec66e67fdb40719d181a789c5d__d0c271a69d.jpg,0,1,0,source_annotation_pending_spot_check
stresstest_tool_tray,test,stresstest_tool_tray__images28_jpg.rf.0277ec9fe75c3eda2c5518f886c78dca__6f8ab0ca3b.jpg,1,1,0,source_annotation_pending_spot_check
stresstest_tool_tray,train,stresstest_tool_tray__images29_jpg.rf.221cdcc7486a49e7e6004dcd444ed96b__916cb05e80.jpg,0,1,0,source_annotation_pending_spot_check
stresstest_tool_tray,train,stresstest_tool_tray__images2_jpg.rf.5f50e0aafb1fcb02fdbddf01ae333164__58364480ea.jpg,0,18,0,source_annotation_pending_spot_check
stresstest_tool_tray,train,stresstest_tool_tray__images30_jpg.rf.565f7f0c57d7d22fab7c0daab02c1784__c414e76d8b.jpg,5,4,0,source_annotation_pending_spot_check
stresstest_tool_tray,train,stresstest_tool_tray__images33_jpg.rf.4850fe31871f8be44bdf16c5c81e4e08__fbac2c3ef1.jpg,0,1,0,source_annotation_pending_spot_check
stresstest_tool_tray,train,stresstest_tool_tray__images34_jpg.rf.43dad44bcff59b88f56a3faf5ecd03b3__cb7410d4d9.jpg,0,3,0,source_annotation_pending_spot_check
stresstest_tool_tray,train,stresstest_tool_tray__images37_jpg.rf.2bb099ef0528167fd382d6cef128c816__9c6088b7ec.jpg,0,2,0,source_annotation_pending_spot_check
stresstest_tool_tray,train,stresstest_tool_tray__images38_jpg.rf.2c7e65374153dc249d4d953c83e54884__7e4b245a75.jpg,0,1,0,source_annotation_pending_spot_check
stresstest_tool_tray,train,stresstest_tool_tray__images39_jpg.rf.5184a16166b32eed1d5a0b778a8c105a__810fd039a3.jpg,0,2,0,source_annotation_pending_spot_check
stresstest_tool_tray,train,stresstest_tool_tray__images3_jpg.rf.16fd85a71c84392b546d911e1424f05f__c1612c7f36.jpg,0,1,0,source_annotation_pending_spot_check
stresstest_tool_tray,train,stresstest_tool_tray__images40_jpg.rf.025dcbab790fb17022bc0ed6cd387de9__850435ab5b.jpg,0,1,0,source_annotation_pending_spot_check
stresstest_tool_tray,train,stresstest_tool_tray__images43_jpg.rf.08d30f7c9a9a4f1772a84669ea71b75d__7a5737327f.jpg,0,1,0,source_annotation_pending_spot_check
stresstest_tool_tray,train,stresstest_tool_tray__images44_jpg.rf.14be8902c88febb29fa544de97098943__07d71f29de.jpg,0,1,0,source_annotation_pending_spot_check
stresstest_tool_tray,train,stresstest_tool_tray__images45_jpg.rf.41492b38745b3d35cc4d570b3ee52535__989ee8740f.jpg,0,2,0,source_annotation_pending_spot_check
stresstest_tool_tray,train,stresstest_tool_tray__images46_jpg.rf.18dd2684eb4b8b8965e93f800dbf2832__4a106b4e29.jpg,0,2,0,source_annotation_pending_spot_check
stresstest_tool_tray,train,stresstest_tool_tray__images48_jpg.rf.0cd636c8a765483d6147ab3d24a2848d__381e661407.jpg,0,1,0,source_annotation_pending_spot_check
stresstest_tool_tray,train,stresstest_tool_tray__images4_jpg.rf.02c4ac1c332cbd25389c09ef58b867db__a094bea2e9.jpg,1,0,0,source_annotation_pending_spot_check
stresstest_tool_tray,train,stresstest_tool_tray__images50_jpg.rf.191c1807c750aed77bcdfd0b332225b1__d82fbcfc1a.jpg,0,1,0,source_annotation_pending_spot_check
stresstest_tool_tray,train,stresstest_tool_tray__images53_jpg.rf.5c1acf9254fba69351dc2504cb313f79__e4a100d123.jpg,0,1,0,source_annotation_pending_spot_check
stresstest_tool_tray,train,stresstest_tool_tray__images54_jpg.rf.2c6778038706f91cba1b11c41ead9019__bfc34d5642.jpg,0,1,0,source_annotation_pending_spot_check
stresstest_tool_tray,train,stresstest_tool_tray__images55_jpg.rf.230e5521d110740aa26bde57dd832155__32c126e818.jpg,0,2,0,source_annotation_pending_spot_check
stresstest_tool_tray,train,stresstest_tool_tray__images57_jpg.rf.1f1676d21b31a4541450204dca31c663__53c64104b6.jpg,0,1,0,source_annotation_pending_spot_check
stresstest_tool_tray,train,stresstest_tool_tray__images58_jpg.rf.12ac141cfc46776228ac533d90bcc200__4fb8687422.jpg,0,1,0,source_annotation_pending_spot_check
stresstest_tool_tray,train,stresstest_tool_tray__images5_jpg.rf.0b407d34208510748bdb4a55a0cbeafe__6111008386.jpg,0,1,0,source_annotation_pending_spot_check
stresstest_tool_tray,train,stresstest_tool_tray__images60_jpg.rf.04ac30b05baa74b13fd33114848ffdde__7a6972190a.jpg,0,1,0,source_annotation_pending_spot_check
stresstest_tool_tray,train,stresstest_tool_tray__images61_jpg.rf.332eab6dd6be58791d282ee6781366c8__93a1e7bfb1.jpg,0,1,0,source_annotation_pending_spot_check
stresstest_tool_tray,train,stresstest_tool_tray__images62_jpg.rf.57b079ac49a214a57f3a402115c9272b__7b66c9769a.jpg,0,1,0,source_annotation_pending_spot_check
stresstest_tool_tray,train,stresstest_tool_tray__images63_jpg.rf.16719ab46a9458955780487d096181e2__85e483371e.jpg,0,1,0,source_annotation_pending_spot_check
stresstest_tool_tray,train,stresstest_tool_tray__images64_jpg.rf.99fd8224dffd647edffa9ba5904171b1__a2e3c8a147.jpg,0,1,0,source_annotation_pending_spot_check
stresstest_tool_tray,train,stresstest_tool_tray__images68_jpg.rf.299449cd1f82501a9d5d1757867d7b42__76bf6b36d4.jpg,0,1,0,source_annotation_pending_spot_check
stresstest_tool_tray,train,stresstest_tool_tray__images69_jpg.rf.ac998117b07592fc840c3f74a86a9dfe__4692719ada.jpg,0,1,0,source_annotation_pending_spot_check
stresstest_tool_tray,train,stresstest_tool_tray__images6_jpg.rf.0f6289afe537e62661afb10d316d8675__1e0f93b8a4.jpg,0,1,0,source_annotation_pending_spot_check
stresstest_tool_tray,train,stresstest_tool_tray__images70_jpg.rf.10aab0a4922d806e41d833fb16e1a858__2eb0f2ecd4.jpg,0,1,0,source_annotation_pending_spot_check
stresstest_tool_tray,train,stresstest_tool_tray__images71_jpg.rf.854f1cb12968b11d26164d592bb1b58a__4f2af1e4a8.jpg,0,1,0,source_annotation_pending_spot_check
stresstest_tool_tray,train,stresstest_tool_tray__images74_jpg.rf.03d85ab6f7b7901ec72ff302d1ad3afd__ea487c2274.jpg,0,1,0,source_annotation_pending_spot_check
stresstest_tool_tray,train,stresstest_tool_tray__images75_jpg.rf.806841dbbf32cc38468a2c25aa9faa18__6d589ac93f.jpg,0,1,0,source_annotation_pending_spot_check
stresstest_tool_tray,train,stresstest_tool_tray__images77_jpg.rf.1a6ed41a26ca8fa42d65008b7d4eb4ff__b99f50323f.jpg,0,1,0,source_annotation_pending_spot_check
stresstest_tool_tray,valid,stresstest_tool_tray__images78_jpg.rf.45b3b44d2f329000fbabef76d77c0218__21807c4744.jpg,0,1,0,source_annotation_pending_spot_check
stresstest_tool_tray,test,stresstest_tool_tray__images7_jpg.rf.25a93fd5cb462e50bda03a23c1304896__5e8cb32809.jpg,0,1,0,source_annotation_pending_spot_check
stresstest_tool_tray,train,stresstest_tool_tray__images80_jpg.rf.330c887674ecd84a4c5843c6aefe34ed__8558e6afe6.jpg,0,1,0,source_annotation_pending_spot_check
stresstest_tool_tray,train,stresstest_tool_tray__images81_jpg.rf.33e906fc5bd5917d085a7d15969d2b56__40234ab07b.jpg,0,1,0,source_annotation_pending_spot_check
stresstest_tool_tray,train,stresstest_tool_tray__images82_jpg.rf.1a69947cb598628104c4f60a30c88b29__fc699e178d.jpg,0,1,0,source_annotation_pending_spot_check
stresstest_tool_tray,train,stresstest_tool_tray__images88_jpg.rf.268241abcbc534e3c0551e6ff087dfe0__255fd62c73.jpg,0,1,0,source_annotation_pending_spot_check
stresstest_tool_tray,train,stresstest_tool_tray__images8_jpg.rf.27867eb5d9f8f797e05e3fc5e0226891__7319371872.jpg,0,1,0,source_annotation_pending_spot_check
stresstest_tool_tray,train,stresstest_tool_tray__images91_jpg.rf.83fba2f8e19ad8e21924172d588ae4cd__c7714400de.jpg,0,1,0,source_annotation_pending_spot_check
stresstest_tool_tray,train,stresstest_tool_tray__images9_jpg.rf.4cf3efff08140332917f04b2e97d771a__457023524f.jpg,0,1,0,source_annotation_pending_spot_check
stresstest_tool_tray,train,stresstest_tool_tray__images_jpg.rf.76d646864d74a0bcc85d3e784bb5645a__f99cd28f26.jpg,1,0,0,source_annotation_pending_spot_check
stresstest_tool_tray,train,stresstest_tool_tray__images_png_jpg.rf.1a9f5eee45b26175877996c7cdfe55fd__f7a3ea86a7.jpg,1,0,0,source_annotation_pending_spot_check
stresstest_tool_tray,train,stresstest_tool_tray__IMG_0431_jpg.rf.30007e07190052051f2c7786ce02be26__ca9de3bee6.jpg,4,0,0,source_annotation_pending_spot_check
stresstest_tool_tray,train,stresstest_tool_tray__IMG_0432_jpg.rf.687d6bcbba482f8c7c0bf4622c9d88bd__ba1cf590cc.jpg,2,0,0,source_annotation_pending_spot_check
stresstest_tool_tray,train,stresstest_tool_tray__IMG_0433_jpg.rf.17f3734efa7be1251c18ed0c0cafaa40__d099d4dcc8.jpg,7,0,0,source_annotation_pending_spot_check
stresstest_tool_tray,train,stresstest_tool_tray__IMG_0434_jpg.rf.be95ae1c7871df1b24c3c95a2ed02952__4e906426da.jpg,3,0,0,source_annotation_pending_spot_check
stresstest_tool_tray,train,stresstest_tool_tray__IMG_0435_jpg.rf.1156eb681326a56f760ce41bb723f553__3d51e483a1.jpg,6,0,0,source_annotation_pending_spot_check
stresstest_tool_tray,train,stresstest_tool_tray__IMG_0436_jpg.rf.3e32dcffe156baaa585ba24956d08b96__218d302939.jpg,3,0,0,source_annotation_pending_spot_check
stresstest_tool_tray,train,stresstest_tool_tray__IMG_0438_jpg.rf.240faa7847afa477c3c4d385646ee26d__967c34c30f.jpg,8,0,0,source_annotation_pending_spot_check
stresstest_tool_tray,train,stresstest_tool_tray__IMG_0439_jpg.rf.9a3943484feafd0a36e04cf8df792d2f__e29126e27f.jpg,8,0,0,source_annotation_pending_spot_check
stresstest_tool_tray,train,stresstest_tool_tray__IMG_0440_jpg.rf.478d70da7e89fc4db13200f3624daaea__f4ded265d9.jpg,6,0,0,source_annotation_pending_spot_check
stresstest_tool_tray,train,stresstest_tool_tray__IMG_0441_jpg.rf.8dd7a5ed8317cdd62bd6659664d1550f__85cfe0ccc5.jpg,1,0,0,source_annotation_pending_spot_check
stresstest_tool_tray,train,stresstest_tool_tray__IMG_0442_jpg.rf.5f616747c1e28bd57c94ee80122bd06d__035fa04906.jpg,1,0,0,source_annotation_pending_spot_check
stresstest_tool_tray,train,stresstest_tool_tray__IMG_0444_jpg.rf.7ae356ea751e54d888fb714aa247b002__54a9ca3658.jpg,3,0,0,source_annotation_pending_spot_check
stresstest_tool_tray,train,stresstest_tool_tray__IMG_0445_jpg.rf.47b60e71fd865f8370a1340b02392c4f__cac26d5bce.jpg,4,0,0,source_annotation_pending_spot_check
stresstest_tool_tray,train,stresstest_tool_tray__IMG_0446_jpg.rf.0dbb6483d80eecbe6a382ccea895d028__342de56705.jpg,5,0,0,source_annotation_pending_spot_check
stresstest_tool_tray,train,stresstest_tool_tray__IMG_0447_jpg.rf.5fb95b5b86679c84c012ce7e6ade3f5e__0016c99a5f.jpg,6,0,0,source_annotation_pending_spot_check
stresstest_tool_tray,train,stresstest_tool_tray__IMG_0449_jpg.rf.86931130035b894c185ced10a1847621__5bfa6db543.jpg,8,0,0,source_annotation_pending_spot_check
stresstest_tool_tray,train,stresstest_tool_tray__IMG_0451_jpg.rf.5674ee29d05ebf63825f0fb421f3def3__8c14c05980.jpg,1,0,0,source_annotation_pending_spot_check
stresstest_tool_tray,train,stresstest_tool_tray__IMG_0452_jpg.rf.98616dd3affd411dae0000f80aed1baf__982552793e.jpg,3,0,0,source_annotation_pending_spot_check
stresstest_tool_tray,train,stresstest_tool_tray__IMG_0453_jpg.rf.0ca5ebd02360039b6aa17f1e5bcb67a5__5562502bd8.jpg,5,0,0,source_annotation_pending_spot_check
stresstest_tool_tray,train,stresstest_tool_tray__IMG_0454_jpg.rf.078246ec12f1faaa6d5cb6995dfed5d4__4800c643a2.jpg,10,0,0,source_annotation_pending_spot_check
stresstest_tool_tray,train,stresstest_tool_tray__IMG_0455_jpg.rf.99ef3e97283d819b5473ae5414ceaab4__bfbcc13902.jpg,0,5,0,source_annotation_pending_spot_check
stresstest_tool_tray,train,stresstest_tool_tray__IMG_0456_jpg.rf.2794802d275697d2c46a659c86af3c4f__13e0d8d55f.jpg,0,3,0,source_annotation_pending_spot_check
stresstest_tool_tray,train,stresstest_tool_tray__IMG_0458_jpg.rf.b85730a58d005ae7c2408f91d5a1b035__f14f56f951.jpg,0,5,0,source_annotation_pending_spot_check
stresstest_tool_tray,train,stresstest_tool_tray__IMG_0459_jpg.rf.03f99c1e4c87f9ea0e1d136d5f0c4a4c__4e72f0ba59.jpg,0,1,0,source_annotation_pending_spot_check
stresstest_tool_tray,train,stresstest_tool_tray__IMG_0460_jpg.rf.4af7b890fef42d4a750c6a5ec89e0393__ca26a86ced.jpg,0,2,0,source_annotation_pending_spot_check
stresstest_tool_tray,train,stresstest_tool_tray__IMG_0461_jpg.rf.21f945d17853157cd1b8a455d8456ba1__96f91b3d65.jpg,0,5,0,source_annotation_pending_spot_check
stresstest_tool_tray,train,stresstest_tool_tray__IMG_0463_jpg.rf.2a4cf461f59796c982578fd5f9971fcd__301588f763.jpg,0,1,0,source_annotation_pending_spot_check
stresstest_tool_tray,train,stresstest_tool_tray__IMG_0464_jpg.rf.2c880c7120513643d25e759e28f32bff__b34aa3bd92.jpg,0,3,0,source_annotation_pending_spot_check
stresstest_tool_tray,train,stresstest_tool_tray__IMG_0465_jpg.rf.1a9343d40ef2b8f6000c3a1aafc4acd0__2cb70cfaf3.jpg,0,2,0,source_annotation_pending_spot_check
stresstest_tool_tray,train,stresstest_tool_tray__IMG_0469_jpg.rf.1ca24dc5715245de1d8a2e30a687cdbf__c30ea70992.jpg,0,4,0,source_annotation_pending_spot_check
stresstest_tool_tray,train,stresstest_tool_tray__IMG_0470_jpg.rf.2c90fce7d44a0fb6b946b44c7c572ceb__ec3595938f.jpg,0,5,0,source_annotation_pending_spot_check
stresstest_tool_tray,train,stresstest_tool_tray__IMG_0472_jpg.rf.1b5be8a2c8b8f5ba239efe5620226974__21df282c8a.jpg,0,5,0,source_annotation_pending_spot_check
stresstest_tool_tray,train,stresstest_tool_tray__IMG_0473_jpg.rf.af14c8630e59091a9a2cd085c7832de5__eb7d323ea1.jpg,0,3,0,source_annotation_pending_spot_check
stresstest_tool_tray,train,stresstest_tool_tray__IMG_0474_jpg.rf.1e116f07943422df5e2f39118de54be3__c5de5f69b6.jpg,0,1,0,source_annotation_pending_spot_check
stresstest_tool_tray,train,stresstest_tool_tray__IMG_9814_jpg.rf.9a1c52f44abe3011116251e350f8ca49__288a7a1410.jpg,0,0,14,source_annotation_pending_spot_check
stresstest_tool_tray,train,stresstest_tool_tray__IMG_9815_jpg.rf.08c47d276b8ad10fe1163b7e4e8f468b__90c00d8667.jpg,0,0,14,source_annotation_pending_spot_check
stresstest_tool_tray,train,stresstest_tool_tray__IMG_9817_jpg.rf.600c99f17088fff0232d03e8e29e436c__5c4d527fa5.jpg,0,0,14,source_annotation_pending_spot_check
stresstest_tool_tray,train,stresstest_tool_tray__IMG_9819_jpg.rf.a8e7b838ac8df5bbecee1f6c809d6111__b41d99d6cb.jpg,0,0,14,source_annotation_pending_spot_check
stresstest_tool_tray,train,stresstest_tool_tray__IMG_9820_jpg.rf.1ed1777441ccca9f254fbd3220323525__38d2a825c4.jpg,0,0,14,source_annotation_pending_spot_check
stresstest_tool_tray,train,stresstest_tool_tray__IMG_9822_jpg.rf.27533ce12d021cf73290b1e3d0caed40__8c322d90f4.jpg,0,0,14,source_annotation_pending_spot_check
stresstest_tool_tray,train,stresstest_tool_tray__IMG_9823_jpg.rf.8d3daf7e68e8724e9054e2903e192981__0563463ab0.jpg,0,0,14,source_annotation_pending_spot_check
stresstest_tool_tray,train,stresstest_tool_tray__IMG_9866_jpg.rf.1cefb210806b980b8126fedaf908c83f__caedb4a690.jpg,0,0,2,source_annotation_pending_spot_check
stresstest_tool_tray,train,stresstest_tool_tray__IMG_9867_jpg.rf.2782d6536c4331d04245f65a9088af79__e4ef6349b4.jpg,0,0,2,source_annotation_pending_spot_check
stresstest_tool_tray,train,stresstest_tool_tray__IMG_9870_jpg.rf.6237130c74038c160eb347044d1d77d8__a02a85e662.jpg,0,0,2,source_annotation_pending_spot_check
stresstest_tool_tray,train,stresstest_tool_tray__IMG_9871_jpg.rf.5cc55d796d2318290a6d6102868be666__0f7dff3835.jpg,0,0,2,source_annotation_pending_spot_check
stresstest_tool_tray,train,stresstest_tool_tray__IMG_9872_jpg.rf.4d1182569777b997091f8d91df689b03__7d3cfe0463.jpg,0,0,2,source_annotation_pending_spot_check
stresstest_tool_tray,train,stresstest_tool_tray__IMG_9873_jpg.rf.b90a81156c68c4d58a0a25ca8bdba146__981e0978b1.jpg,0,0,2,source_annotation_pending_spot_check
stresstest_tool_tray,train,stresstest_tool_tray__IMG_9874_jpg.rf.5a96bf49991d429436ed10a06d33311c__ed6bcb250c.jpg,0,0,2,source_annotation_pending_spot_check
stresstest_tool_tray,train,stresstest_tool_tray__IMG_9875_jpg.rf.0ad59ae16e309d1ffcf88667a76d3936__1081feaa24.jpg,0,0,2,source_annotation_pending_spot_check
stresstest_tool_tray,train,stresstest_tool_tray__IMG_9876_jpg.rf.0a92236cf4be772e5357b85860d77b4c__b0f84bfae5.jpg,0,0,4,source_annotation_pending_spot_check
stresstest_tool_tray,train,stresstest_tool_tray__IMG_9877_jpg.rf.00ec8fb5e082cd993ba8d2cc081a2689__ac09c200fc.jpg,0,0,4,source_annotation_pending_spot_check
stresstest_tool_tray,train,stresstest_tool_tray__IMG_9878_jpg.rf.0e2b4769f4c2b6f8c2a3099548d703c1__134b18355c.jpg,0,0,4,source_annotation_pending_spot_check
stresstest_tool_tray,train,stresstest_tool_tray__IMG_9879_jpg.rf.2e9dc58f422745d53f0047ce2017f852__677e63c04f.jpg,0,0,4,source_annotation_pending_spot_check
stresstest_tool_tray,train,stresstest_tool_tray__IMG_9880_jpg.rf.110d5ad30f438d34c173e02da6989813__994c7efb63.jpg,0,0,4,source_annotation_pending_spot_check
stresstest_tool_tray,train,stresstest_tool_tray__IMG_9881_jpg.rf.11ba5bfb9103636ca58f8970feae5982__609c5ceb8a.jpg,0,0,4,source_annotation_pending_spot_check
stresstest_tool_tray,train,stresstest_tool_tray__industrial-nut-RJzmYa3-600_jpg.rf.175c23dfe41816485b4f52853379150b__77b4cba796.jpg,0,1,0,source_annotation_pending_spot_check
stresstest_tool_tray,train,stresstest_tool_tray__INFFON10Z05G_jpg.rf.12237723d8199397676bce94efdc9770__ce12e484fd.jpg,0,0,1,source_annotation_pending_spot_check
stresstest_tool_tray,train,stresstest_tool_tray__IP3NZFVFAK2G_jpg.rf.1c22334465ba79b530933f0bc83a6dd9__fb86d96ff3.jpg,0,0,2,source_annotation_pending_spot_check
stresstest_tool_tray,train,stresstest_tool_tray__IPLG9XM5CVO6_jpg.rf.50c12114c6a67075e469a043e1974dff__6dae445af1.jpg,0,0,1,source_annotation_pending_spot_check
stresstest_tool_tray,train,stresstest_tool_tray__item-heavy-hex-nut-blk__19527-1568821548_jpg.rf.20c3db80fdb15c618d21221a433707bb__7b78703777.jpg,0,2,0,source_annotation_pending_spot_check
stresstest_tool_tray,train,stresstest_tool_tray__IW1BRFEUDKDE_jpg.rf.5f6508223a2a0f54f57a6ddc9335169c__aef6e0fafb.jpg,0,0,1,source_annotation_pending_spot_check
stresstest_tool_tray,train,stresstest_tool_tray__J3WONCQW6XV5_jpg.rf.41a8c9af97ac5b5c1e1166015bee4061__9b3b5f33eb.jpg,0,0,1,source_annotation_pending_spot_check
stresstest_tool_tray,train,stresstest_tool_tray__J4VSGMNOK3V5_jpg.rf.b5535ed3f626be127d46e547d8d02179__46e8f0f02d.jpg,0,0,1,source_annotation_pending_spot_check
stresstest_tool_tray,train,stresstest_tool_tray__J5DW4S49QXSJ_jpg.rf.3ff20272be45623c019705607a188e75__7a5897e6bb.jpg,0,0,1,source_annotation_pending_spot_check
stresstest_tool_tray,train,stresstest_tool_tray__J645U2J5KOEY_jpg.rf.18d09da760919189e0fb7089f00b42b5__f6f861b805.jpg,0,0,1,source_annotation_pending_spot_check
stresstest_tool_tray,train,stresstest_tool_tray__J9GZHXQQIYIZ_jpg.rf.161a11c5aab51ac869dac732fbba2fc3__9e2a4dcdb5.jpg,0,0,1,source_annotation_pending_spot_check
stresstest_tool_tray,train,stresstest_tool_tray__j_jpg.rf.014678afdd652c49d62cdaeaed186a7d__47e2d7bccc.jpg,1,0,0,source_annotation_pending_spot_check
stresstest_tool_tray,train,stresstest_tool_tray__jam_jpg.rf.61608bc4f953d0dd39d27d6631c5cb3c__be03c4918f.jpg,0,1,0,source_annotation_pending_spot_check
stresstest_tool_tray,train,stresstest_tool_tray__JB8W9DPXFLAL_jpg.rf.0affda91742597ecc8e90d3beaeabb31__a3abc5d6c2.jpg,0,0,1,source_annotation_pending_spot_check
stresstest_tool_tray,train,stresstest_tool_tray__JBE4K0WH07BD_jpg.rf.1e35bcffab412822e71196acd1d7be3b__a4e90b92b9.jpg,0,0,1,source_annotation_pending_spot_check
stresstest_tool_tray,train,stresstest_tool_tray__JDTAIGY9TWDR_jpg.rf.05e7d1558fd994ad31c3628e6aa0eb84__37a8168c98.jpg,0,0,3,source_annotation_pending_spot_check
stresstest_tool_tray,train,stresstest_tool_tray__JIXS89PGJ9F0_jpg.rf.60231a68191b8b7fcaebd6152acfdded__787c4d33bc.jpg,0,0,5,source_annotation_pending_spot_check
stresstest_tool_tray,train,stresstest_tool_tray__jjj_jpg.rf.2be9e5dd2b1dd865f2561ebe2381a567__c55e70325d.jpg,1,0,0,source_annotation_pending_spot_check
stresstest_tool_tray,train,stresstest_tool_tray__JRZJQ2HBEKLQ_jpg.rf.7061c44ea12aa5aa6e2a51d24a08a240__736b5bc523.jpg,0,0,1,source_annotation_pending_spot_check
stresstest_tool_tray,train,stresstest_tool_tray__JTMWUFK7IHUI_jpg.rf.72fb196ad68bae43b2af2b3949841a65__a08ac38cc1.jpg,0,0,4,source_annotation_pending_spot_check
stresstest_tool_tray,train,stresstest_tool_tray__JVSZ4PBE3BRO_jpg.rf.144ceefdef49153e627d9388fb3c5770__0af5f92ddb.jpg,0,0,1,source_annotation_pending_spot_check
stresstest_tool_tray,train,stresstest_tool_tray__JX6T7AHAZH24_jpg.rf.3461973b2f19e9ab2baa0b3db0cb796b__2f192a3490.jpg,0,0,1,source_annotation_pending_spot_check
stresstest_tool_tray,train,stresstest_tool_tray__K4NTS35KVZ2S_jpg.rf.19d9786fdfd7b6b0cc627396cbf5541a__f5bda3124f.jpg,0,0,3,source_annotation_pending_spot_check
stresstest_tool_tray,train,stresstest_tool_tray__K9GX7MAFVSDW_jpg.rf.1a765b1e752d2fbe4ac1519f24fc307f__0cc1474515.jpg,0,0,1,source_annotation_pending_spot_check
stresstest_tool_tray,train,stresstest_tool_tray__K9Z0IRVTS0R2_jpg.rf.5a4004e4e8b4b372c1c8018a91b77720__cb4e6baf1b.jpg,0,0,1,source_annotation_pending_spot_check
stresstest_tool_tray,train,stresstest_tool_tray__KET2ZA5GNIXD_jpg.rf.100215f866b0c4382c3a9e5ed9573237__24858ec3a6.jpg,0,0,1,source_annotation_pending_spot_check
stresstest_tool_tray,train,stresstest_tool_tray__KF5XHRIQC7MB_jpg.rf.2c092d5b163fcb68c5d123e6cc4ffa84__cfffd69701.jpg,0,0,2,source_annotation_pending_spot_check
stresstest_tool_tray,train,stresstest_tool_tray__kkk_jpg.rf.078d181678522a8c18c40ad831781c6a__9c7dfc4baa.jpg,1,0,0,source_annotation_pending_spot_check
stresstest_tool_tray,train,stresstest_tool_tray__kkkk_jpg.rf.370a14ce1fde5ac5d1671a04f2688860__7f536cb932.jpg,1,0,0,source_annotation_pending_spot_check
stresstest_tool_tray,train,stresstest_tool_tray__kkkkk_jpg.rf.44084b2d127306fd368cf6587117706e__4c1a7a0743.jpg,1,0,0,source_annotation_pending_spot_check
stresstest_tool_tray,train,stresstest_tool_tray__KNZL5HWXJZAG_jpg.rf.2ed0f37f49ba4c1570ef65110e250d76__e557ac7db5.jpg,0,0,1,source_annotation_pending_spot_check
stresstest_tool_tray,train,stresstest_tool_tray__KSAJB6GK9YAS_jpg.rf.1681b3c8aa19b866f842ba3d2e8f2a66__696f68e840.jpg,0,0,1,source_annotation_pending_spot_check
stresstest_tool_tray,train,stresstest_tool_tray__KSDYJJARAV2S_jpg.rf.68906e2fe38dc31a89c13f90156596b6__ca6be3dc36.jpg,0,0,1,source_annotation_pending_spot_check
stresstest_tool_tray,train,stresstest_tool_tray__KUOMTWR0OBQD_jpg.rf.b4b1a3ebeb5522290f5643b880f2efc6__1ce669aece.jpg,0,0,1,source_annotation_pending_spot_check
stresstest_tool_tray,train,stresstest_tool_tray__KXEWWP9QCYQR_jpg.rf.8b4e803fb58e4c5999b6a9e2592d71b7__8928f91a61.jpg,0,0,1,source_annotation_pending_spot_check
stresstest_tool_tray,train,stresstest_tool_tray__KXI2SPH42FB4_jpg.rf.297c6bcdfb7eeeb08e990be784f2b2ef__585b895ce0.jpg,0,0,1,source_annotation_pending_spot_check
stresstest_tool_tray,train,stresstest_tool_tray__KYISI13LKN5Q_jpg.rf.0791043fa19ad39199922e3200856ca7__8dbe405c01.jpg,0,0,1,source_annotation_pending_spot_check
stresstest_tool_tray,train,stresstest_tool_tray__L0CDNXNUC27X_jpg.rf.1855768288989feca31ec313852f7654__e580fe355a.jpg,0,0,1,source_annotation_pending_spot_check
stresstest_tool_tray,train,stresstest_tool_tray__L5ZWW8AFEODJ_jpg.rf.03ac2ad62caff064190e8966fdc645fb__8d8f8cd434.jpg,0,0,1,source_annotation_pending_spot_check
stresstest_tool_tray,train,stresstest_tool_tray__L6SRGQ5BDAFP_jpg.rf.4501060197e05c14e18e66909cb2a5fd__c5d408b8c9.jpg,0,0,1,source_annotation_pending_spot_check
stresstest_tool_tray,train,stresstest_tool_tray__LBFPVMNJ73UJ_jpg.rf.7c6f9f9150d9cb0678b13b8556c984b2__618d252a3f.jpg,0,0,1,source_annotation_pending_spot_check
stresstest_tool_tray,train,stresstest_tool_tray__LE8S5ODU5BIS_jpg.rf.21fa07d1228af06276aa3aaa78f12e6c__40625be802.jpg,0,0,1,source_annotation_pending_spot_check
stresstest_tool_tray,train,stresstest_tool_tray__LEPJ3RSR7NYW_jpg.rf.6382fc747b75aa365a47c6ad7373612c__f16e78d2b3.jpg,0,0,1,source_annotation_pending_spot_check
stresstest_tool_tray,train,stresstest_tool_tray__LF547F6RPHBP_jpg.rf.6633910812522555613d82e0fd6bbbb1__44a9885de6.jpg,0,0,1,source_annotation_pending_spot_check
stresstest_tool_tray,train,stresstest_tool_tray__LIV7K06YBK59_jpg.rf.0522d75eb37ca1aa382b061e64132a08__ce454abd58.jpg,0,0,1,source_annotation_pending_spot_check
stresstest_tool_tray,train,stresstest_tool_tray__llll_jpg.rf.0f9fb76e447d71d79331c3e3d6618723__4b0230c79e.jpg,1,0,0,source_annotation_pending_spot_check
stresstest_tool_tray,train,stresstest_tool_tray__Lock-Nuts-vs-Hex-Nuts_png.rf.5b190bbdac4f1a5c1d3a90461599d687__d78fe87ff4.jpg,0,5,0,source_annotation_pending_spot_check
stresstest_tool_tray,train,stresstest_tool_tray__LOLHPKVZYEFJ_jpg.rf.b28fb8440301e367a1929aecfa6f0b1c__5a71f91607.jpg,0,0,1,source_annotation_pending_spot_check
stresstest_tool_tray,train,stresstest_tool_tray__LPT4EUSXQG4B_jpg.rf.3f1dcfe6b7e6ac3cfbaaa80e5d7dac21__12927a350e.jpg,0,0,1,source_annotation_pending_spot_check
stresstest_tool_tray,train,stresstest_tool_tray__LREQSLT09SKK_jpg.rf.842d733343234887b8aec4082550e72b__255b9bd6ab.jpg,0,0,1,source_annotation_pending_spot_check
stresstest_tool_tray,train,stresstest_tool_tray__LRVUT58X3L57_jpg.rf.3abd901bb6114efd3e5ba0de553441fd__15ae9c9718.jpg,0,0,1,source_annotation_pending_spot_check
stresstest_tool_tray,train,stresstest_tool_tray__LSXRW0BUHTKE_jpg.rf.2ea4bf14a501882f97808cb82963cfdc__66a70adc7e.jpg,0,0,1,source_annotation_pending_spot_check
stresstest_tool_tray,train,stresstest_tool_tray__LU8U8WM903GR_jpg.rf.25b79505a5599a4665b3392531a9fa76__d6f3dc6a43.jpg,0,0,1,source_annotation_pending_spot_check
stresstest_tool_tray,train,stresstest_tool_tray__LVO3Z6DCBIIW_jpg.rf.5543ada6e0342fd8b0d5b5cef6e75884__a32f8070fe.jpg,0,0,1,source_annotation_pending_spot_check
stresstest_tool_tray,train,stresstest_tool_tray__LZMEVBYKZ625_jpg.rf.bd7c2ceae4a340410386f25eb5fde6b3__5d424696dd.jpg,0,0,2,source_annotation_pending_spot_check
stresstest_tool_tray,train,stresstest_tool_tray__M0NW47NZPOJP_jpg.rf.24ed8fec1e543bfa61d71af0d72f30e0__d2db6ca08b.jpg,0,0,1,source_annotation_pending_spot_check
stresstest_tool_tray,train,stresstest_tool_tray__M17WGMVS6FOQ_jpg.rf.28a6bfb48c5d3e70ceb929d8b8cb0236__dfd43c5993.jpg,0,0,3,source_annotation_pending_spot_check
stresstest_tool_tray,train,stresstest_tool_tray__m3-ss-hex-nut-10pcs-820x804_jpg.rf.22bd635ce4dffb5b14f6e76937aee971__a8eb1fee0c.jpg,0,2,0,source_annotation_pending_spot_check
stresstest_tool_tray,train,stresstest_tool_tray__M6YRPX9CV5NT_jpg.rf.183f9960ca7cab7c5df9bcedde6ebbc2__32b18b8db9.jpg,0,0,1,source_annotation_pending_spot_check
stresstest_tool_tray,train,stresstest_tool_tray__macro-shot-metal-nut-isolated-260nw-1982540564_jpg.rf.23c1f94352e4db03d7d36f898cbe792b__469c5db38f.jpg,0,1,0,source_annotation_pending_spot_check
stresstest_tool_tray,train,stresstest_tool_tray__MBUCPPDUF0C5_jpg.rf.4effbe40bd39aa60d47516d770f9bca3__7389d4e6f6.jpg,0,0,2,source_annotation_pending_spot_check
stresstest_tool_tray,train,stresstest_tool_tray__ME8SYIENSCWU_jpg.rf.0460cd6e5fe219805d9f2fee969a1cdf__e1cc11ea56.jpg,0,0,1,source_annotation_pending_spot_check
stresstest_tool_tray,train,stresstest_tool_tray__media_208f05bb-703c-4748-9a09-e39efa91e7a6_jpeg.rf.16e20fa892f4c76b455f619bb9cdb8b2__7460e7ec94.jpg,0,1,0,source_annotation_pending_spot_check
stresstest_tool_tray,train,stresstest_tool_tray__MFCUMQG4EY2L_jpg.rf.19834d41a027f4bf836bb5e11ae39e38__b1b32e7764.jpg,0,0,1,source_annotation_pending_spot_check
stresstest_tool_tray,train,stresstest_tool_tray__MGFGX02AL564_jpg.rf.37502b47880dd428b19e5a1ca7f3e1dd__31d2745d96.jpg,0,0,1,source_annotation_pending_spot_check
stresstest_tool_tray,train,stresstest_tool_tray__MJB0SIDLHVTI_jpg.rf.6d8295860d0737ae16da7199af7c3c60__dbc1a5939f.jpg,0,0,1,source_annotation_pending_spot_check
stresstest_tool_tray,train,stresstest_tool_tray__MNPGAGP7W9HF_jpg.rf.1d5089dfe0c2a2077dd3534cfea7289f__0cb6203cf8.jpg,0,0,1,source_annotation_pending_spot_check
stresstest_tool_tray,train,stresstest_tool_tray__MRUBQNZ39BF1_jpg.rf.17481cf5b23ada0365854bd21acf6f5a__8cb7921853.jpg,0,0,1,source_annotation_pending_spot_check
stresstest_tool_tray,train,stresstest_tool_tray__N4IQY1K6ZCHR_jpg.rf.1d2add7356f5c5fab840493cc7f2a906__9627304c1f.jpg,0,0,1,source_annotation_pending_spot_check
stresstest_tool_tray,train,stresstest_tool_tray__N6G3WNZ1IZLS_jpg.rf.2046fe2c84fc56be208f860dd7bcce4b__3b1605811f.jpg,0,0,4,source_annotation_pending_spot_check
stresstest_tool_tray,train,stresstest_tool_tray__N85P61HHAOQF_jpg.rf.184fb05a89b45243454300dcea1a457b__64101ca836.jpg,0,0,1,source_annotation_pending_spot_check
stresstest_tool_tray,train,stresstest_tool_tray__NF5F_ac4d_png.rf.48230eac7794d623c54e04beb1fa4804__dd7f8f4307.jpg,0,1,0,source_annotation_pending_spot_check
stresstest_tool_tray,train,stresstest_tool_tray__NG1NA64DVB05_jpg.rf.1f0c69aee17874d3aa4e99fd95e4ec69__fd45e11fa6.jpg,0,0,1,source_annotation_pending_spot_check
stresstest_tool_tray,train,stresstest_tool_tray__NIDF0DZEEYD5_jpg.rf.1d4184da0f9adcaa429f542e10b752a3__bc0d403497.jpg,0,0,1,source_annotation_pending_spot_check
stresstest_tool_tray,train,stresstest_tool_tray__NJLW49JGLJ3T_jpg.rf.b8145c56280a9ed7e962b4af5aaa5a18__e925690e80.jpg,0,0,1,source_annotation_pending_spot_check
stresstest_tool_tray,train,stresstest_tool_tray__NN80VE3L3CIX_jpg.rf.580570e2a8ed2e1b6438163e7592de6f__31f7773d0e.jpg,0,0,1,source_annotation_pending_spot_check
stresstest_tool_tray,train,stresstest_tool_tray__NNWQN0014Z8M_jpg.rf.0d2e0fa4a432156bb925ad3f04a55293__e0be477bc0.jpg,0,0,2,source_annotation_pending_spot_check
stresstest_tool_tray,train,stresstest_tool_tray__nut-11934_1280_jpg.rf.0afdd9df9a470a64a2067d4d2f008b7e__2a0bbc7193.jpg,1,1,0,source_annotation_pending_spot_check
stresstest_tool_tray,train,stresstest_tool_tray__nut_jpg.rf.0f1476942ada724fea571a79234c1527__e725bf05a6.jpg,4,4,0,source_annotation_pending_spot_check
stresstest_tool_tray,train,stresstest_tool_tray__NVH5C0P18UWK_jpg.rf.50570ea741c390f5e580e76644c58118__8b2d86efec.jpg,0,0,1,source_annotation_pending_spot_check
stresstest_tool_tray,train,stresstest_tool_tray__NYQWLJFCBFZO_jpg.rf.003781c658a26cb77061b6f950954732__1666c18757.jpg,0,0,1,source_annotation_pending_spot_check
stresstest_tool_tray,train,stresstest_tool_tray__O816XY3JKQJU_jpg.rf.11df5be01d28a9e13997450222458f40__429ce8dd2d.jpg,0,0,1,source_annotation_pending_spot_check
stresstest_tool_tray,train,stresstest_tool_tray__O83I3BC5AHGW_jpg.rf.05a7f01e26abdfb22e641f0d7c73a187__70cb6625ac.jpg,0,0,1,source_annotation_pending_spot_check
stresstest_tool_tray,train,stresstest_tool_tray__OAIT218XEX0Y_jpg.rf.3145a604a3df5271934c487e8effaccd__e3511e1b39.jpg,0,0,1,source_annotation_pending_spot_check
stresstest_tool_tray,train,stresstest_tool_tray__ODS3WBFH4Z3O_jpg.rf.06747a4dd96bc3ff4822d85c2c265f04__dd0a29c0fe.jpg,0,0,1,source_annotation_pending_spot_check
stresstest_tool_tray,train,stresstest_tool_tray__OE4VJOG5PBTY_jpg.rf.00a7e1b3627ff7b74d7e75bcecbe9b19__fd70b9b749.jpg,0,0,1,source_annotation_pending_spot_check
stresstest_tool_tray,train,stresstest_tool_tray__OFBU2YNJNXIF_jpg.rf.02478bbb41e243acbfe8bf34babaeb43__baf13b4c56.jpg,0,0,1,source_annotation_pending_spot_check
stresstest_tool_tray,train,stresstest_tool_tray__OGW9FE4SF4LG_jpg.rf.53e0f92e98fed9cacd37cd54aa58ec5a__723bcac07b.jpg,0,0,1,source_annotation_pending_spot_check
stresstest_tool_tray,train,stresstest_tool_tray__OLPKAFD1F69H_jpg.rf.0cdfc0a03a1eacb1c2a3385288a9cbe0__e8fe562595.jpg,0,0,1,source_annotation_pending_spot_check
stresstest_tool_tray,train,stresstest_tool_tray__OQ79CO0CP3PJ_jpg.rf.2c1f12ab4d2e08dd87ce9ae596e79d75__9df565debc.jpg,0,0,1,source_annotation_pending_spot_check
stresstest_tool_tray,train,stresstest_tool_tray__ORB46OTWDW9V_jpg.rf.551ad72bc70a059798efa58ad90bfc07__2d82c9e500.jpg,0,0,1,source_annotation_pending_spot_check
stresstest_tool_tray,train,stresstest_tool_tray__OUYGJIF875U1_jpg.rf.060d5d9fd86b4b1e44f26bb242275c04__164191769e.jpg,0,0,1,source_annotation_pending_spot_check
stresstest_tool_tray,train,stresstest_tool_tray__OXSISNNVPCWH_jpg.rf.579ddc70c38f42f191ae589a1c60c61c__c0b0502c74.jpg,0,0,1,source_annotation_pending_spot_check
stresstest_tool_tray,train,stresstest_tool_tray__P0SPLNQHE59P_jpg.rf.30dd2b2cec88699f6e326f75e25375be__36fa6039c0.jpg,0,0,1,source_annotation_pending_spot_check
stresstest_tool_tray,train,stresstest_tool_tray__PB71FFZ46BJI_jpg.rf.2862b38f5fe7eb46786ec84b065051a7__b13c16065a.jpg,0,0,1,source_annotation_pending_spot_check
stresstest_tool_tray,train,stresstest_tool_tray__PG8J7IH8LJLR_jpg.rf.71641f90f42fe0bcf4db1d751c2e69d8__440c4241b3.jpg,0,0,1,source_annotation_pending_spot_check
stresstest_tool_tray,train,stresstest_tool_tray__Photo-on-3-4-24-at-6-16-PM-3_jpeg.rf.264422d50348e3eab3596cdaf4de6aaf__cb6f7a3481.jpg,0,0,1,source_annotation_pending_spot_check
stresstest_tool_tray,train,stresstest_tool_tray__Photo-on-3-4-24-at-6-17-PM-2_jpeg.rf.19ba96bddd6d6725d3ea8e15c88bccd5__0a20fde7a2.jpg,0,0,1,source_annotation_pending_spot_check
stresstest_tool_tray,train,stresstest_tool_tray__Photo-on-3-4-24-at-6-17-PM-3_jpeg.rf.ba4ad90d9203769245a8b3a5ffccde46__4e2ffd17f2.jpg,0,0,1,source_annotation_pending_spot_check
stresstest_tool_tray,train,stresstest_tool_tray__Photo-on-3-4-24-at-6-17-PM-4_jpeg.rf.22cce34701a444a7382dc13ee0b55de9__2cee847692.jpg,0,0,1,source_annotation_pending_spot_check
stresstest_tool_tray,train,stresstest_tool_tray__Photo-on-3-4-24-at-6-18-PM-2_jpeg.rf.12b2807cdb7f38e5a109e9f71944eba2__fa445e3a70.jpg,0,0,1,source_annotation_pending_spot_check
stresstest_tool_tray,train,stresstest_tool_tray__Photo-on-3-4-24-at-6-18-PM-3_jpeg.rf.172e57f5bbece8a15078559dcf5dadeb__86ff0d53af.jpg,0,0,1,source_annotation_pending_spot_check
stresstest_tool_tray,train,stresstest_tool_tray__Photo-on-3-4-24-at-6-18-PM-5_jpeg.rf.38d196f176109ccf1eff10641d622253__d99071f50a.jpg,0,0,1,source_annotation_pending_spot_check
stresstest_tool_tray,train,stresstest_tool_tray__Photo-on-3-4-24-at-6-18-PM_jpeg.rf.30ab0443a7373eff37f37711ed3a8f35__31bc231f7d.jpg,0,0,1,source_annotation_pending_spot_check
stresstest_tool_tray,train,stresstest_tool_tray__Photo-on-3-4-24-at-6-19-PM-2_jpeg.rf.1993cb409baea19fc53d4184f1410611__b15c9b16f6.jpg,0,0,1,source_annotation_pending_spot_check
stresstest_tool_tray,train,stresstest_tool_tray__Photo-on-3-4-24-at-6-19-PM-3_jpeg.rf.9f2bc674ee7243f6590779a12a130b4b__8554a53753.jpg,0,0,1,source_annotation_pending_spot_check
stresstest_tool_tray,train,stresstest_tool_tray__Photo-on-3-4-24-at-6-19-PM-4_jpeg.rf.34e162569cc65ae7a7c4af48b24c701a__939aa766c0.jpg,0,0,1,source_annotation_pending_spot_check
stresstest_tool_tray,train,stresstest_tool_tray__Photo-on-3-4-24-at-6-19-PM_jpeg.rf.484cc42d70800562e6c12efe351915de__08f3aa116b.jpg,0,0,1,source_annotation_pending_spot_check
stresstest_tool_tray,train,stresstest_tool_tray__Photo-on-3-4-24-at-6-21-PM-2_jpeg.rf.068d5b500f26e5683d04edcf67bba67a__35ba4646c6.jpg,0,0,1,source_annotation_pending_spot_check
stresstest_tool_tray,train,stresstest_tool_tray__Photo-on-3-4-24-at-6-21-PM-3_jpeg.rf.725769a8318866edd88582f638bf0e52__28a059a61b.jpg,0,0,1,source_annotation_pending_spot_check
stresstest_tool_tray,train,stresstest_tool_tray__Photo-on-3-4-24-at-6-22-PM_jpeg.rf.aee3e3d2b16d6ad97ff60a7b69d6bb04__8d1f36fa41.jpg,0,0,1,source_annotation_pending_spot_check
stresstest_tool_tray,train,stresstest_tool_tray__Photo-on-3-4-24-at-6-25-PM-2_jpeg.rf.222e476b904109118e5935d28e6d7304__b66bc45f6a.jpg,0,0,1,source_annotation_pending_spot_check
stresstest_tool_tray,train,stresstest_tool_tray__Photo-on-3-4-24-at-6-25-PM-3_jpeg.rf.2dcc6a14b726ecf3144f58dff49fcdb7__f497b95567.jpg,0,0,1,source_annotation_pending_spot_check
stresstest_tool_tray,train,stresstest_tool_tray__Photo-on-3-4-24-at-6-25-PM-5_jpeg.rf.392db0e023b27d0ea22d1d3a0845853d__42968977c0.jpg,0,0,1,source_annotation_pending_spot_check
stresstest_tool_tray,train,stresstest_tool_tray__Photo-on-3-4-24-at-6-26-PM-2_jpeg.rf.0e25393908868913bba375af29ac4187__ab871b4417.jpg,0,0,1,source_annotation_pending_spot_check
stresstest_tool_tray,train,stresstest_tool_tray__Photo-on-3-4-24-at-6-26-PM-3_jpeg.rf.b23b4c6972bc7b0e94d05304d8a75b4c__0f7ff88658.jpg,0,0,1,source_annotation_pending_spot_check
stresstest_tool_tray,train,stresstest_tool_tray__Photo-on-3-4-24-at-6-26-PM-4_jpeg.rf.26cddf422df82b68afd13613e1555bf2__d108786b35.jpg,0,0,1,source_annotation_pending_spot_check
stresstest_tool_tray,train,stresstest_tool_tray__Photo-on-3-4-24-at-6-26-PM_jpeg.rf.308a3f70f81626d0ca69335c6683b884__8d115bb290.jpg,0,0,1,source_annotation_pending_spot_check
stresstest_tool_tray,train,stresstest_tool_tray__Photo-on-3-4-24-at-6-27-PM-2_jpeg.rf.486075d658fce00ed0daa3c6ea5ebdb4__b19e9531dd.jpg,0,0,1,source_annotation_pending_spot_check
stresstest_tool_tray,train,stresstest_tool_tray__Photo-on-3-4-24-at-6-27-PM-3_jpeg.rf.3b7628c67d25fcf001fc055a945d8a4c__0d7eef3239.jpg,0,0,1,source_annotation_pending_spot_check
stresstest_tool_tray,train,stresstest_tool_tray__Photo-on-3-4-24-at-6-27-PM-5_jpeg.rf.37c910b7a1c1e4e76d6d56c52a036f0f__23ccb2a7bf.jpg,0,0,1,source_annotation_pending_spot_check
stresstest_tool_tray,train,stresstest_tool_tray__Photo-on-3-4-24-at-6-27-PM-7_jpeg.rf.6ac81827dda4810fb7284e19bdb6a62f__74b925ec83.jpg,0,0,1,source_annotation_pending_spot_check
stresstest_tool_tray,train,stresstest_tool_tray__Photo-on-3-4-24-at-6-27-PM_jpeg.rf.0ab58c72198dd8f6a4bffa889255b4e1__aa2d23c459.jpg,0,0,1,source_annotation_pending_spot_check
stresstest_tool_tray,train,stresstest_tool_tray__Photo-on-3-4-24-at-6-28-PM-3_jpeg.rf.3f301ffc2a1d4bacb4b09ee458c52d19__151bc56df8.jpg,0,0,1,source_annotation_pending_spot_check
stresstest_tool_tray,train,stresstest_tool_tray__Photo-on-3-4-24-at-6-28-PM-4_jpeg.rf.0d659b29ef6a4d0660dfbcc31e1b633d__dd84c3d3db.jpg,0,0,1,source_annotation_pending_spot_check
stresstest_tool_tray,train,stresstest_tool_tray__Photo-on-3-4-24-at-6-28-PM-5_jpeg.rf.353a4ad27792565cfd040254f543b356__1bce175b98.jpg,0,0,1,source_annotation_pending_spot_check
stresstest_tool_tray,train,stresstest_tool_tray__Photo-on-3-4-24-at-6-28-PM-6_jpeg.rf.31506a2d3d4a2041da453ae70bcc8979__d5ce83fdb1.jpg,0,0,1,source_annotation_pending_spot_check
stresstest_tool_tray,train,stresstest_tool_tray__Photo-on-3-4-24-at-6-28-PM_jpeg.rf.358b6f6e5f375afe3646754e0e4cb3ba__be69d35744.jpg,0,0,1,source_annotation_pending_spot_check
stresstest_tool_tray,train,stresstest_tool_tray__Photo-on-3-6-24-at-4-18-PM_jpeg.rf.29bb569d95dcba70a3066d3ad94d2753__142918c852.jpg,0,0,1,source_annotation_pending_spot_check
stresstest_tool_tray,train,stresstest_tool_tray__Photo-on-3-6-24-at-4-21-PM-2_jpeg.rf.137df0344f4ccad79b831fbef0fff4d2__7476ed98de.jpg,0,0,1,source_annotation_pending_spot_check
stresstest_tool_tray,train,stresstest_tool_tray__Photo-on-3-6-24-at-4-21-PM-3_jpeg.rf.09b986ed9f9a0d580861f91140661916__2a0278aabb.jpg,0,0,1,source_annotation_pending_spot_check
stresstest_tool_tray,train,stresstest_tool_tray__Photo-on-3-6-24-at-4-21-PM-5_jpeg.rf.2ce2b1e2a84cf0b68b9cc3edf0fb7012__ff1f10a3c9.jpg,0,0,1,source_annotation_pending_spot_check
stresstest_tool_tray,train,stresstest_tool_tray__Photo-on-3-6-24-at-4-21-PM-6_jpeg.rf.26b8f991fd96592c7ad6823a8be5f40a__29a7efa447.jpg,0,0,1,source_annotation_pending_spot_check
stresstest_tool_tray,train,stresstest_tool_tray__Photo-on-3-6-24-at-4-21-PM-7_jpeg.rf.152c790484f7b4a294cb7073f2fcaea3__7ef5f9d176.jpg,0,0,1,source_annotation_pending_spot_check
stresstest_tool_tray,train,stresstest_tool_tray__Photo-on-3-6-24-at-4-21-PM_jpeg.rf.24cd2ce1c873559ff2a1e59d010e7752__86f5e6e43e.jpg,0,0,1,source_annotation_pending_spot_check
stresstest_tool_tray,train,stresstest_tool_tray__Photo-on-3-6-24-at-4-23-PM-2_jpeg.rf.2dbae06061e731c1687b4052df17b30a__260b3dc214.jpg,0,0,1,source_annotation_pending_spot_check
stresstest_tool_tray,train,stresstest_tool_tray__Photo-on-3-6-24-at-4-23-PM-3_jpeg.rf.3ef71adddb77491fbe6a436f8e0c7850__dd456f0dc5.jpg,0,0,1,source_annotation_pending_spot_check
stresstest_tool_tray,train,stresstest_tool_tray__Photo-on-3-6-24-at-4-23-PM-4_jpeg.rf.126dd62faeba16f6b615a38bc5bc5841__005b58bfd2.jpg,0,0,1,source_annotation_pending_spot_check
stresstest_tool_tray,train,stresstest_tool_tray__Photo-on-3-6-24-at-4-23-PM-5_jpeg.rf.04699c1b6ce90f97056aaafee7cd4b8c__59387eef90.jpg,0,0,1,source_annotation_pending_spot_check
stresstest_tool_tray,train,stresstest_tool_tray__Photo-on-3-6-24-at-4-23-PM-6_jpeg.rf.4a1021b65e740de5eba2a6382b4d4e28__36498986fd.jpg,0,0,1,source_annotation_pending_spot_check
stresstest_tool_tray,train,stresstest_tool_tray__Photo-on-3-6-24-at-4-23-PM-7_jpeg.rf.218cb365a65f98831d604919ce72d65e__c8d0ff69a4.jpg,0,0,1,source_annotation_pending_spot_check
stresstest_tool_tray,train,stresstest_tool_tray__Photo-on-3-6-24-at-4-24-PM-2_jpeg.rf.1b9ec1a6a64b4654597d21800a4bf36b__fe7250d887.jpg,0,0,1,source_annotation_pending_spot_check
stresstest_tool_tray,train,stresstest_tool_tray__Photo-on-3-6-24-at-4-24-PM-5_jpeg.rf.1d1eb6341344beea5e0841a025177eeb__3e099c09db.jpg,0,0,1,source_annotation_pending_spot_check
stresstest_tool_tray,train,stresstest_tool_tray__Photo-on-3-6-24-at-4-24-PM-7_jpeg.rf.2352e917c69ab21c527b60df1f0ae9df__a4679ff4a5.jpg,0,0,1,source_annotation_pending_spot_check
stresstest_tool_tray,train,stresstest_tool_tray__Photo-on-3-6-24-at-4-24-PM_jpeg.rf.1466770997c15f5b755b84e398c62dba__3b44e6413c.jpg,0,0,1,source_annotation_pending_spot_check
stresstest_tool_tray,train,stresstest_tool_tray__Photo-on-3-6-24-at-4-25-PM-2_jpeg.rf.52ac8a4f49a3996545deca5fb8121c02__ce18210abe.jpg,0,0,1,source_annotation_pending_spot_check
stresstest_tool_tray,train,stresstest_tool_tray__Photo-on-3-6-24-at-4-25-PM-3_jpeg.rf.e1f9b632ba474186112d2a5dd1a6b16b__4fd7c68c7e.jpg,0,0,1,source_annotation_pending_spot_check
stresstest_tool_tray,train,stresstest_tool_tray__Photo-on-3-6-24-at-4-25-PM-8_jpeg.rf.59d4fc9a43c7d868226e82bdc35965c6__ccd1162fa3.jpg,0,0,1,source_annotation_pending_spot_check
stresstest_tool_tray,train,stresstest_tool_tray__Photo-on-3-6-24-at-4-25-PM_jpeg.rf.1b13bb2897281f6f5b2345bb6221bed6__120c984d99.jpg,0,0,1,source_annotation_pending_spot_check
stresstest_tool_tray,train,stresstest_tool_tray__Photo-on-3-6-24-at-4-26-PM-4_jpeg.rf.2afe41340e5877a17e08c96f8cbf5e4a__c2fe7f7ed8.jpg,0,0,1,source_annotation_pending_spot_check
stresstest_tool_tray,train,stresstest_tool_tray__Photo-on-3-6-24-at-4-28-PM-2_jpeg.rf.4bb5d22685d849174078dc5eb923389d__cf30d4a8cc.jpg,0,0,1,source_annotation_pending_spot_check
stresstest_tool_tray,train,stresstest_tool_tray__Photo-on-3-6-24-at-4-28-PM_jpeg.rf.5a6a2660e0f9906292aff87735ff727f__fce6f70dc1.jpg,0,0,1,source_annotation_pending_spot_check
stresstest_tool_tray,train,stresstest_tool_tray__Photo-on-3-6-24-at-4-29-PM-2_jpeg.rf.115a8cbf69c2ec66e3e377d7b03cadf2__28f9b13a0a.jpg,0,0,1,source_annotation_pending_spot_check
stresstest_tool_tray,train,stresstest_tool_tray__Photo-on-3-6-24-at-4-29-PM-5_jpeg.rf.0056921a242a27c83fc9c16d47454062__c52ecfa64a.jpg,0,0,1,source_annotation_pending_spot_check
stresstest_tool_tray,train,stresstest_tool_tray__Photo-on-3-6-24-at-4-29-PM-6_jpeg.rf.61dc6d5b7da86ccb7f6f59db58bbf3e8__bf5a6d7a1f.jpg,0,0,1,source_annotation_pending_spot_check
stresstest_tool_tray,train,stresstest_tool_tray__Photo-on-3-6-24-at-4-29-PM-7_jpeg.rf.427cd44547b30b0d35b46f37cebda7fc__d7069b6700.jpg,0,0,1,source_annotation_pending_spot_check
stresstest_tool_tray,train,stresstest_tool_tray__Photo-on-3-6-24-at-4-29-PM-8_jpeg.rf.5bed6073ff1bf3983fdc91d943f5eb70__b5d5ac5afa.jpg,0,0,1,source_annotation_pending_spot_check
stresstest_tool_tray,train,stresstest_tool_tray__Photo-on-3-6-24-at-5-21-PM-2_jpeg.rf.5317177d8e27fdb1645fdb9ccdeb581d__3ad85298f3.jpg,0,0,1,source_annotation_pending_spot_check
stresstest_tool_tray,train,stresstest_tool_tray__Photo-on-3-6-24-at-5-21-PM-3_jpeg.rf.53d52ba39cc5a542094334fc552848e9__203d9cb1aa.jpg,0,0,1,source_annotation_pending_spot_check
stresstest_tool_tray,train,stresstest_tool_tray__Photo-on-3-6-24-at-5-21-PM-4_jpeg.rf.8a68e75436e76d3e7ebf5c2c1ba0b750__af84bbd78b.jpg,0,0,1,source_annotation_pending_spot_check
stresstest_tool_tray,train,stresstest_tool_tray__Photo-on-3-6-24-at-5-21-PM_jpeg.rf.0536a940638c937282573d80ee943c7d__d95714eddd.jpg,0,0,1,source_annotation_pending_spot_check
stresstest_tool_tray,train,stresstest_tool_tray__Photo-on-3-6-24-at-5-22-PM-3_jpeg.rf.16bc33b427a4b57ede02444b68e12aa0__0efd458f88.jpg,0,0,1,source_annotation_pending_spot_check
stresstest_tool_tray,train,stresstest_tool_tray__Photo-on-3-6-24-at-5-22-PM-4_jpeg.rf.1b7f1f1e1a208445b3955b9e0ff816ab__61e0ca2c97.jpg,0,0,1,source_annotation_pending_spot_check
stresstest_tool_tray,train,stresstest_tool_tray__Photo-on-3-6-24-at-5-22-PM-5_jpeg.rf.4bf8e1f050937235f47e80ab45214de8__59546c6367.jpg,0,0,1,source_annotation_pending_spot_check
stresstest_tool_tray,train,stresstest_tool_tray__Photo-on-3-6-24-at-5-22-PM-6_jpeg.rf.36405fe709d0a5513bc29763e8665dc0__881da71e4a.jpg,0,0,1,source_annotation_pending_spot_check
stresstest_tool_tray,train,stresstest_tool_tray__Photo-on-3-6-24-at-5-22-PM-7_jpeg.rf.1bca43a539c5477cf5c1bb30fafedf6e__07712eb2d8.jpg,0,0,1,source_annotation_pending_spot_check
stresstest_tool_tray,train,stresstest_tool_tray__Photo-on-3-6-24-at-5-23-PM-2_jpeg.rf.185571437259c87dd7a9d96e29dbcdc1__60b61cfc9b.jpg,0,0,1,source_annotation_pending_spot_check
stresstest_tool_tray,train,stresstest_tool_tray__Photo-on-3-6-24-at-5-23-PM-4_jpeg.rf.8196628738cf209de11b5e602389198d__345591a2df.jpg,0,0,1,source_annotation_pending_spot_check
stresstest_tool_tray,train,stresstest_tool_tray__Photo-on-3-6-24-at-5-23-PM-5_jpeg.rf.7b1c64c1da733a0c204ff7dc4663a824__bda3e73c4e.jpg,0,0,1,source_annotation_pending_spot_check
stresstest_tool_tray,train,stresstest_tool_tray__Photo-on-3-6-24-at-5-23-PM-6_jpeg.rf.399d19991bdfce510bd4bbe3ca7248e4__a4b1550bd6.jpg,0,0,1,source_annotation_pending_spot_check
stresstest_tool_tray,train,stresstest_tool_tray__Photo-on-3-6-24-at-5-23-PM-7_jpeg.rf.44854d86da91ef1b6ce62cc99cd406ab__c5c7f3a3c3.jpg,0,0,1,source_annotation_pending_spot_check
stresstest_tool_tray,train,stresstest_tool_tray__Photo-on-3-6-24-at-5-23-PM_jpeg.rf.0e49476c862ea4d8af7e0d24b2846ee3__e3092725fc.jpg,0,0,1,source_annotation_pending_spot_check
stresstest_tool_tray,train,stresstest_tool_tray__Photo-on-3-6-24-at-5-24-PM-2_jpeg.rf.6b1e40380a2ea6f7292b06b2b446d178__e3140110f7.jpg,0,0,1,source_annotation_pending_spot_check
stresstest_tool_tray,train,stresstest_tool_tray__Photo-on-3-6-24-at-5-24-PM-3_jpeg.rf.0c824dec3df8b9f26a9f7c8ea6c38d2e__cacad18310.jpg,0,0,1,source_annotation_pending_spot_check
stresstest_tool_tray,train,stresstest_tool_tray__Photo-on-3-6-24-at-5-24-PM-4_jpeg.rf.92706d9b2bacc7729f7a1748a4c23bea__9d69e4dc7e.jpg,0,0,1,source_annotation_pending_spot_check
stresstest_tool_tray,train,stresstest_tool_tray__Photo-on-3-6-24-at-5-24-PM-5_jpeg.rf.389d33f2043fbaaf7056a7cada8ea62b__03eb8d2a1b.jpg,0,0,1,source_annotation_pending_spot_check
stresstest_tool_tray,train,stresstest_tool_tray__Photo-on-3-6-24-at-5-24-PM-6_jpeg.rf.2b4ad8f579e5f9897e57c6d114dd19dd__33a33fb436.jpg,0,0,1,source_annotation_pending_spot_check
stresstest_tool_tray,train,stresstest_tool_tray__Photo-on-3-6-24-at-5-24-PM-7_jpeg.rf.41118d67fd9ccc07efea466b9fc255bc__0bf352e648.jpg,0,0,1,source_annotation_pending_spot_check
stresstest_tool_tray,train,stresstest_tool_tray__Photo-on-3-6-24-at-5-24-PM_jpeg.rf.0218ba810b3b955bcc78f6a9a7529823__8d100e7982.jpg,0,0,1,source_annotation_pending_spot_check
stresstest_tool_tray,train,stresstest_tool_tray__Photo-on-3-6-24-at-5-25-PM-2_jpeg.rf.4d9c8c7f0a8565d49f23e4a56d3594c5__81c29a5725.jpg,0,0,1,source_annotation_pending_spot_check
stresstest_tool_tray,train,stresstest_tool_tray__Photo-on-3-6-24-at-5-25-PM-5_jpeg.rf.268bbedc18268e7b6112a25d43d72655__3a48a1a866.jpg,0,0,1,source_annotation_pending_spot_check
stresstest_tool_tray,train,stresstest_tool_tray__Photo-on-3-6-24-at-5-25-PM-6_jpeg.rf.43d4a47ab61ffbde44e957b50a00581a__87a84657fd.jpg,0,0,1,source_annotation_pending_spot_check
stresstest_tool_tray,train,stresstest_tool_tray__Photo-on-3-6-24-at-5-25-PM_jpeg.rf.4d8b7fff218de49dc34f30589cd8ec3c__a206e21b91.jpg,0,0,1,source_annotation_pending_spot_check
stresstest_tool_tray,train,stresstest_tool_tray__Photo-on-3-6-24-at-5-26-PM-2_jpeg.rf.1538257431422a46f9ecac872b77f03c__fb0b4e83db.jpg,0,0,1,source_annotation_pending_spot_check
stresstest_tool_tray,train,stresstest_tool_tray__Photo-on-3-6-24-at-5-26-PM-3_jpeg.rf.385ef8c7378ad613aed390856c127750__cd9f01bc48.jpg,0,0,1,source_annotation_pending_spot_check
stresstest_tool_tray,train,stresstest_tool_tray__Photo-on-3-6-24-at-5-26-PM-4_jpeg.rf.43457476b3e7e9d9d99dbf93c37fbbe9__ffa296f7ed.jpg,0,0,1,source_annotation_pending_spot_check
stresstest_tool_tray,train,stresstest_tool_tray__Photo-on-3-6-24-at-5-26-PM-6_jpeg.rf.15e0f7a895958ab022e99a1ec07eb0dc__4434a50950.jpg,0,0,1,source_annotation_pending_spot_check
stresstest_tool_tray,train,stresstest_tool_tray__Photo-on-3-6-24-at-5-26-PM_jpeg.rf.508f8b71128884914a01d7caa92b7677__110521caa3.jpg,0,0,1,source_annotation_pending_spot_check
stresstest_tool_tray,train,stresstest_tool_tray__PL9CSCSCUJO8_jpg.rf.97191272bd525db0019d438d82a3edf9__6c95eb4e9e.jpg,0,0,1,source_annotation_pending_spot_check
stresstest_tool_tray,train,stresstest_tool_tray__PMXZ0CIAWAYD_jpg.rf.5ee98551e4bc280360cadabf6897aa6c__5ef54e91ea.jpg,0,0,7,source_annotation_pending_spot_check
stresstest_tool_tray,train,stresstest_tool_tray__PVCO0K35ZL8I_jpg.rf.4d521074f165b04e8006ca5d18164f09__1fc7c33ed6.jpg,0,0,4,source_annotation_pending_spot_check
stresstest_tool_tray,train,stresstest_tool_tray__PXO508CKICG3_jpg.rf.119c8c21614b180d1ea7984f9ac0c9ed__b1b66ed4af.jpg,0,0,2,source_annotation_pending_spot_check
stresstest_tool_tray,train,stresstest_tool_tray__PXQC7F2A5L6G_jpg.rf.33eda7152ae972321d237720b57a9e2c__833220733f.jpg,0,0,2,source_annotation_pending_spot_check
stresstest_tool_tray,train,stresstest_tool_tray__PZD77KTF4MCX_jpg.rf.4b733400fab0969ff7b9cc211bc8385d__73042298b9.jpg,0,0,2,source_annotation_pending_spot_check
stresstest_tool_tray,train,stresstest_tool_tray__Q1QLDFYX6CZH_jpg.rf.82f0b17ac64d255d5a30f52d6ae0e686__f253bb2b49.jpg,0,0,1,source_annotation_pending_spot_check
stresstest_tool_tray,train,stresstest_tool_tray__Q4LM50W8GPPN_jpg.rf.4b01f5777a712bb75102f7cc474a0b5d__ae9fab986c.jpg,0,0,1,source_annotation_pending_spot_check
stresstest_tool_tray,train,stresstest_tool_tray__Q4NEWYYRBEJP_jpg.rf.49e930259e21c0acdcd84e6bdcb4ec58__7fd8cd2bc2.jpg,0,0,1,source_annotation_pending_spot_check
stresstest_tool_tray,train,stresstest_tool_tray__Q88CH4DRDPPM_jpg.rf.0bff15f1b25bd90ee84d0235bd96bfb6__18e36ff004.jpg,0,0,1,source_annotation_pending_spot_check
stresstest_tool_tray,train,stresstest_tool_tray__Q9DCBL9B2ES1_jpg.rf.135196df3ed53a462355dd8092a0bf62__2fdb6aaeb9.jpg,0,0,1,source_annotation_pending_spot_check
stresstest_tool_tray,train,stresstest_tool_tray__Q9JLBYLEQNDY_jpg.rf.06e60854ac1efbab42b7c23573a9d352__b76f933c70.jpg,0,0,1,source_annotation_pending_spot_check
stresstest_tool_tray,train,stresstest_tool_tray__q_jpg.rf.2b1a423b90e47c28bca4ae9e55b9176f__91e63ab1e9.jpg,2,0,0,source_annotation_pending_spot_check
stresstest_tool_tray,train,stresstest_tool_tray__qay_jpg.rf.9daa499591039dd73fc72c49ed362568__f86f842e13.jpg,2,0,0,source_annotation_pending_spot_check
stresstest_tool_tray,train,stresstest_tool_tray__QB224KV5EPQH_jpg.rf.3218b9909e47c8e9b6759eb9cab78b3d__380c6d6529.jpg,0,0,1,source_annotation_pending_spot_check
stresstest_tool_tray,train,stresstest_tool_tray__QLQOTJ4ZBRII_jpg.rf.0f64cff5b1d67bd3d33417c132394363__d887a41a2c.jpg,0,0,1,source_annotation_pending_spot_check
stresstest_tool_tray,train,stresstest_tool_tray__QMOK04PZ0N9L_jpg.rf.4be241206fbe1936c17389526ddec569__6438153dc0.jpg,0,0,1,source_annotation_pending_spot_check
stresstest_tool_tray,train,stresstest_tool_tray__QNLIKGV0HLOL_jpg.rf.0046850e680bff4feddc5564f4fbb443__6166ffe8c4.jpg,0,0,1,source_annotation_pending_spot_check
stresstest_tool_tray,train,stresstest_tool_tray__QOJOLGLL5O7W_jpg.rf.7df98e3eda2b527dad3b9de1279b9975__4ac804c9db.jpg,0,0,1,source_annotation_pending_spot_check
stresstest_tool_tray,train,stresstest_tool_tray__QOLEPXCUTZHK_jpg.rf.44697a9ee4c7255b033a644830f2183f__9f0184a6e2.jpg,0,0,3,source_annotation_pending_spot_check
stresstest_tool_tray,train,stresstest_tool_tray__QPYV2D78TMKO_jpg.rf.bbbf0f0e9c2d8016817b4ad801ffb1b9__822c81a881.jpg,0,0,2,source_annotation_pending_spot_check
stresstest_tool_tray,train,stresstest_tool_tray__qq_jpg.rf.0d7db1e12406e6d48c07c975c83fdbc7__a889085f9e.jpg,1,0,0,source_annotation_pending_spot_check
stresstest_tool_tray,train,stresstest_tool_tray__qqq_jpg.rf.e298a207e7d5319166d35ad91a7c3d33__335eeb6b64.jpg,1,0,0,source_annotation_pending_spot_check
stresstest_tool_tray,train,stresstest_tool_tray__qqw_jpg.rf.6c8d1fd0f2af6f37735b4f06843557a3__7f97f8d340.jpg,1,1,0,source_annotation_pending_spot_check
stresstest_tool_tray,train,stresstest_tool_tray__QW0U0BTZU7EV_jpg.rf.024a68be9ef689a0cbd4de24e224819e__cdbd26cb0f.jpg,0,0,1,source_annotation_pending_spot_check
stresstest_tool_tray,train,stresstest_tool_tray__QXBRKHF53S1C_jpg.rf.1f8367c02e1f347ac0f282c691cd06bd__df16ef6bf6.jpg,0,0,1,source_annotation_pending_spot_check
stresstest_tool_tray,train,stresstest_tool_tray__R0HCJFPWA2CM_jpg.rf.1fb8e5988e9bca9783088dd8ca3fd42f__041cf9a5d6.jpg,0,0,1,source_annotation_pending_spot_check
stresstest_tool_tray,train,stresstest_tool_tray__R0ISC1OQIBPK_jpg.rf.3c2adff5502a49412a0d2e5bc4d58297__173f11c94b.jpg,0,0,1,source_annotation_pending_spot_check
stresstest_tool_tray,train,stresstest_tool_tray__r223_jpg.rf.1680dd185bdd1168e5fd929765ae52fe__340b6dbaeb.jpg,1,0,0,source_annotation_pending_spot_check
stresstest_tool_tray,train,stresstest_tool_tray__r22_jpg.rf.40797b9416577dd254a4f780f4ab87a0__11a69edf09.jpg,1,0,0,source_annotation_pending_spot_check
stresstest_tool_tray,train,stresstest_tool_tray__r33_jpg.rf.7e74897b58d971eee6b500ae3445f8c6__b39422d9d1.jpg,1,0,0,source_annotation_pending_spot_check
stresstest_tool_tray,train,stresstest_tool_tray__r3ee3_jpg.rf.07245226f2a3e97f1b473e7665cd4ac3__fa556b65a9.jpg,2,0,0,source_annotation_pending_spot_check
stresstest_tool_tray,train,stresstest_tool_tray__R5JN5AYP1I1B_jpg.rf.39837b231fcf6e456c1e3cb7aa69895c__294c06296b.jpg,0,0,1,source_annotation_pending_spot_check
stresstest_tool_tray,train,stresstest_tool_tray__R629V1KNS0DG_jpg.rf.0041b1390a897ac99bf73fccc03b4edc__95149f0dd6.jpg,0,0,1,source_annotation_pending_spot_check
stresstest_tool_tray,train,stresstest_tool_tray__R6WUMLBNCJC7_jpg.rf.d216279f207c69f18baaeb35dcf347ec__a422c52374.jpg,0,0,1,source_annotation_pending_spot_check
stresstest_tool_tray,train,stresstest_tool_tray__R9HM8AG4NSN6_jpg.rf.15132e4a04e86cb04f4167578f94d46a__156d3362b8.jpg,0,0,1,source_annotation_pending_spot_check
stresstest_tool_tray,train,stresstest_tool_tray__RA2ZPPS886PV_jpg.rf.0e35a7879a996045399ac49eae3e4da2__ed3d9df28a.jpg,0,0,1,source_annotation_pending_spot_check
stresstest_tool_tray,train,stresstest_tool_tray__REHPY5OK6VRS_jpg.rf.8eb9fc9372d3bded927fdf169bfdfb56__449b6f9563.jpg,0,0,1,source_annotation_pending_spot_check
stresstest_tool_tray,train,stresstest_tool_tray__rew_jpg.rf.3328f52a677a95b8c5b96547d34526f2__d9f6a21a85.jpg,1,0,0,source_annotation_pending_spot_check
stresstest_tool_tray,train,stresstest_tool_tray__RJLLTZTBV2CQ_jpg.rf.822d213cfeb33d7cc20549955413d732__78be2c084c.jpg,0,0,1,source_annotation_pending_spot_check
stresstest_tool_tray,train,stresstest_tool_tray__RP5FVNXFIHEQ_jpg.rf.0bfdd12f84216311b0d7cf398c16bd4f__7a8bb294d1.jpg,0,0,1,source_annotation_pending_spot_check
stresstest_tool_tray,train,stresstest_tool_tray__rqw_jpg.rf.397da133f97fa17f9f9086ed73104fea__cac8f8a8fa.jpg,1,0,0,source_annotation_pending_spot_check
stresstest_tool_tray,train,stresstest_tool_tray__RRHZ7OIBP7IY_jpg.rf.8408aad2a4b7f003627f1ee390eddade__afaebc8aa9.jpg,0,0,3,source_annotation_pending_spot_check
stresstest_tool_tray,train,stresstest_tool_tray__RSWSI43HCQEI_jpg.rf.4018f675fe74da7a1bf2584b7c9ac6ae__aec25683cd.jpg,0,0,1,source_annotation_pending_spot_check
stresstest_tool_tray,train,stresstest_tool_tray__s-l1600_jpg.rf.12c0df52d8cac2e6777924fe614a4a25__1c3b8df901.jpg,0,1,0,source_annotation_pending_spot_check
stresstest_tool_tray,train,stresstest_tool_tray__S5DYWQCUAJRZ_jpg.rf.3d962367b5c99b707ad6dd5d5be09983__ed3c63700b.jpg,0,0,1,source_annotation_pending_spot_check
stresstest_tool_tray,train,stresstest_tool_tray__S657Y5RSS924_jpg.rf.3af3c7c1037eb914f1c782ab3b89f521__d015ef68ab.jpg,0,0,3,source_annotation_pending_spot_check
stresstest_tool_tray,train,stresstest_tool_tray__S7BFF5GIEGPG_jpg.rf.334a38b28ac110f52a821501da4ae5af__1f3b6732d7.jpg,0,0,1,source_annotation_pending_spot_check
stresstest_tool_tray,train,stresstest_tool_tray__S8JY4FIDYAU7_jpg.rf.1d7ffd86bc93ce7fa9a2af6913ee0dcd__8c2a0ae994.jpg,0,0,1,source_annotation_pending_spot_check
stresstest_tool_tray,train,stresstest_tool_tray__screw-2119327_1280_jpg.rf.16e44b5d486e2e40f92491fdc179cb8f__281d35c2e0.jpg,1,1,0,source_annotation_pending_spot_check
stresstest_tool_tray,valid,stresstest_tool_tray__screw-7487411_1280_jpg.rf.3f2e96080527577da7702ab422e5a1ce__6eb3a4199f.jpg,0,1,0,source_annotation_pending_spot_check
stresstest_tool_tray,train,stresstest_tool_tray__sdcsdc_jpg.rf.3e29db9d6f3a736581e0206703a37d15__d1a693ecef.jpg,3,0,0,source_annotation_pending_spot_check
stresstest_tool_tray,train,stresstest_tool_tray__sddefault_jpg.rf.7b20431daf18500fa30d06a51ba644d8__49f7bd191e.jpg,0,1,0,source_annotation_pending_spot_check
stresstest_tool_tray,train,stresstest_tool_tray__sdfs_jpg.rf.1fe02b433089d329d6837d51de643269__977f968245.jpg,1,0,0,source_annotation_pending_spot_check
stresstest_tool_tray,train,stresstest_tool_tray__SI30UXL2MNSQ_jpg.rf.19dd1b140300182b780772004016e88f__f31818a9a4.jpg,0,0,1,source_annotation_pending_spot_check
stresstest_tool_tray,train,stresstest_tool_tray__SIBZYHVGAZYP_jpg.rf.0c58141d7584383bb80c4c0b7ca6cc5f__3629c58776.jpg,0,0,1,source_annotation_pending_spot_check
stresstest_tool_tray,train,stresstest_tool_tray__SKAFPF0GSVEZ_jpg.rf.be7c8e6cb96bd6d8b73e40d340edf5e2__f1550e9c1a.jpg,0,0,1,source_annotation_pending_spot_check
stresstest_tool_tray,train,stresstest_tool_tray__SL5RP07IX8P5_jpg.rf.5abd05736b42f1a0f619a9698d326cec__937b2fd056.jpg,0,0,1,source_annotation_pending_spot_check
stresstest_tool_tray,train,stresstest_tool_tray__SQF7PRZVCBZS_jpg.rf.041dd2fe213ca8f8784da5b3ecd2629d__ebdbde743b.jpg,0,0,1,source_annotation_pending_spot_check
stresstest_tool_tray,train,stresstest_tool_tray__SS4BY8LGTEV6_jpg.rf.1c3ef039ff36731099f8bf718c6b4829__c905a940a8.jpg,0,0,2,source_annotation_pending_spot_check
stresstest_tool_tray,train,stresstest_tool_tray__ssdcdw_jpg.rf.3bcf911a6a37f2df86e884f072549914__314754a303.jpg,4,0,0,source_annotation_pending_spot_check
stresstest_tool_tray,valid,stresstest_tool_tray__ssdfw_jpg.rf.06b17ad4104426f0413e720e673291b1__9e234e3973.jpg,1,0,0,source_annotation_pending_spot_check
stresstest_tool_tray,train,stresstest_tool_tray__ssxsx_jpg.rf.0a3925b666ebd50b658120fec1ee05c8__14fe19ed2d.jpg,3,0,0,source_annotation_pending_spot_check
stresstest_tool_tray,train,stresstest_tool_tray__ssxsxsa_jpg.rf.3392f49fa4d66dfbf88444f438bb3754__483a8ab656.jpg,1,0,0,source_annotation_pending_spot_check
stresstest_tool_tray,train,stresstest_tool_tray__stainless-steel-316-hex-nuts-500x500_jpg.rf.92eeaf2887c96ac8cb35d0f04a0c85a4__a0f2ec7a3c.jpg,0,1,0,source_annotation_pending_spot_check
stresstest_tool_tray,train,stresstest_tool_tray__sxs_jpg.rf.7023a877e47ab9ef1a8cc12ad6b3810a__bf79171d26.jpg,1,0,0,source_annotation_pending_spot_check
stresstest_tool_tray,train,stresstest_tool_tray__sxss_jpg.rf.248c27157cb32de019a3dac7ba7c0f52__ae0a46257f.jpg,2,0,0,source_annotation_pending_spot_check
stresstest_tool_tray,train,stresstest_tool_tray__t4_jpg.rf.315ddb7324a6d0ac263802023b748616__730b0d153c.jpg,1,0,0,source_annotation_pending_spot_check
stresstest_tool_tray,train,stresstest_tool_tray__T5D82JBFDK4S_jpg.rf.298c12dc2fe1521f4ad20d8eb4eec7d2__64ae5c2205.jpg,0,0,1,source_annotation_pending_spot_check
stresstest_tool_tray,train,stresstest_tool_tray__T9DPEIDN8ERV_jpg.rf.3719ce9c0993e9887b956e378d9e11ba__50db246c9b.jpg,0,0,1,source_annotation_pending_spot_check
stresstest_tool_tray,train,stresstest_tool_tray__TC8TECXQ74Q8_jpg.rf.253451746a8ac17db425e0f25dca646f__24b972748e.jpg,0,0,1,source_annotation_pending_spot_check
stresstest_tool_tray,train,stresstest_tool_tray__TFJDEKZQTVUB_jpg.rf.3b0e8105942c974e4cfeef4c92ac4995__1b73db8a32.jpg,0,0,1,source_annotation_pending_spot_check
stresstest_tool_tray,train,stresstest_tool_tray__TH1-1_jpg.rf.091d5ba7b4b6c92ff692b2a963cd4c73__5b3b3b17f2.jpg,0,1,0,source_annotation_pending_spot_check
stresstest_tool_tray,train,stresstest_tool_tray__th1220ch_0_jpg.rf.4b4f9262ecc998438f486e213a724b8a__5b69c7dfa1.jpg,0,2,0,source_annotation_pending_spot_check
stresstest_tool_tray,train,stresstest_tool_tray__th38_0_jpg.rf.145eb2e88259a8214c7425569511600c__3fbbc0ee76.jpg,0,3,0,source_annotation_pending_spot_check
stresstest_tool_tray,train,stresstest_tool_tray__TH38_jpg.rf.805b4b892208560767887790371eed6f__2c59e915b5.jpg,0,1,0,source_annotation_pending_spot_check
stresstest_tool_tray,train,stresstest_tool_tray__TI8EAH1XSEXT_jpg.rf.0f6d5e0601235576fb9a01791fc27ac4__8335acbfba.jpg,0,0,1,source_annotation_pending_spot_check
stresstest_tool_tray,train,stresstest_tool_tray__tidak_ada_merk_din985_nylon_hex_nut_-_mur_nylon_hexa_stainless_steel_m5_full01_p5e0fs27_jpg.rf.c03b20537f58a5bddea8ec352750ee9d__b2a3bc0358.jpg,0,1,0,source_annotation_pending_spot_check
stresstest_tool_tray,train,stresstest_tool_tray__TK2L6XQWWY02_jpg.rf.12bec248cbf02b2ecee3bc9270070796__4d01eed582.jpg,0,0,1,source_annotation_pending_spot_check
stresstest_tool_tray,train,stresstest_tool_tray__TP67B7ESXUBV_jpg.rf.2a984642ef9484a72fadd651cb020265__d52ae4928e.jpg,0,0,4,source_annotation_pending_spot_check
stresstest_tool_tray,train,stresstest_tool_tray__TU4UEKYAMFTU_jpg.rf.42f972aee640034c9fe8e77d82422321__ed81e46306.jpg,0,0,1,source_annotation_pending_spot_check
stresstest_tool_tray,train,stresstest_tool_tray__tuerca-hexagonal-inoxidable-304-2_png.rf.7eaa824c4bdd3a30d2d8a01c29daeeff__cb97234730.jpg,0,1,0,source_annotation_pending_spot_check
stresstest_tool_tray,train,stresstest_tool_tray__tuerca-m3x2mm-hierro-1-8190_thumb_450x450_png.rf.08da715446760a018346f965d3f60226__ef979bc6df.jpg,0,1,0,source_annotation_pending_spot_check
stresstest_tool_tray,train,stresstest_tool_tray__TUERCA20EXAGONAL20DIN-934_jpg.rf.31cf4390df58af220036fdef78698a61__f3f5738678.jpg,0,6,0,source_annotation_pending_spot_check
stresstest_tool_tray,train,stresstest_tool_tray__Tuerca2H_png.rf.25f2af3c526c3bd087e40e6d05d3d9c4__888d076169.jpg,0,1,0,source_annotation_pending_spot_check
stresstest_tool_tray,train,stresstest_tool_tray__Tuerca_Gram_Bel_771_jpg.rf.24e678c860244f9e9a79bbac854f76af__0598f4ff85.jpg,0,1,0,source_annotation_pending_spot_check
stresstest_tool_tray,train,stresstest_tool_tray__Tuerca_Gripco_TCAGN_TCAGF_99b8ae5b-8386-4007-8ece-8ff80028bf0c_jpg.rf.0cd9c6d4b7ff6675283f913ecb866ae9__e5a3c84679.jpg,0,3,0,source_annotation_pending_spot_check
stresstest_tool_tray,train,stresstest_tool_tray__tuerca_hexagonal_cuerda_estandar_unc_inoxidable_t316-2_jpg.rf.54227682433b4d1df7c8f114dd1e09b0__fa970f8078.jpg,0,1,0,source_annotation_pending_spot_check
stresstest_tool_tray,train,stresstest_tool_tray__Tuerca_hexagonal_Galvanizada_tcahg_0c80577d-5854-4bf5-8b53-7789d9128a28_jpg.rf.4a791bc2152eae24468cea2a4f7ef9c8__3bc3697b00.jpg,0,3,0,source_annotation_pending_spot_check
stresstest_tool_tray,train,stresstest_tool_tray__Tuerca_hexagonal_grado_5_tcaan_tcaaf_b9490f59-c3b3-428b-bd0e-38d356821e8f_jpg.rf.223273cfe7bf676c3d5d8ac437c04814__423ebd8cc1.jpg,0,2,0,source_annotation_pending_spot_check
stresstest_tool_tray,train,stresstest_tool_tray__Tuerca_inserto_de_nylon_inox_-_tcannin_3738cba2-c537-43cc-9aa2-81b6b063dee0_jpg.rf.63976beadc0bcf14c3206582c9c7a93b__9475bd5746.jpg,0,2,0,source_annotation_pending_spot_check
stresstest_tool_tray,train,stresstest_tool_tray__tuerca_jpg.rf.023ca8f23187489a82ce7ded68f7ed67__2c3042de16.jpg,0,1,0,source_annotation_pending_spot_check
stresstest_tool_tray,train,stresstest_tool_tray__TUERCA_png.rf.49361ad99a700cc23da6be8fd847853c__0fc1f18ad7.jpg,0,1,0,source_annotation_pending_spot_check
stresstest_tool_tray,train,stresstest_tool_tray__tuercas-de-presion-de-acero-galvanizado-e73_jpg.rf.27e5ba196c688bbb0afcc1a2895d98fa__e2f4ad802f.jpg,0,1,0,source_annotation_pending_spot_check
stresstest_tool_tray,train,stresstest_tool_tray__tuercas-hexagonales-d82_jpg.rf.704497d52d63fdc52f7e81cecf4f647e__94827d33c6.jpg,0,1,0,source_annotation_pending_spot_check
stresstest_tool_tray,train,stresstest_tool_tray__tuercas-hexagonales-grado-5-883_jpg.rf.2e887ff479ac263d1177f73618cb85b6__38e92e8dc4.jpg,0,1,0,source_annotation_pending_spot_check
stresstest_tool_tray,train,stresstest_tool_tray__TUES-3-16_jpg.rf.08be6741c6e06dd86774a32efe803976__3c877ad732.jpg,0,1,0,source_annotation_pending_spot_check
stresstest_tool_tray,train,stresstest_tool_tray__TVFDANTQL2GU_jpg.rf.0d23d1d5fcea5c2d4aa403bd7dcb98ef__413ed49612.jpg,0,0,1,source_annotation_pending_spot_check
stresstest_tool_tray,train,stresstest_tool_tray__U0AD3J1CMB4V_jpg.rf.4f22e9b982a1d1a68044bb5834b120c5__dec7c6d7c2.jpg,0,0,1,source_annotation_pending_spot_check
stresstest_tool_tray,train,stresstest_tool_tray__U1REECXY721Y_jpg.rf.b6dd66604e1169c53df284551e04a494__3f3bbcdb61.jpg,0,0,4,source_annotation_pending_spot_check
stresstest_tool_tray,train,stresstest_tool_tray__U2OKW4DX6BH2_jpg.rf.35ca3aed302a5ac7b2286ffae31b8df0__d2169a059f.jpg,0,0,1,source_annotation_pending_spot_check
stresstest_tool_tray,train,stresstest_tool_tray__U4CZ735YYFTA_jpg.rf.2ebb814ef6c94050c1693c5873a50415__3ecf0c909c.jpg,0,0,1,source_annotation_pending_spot_check
stresstest_tool_tray,train,stresstest_tool_tray__U5ND3CEVVG6W_jpg.rf.24f174a8c6a1b47124f2506cdd7679b4__06fb0551fe.jpg,0,0,1,source_annotation_pending_spot_check
stresstest_tool_tray,train,stresstest_tool_tray__U980SSI8P71R_jpg.rf.0d1f412992a5d8c220fda1a5d7703c4b__7d12119c4c.jpg,0,0,1,source_annotation_pending_spot_check
stresstest_tool_tray,train,stresstest_tool_tray__UG3MP24WDGQS_jpg.rf.7ac0bf43860b1dd7858a56123ff0e756__f050a80668.jpg,0,0,1,source_annotation_pending_spot_check
stresstest_tool_tray,train,stresstest_tool_tray__UJ3B05DHSCW8_jpg.rf.359cc9c88856f86315c1f18adaa9edc6__a0d7847cfa.jpg,0,0,1,source_annotation_pending_spot_check
stresstest_tool_tray,train,stresstest_tool_tray__ULBUB2EPWCDJ_jpg.rf.1605afde3d16e9f5bee0f0f3a99aead8__ac39a2d234.jpg,0,0,1,source_annotation_pending_spot_check
stresstest_tool_tray,train,stresstest_tool_tray__ULTMGZ4JA0NH_jpg.rf.5427f2d93b5c2b42dd42f58719ee6b25__1b0730b59c.jpg,0,0,1,source_annotation_pending_spot_check
stresstest_tool_tray,train,stresstest_tool_tray__UMLYS0HWGF7V_jpg.rf.67a93fda61e4009a558835b5c2e0ab85__2c658f739c.jpg,0,0,1,source_annotation_pending_spot_check
stresstest_tool_tray,train,stresstest_tool_tray__union-hexagonal-nut_png.rf.2f79d55bbd5eaf2fb7aadb3d7753a0a2__237e3281dc.jpg,0,1,0,source_annotation_pending_spot_check
stresstest_tool_tray,train,stresstest_tool_tray__Untitled_jpg.rf.3004c167da2e5b6feeb949a92283f21c__f5b7e9fcaa.jpg,1,1,0,source_annotation_pending_spot_check
stresstest_tool_tray,train,stresstest_tool_tray__UPEJNQG307Y6_jpg.rf.2e6b678abd3607f0bae200e123ae3467__9eb35aa050.jpg,0,0,1,source_annotation_pending_spot_check
stresstest_tool_tray,train,stresstest_tool_tray__UQWZ54SJR74D_jpg.rf.116e78542c7ee62a4628866b23fef592__0d1a67d26e.jpg,0,0,1,source_annotation_pending_spot_check
stresstest_tool_tray,train,stresstest_tool_tray__usos-de-las-tuercas-de-seguridad-11_jpg.rf.47ff298f745cb30cfedcb671cd348e1f__2e489a8a1c.jpg,0,3,0,source_annotation_pending_spot_check
stresstest_tool_tray,train,stresstest_tool_tray__USWMQ8DPCKFY_jpg.rf.56e55dceb2f5ec88b76b3105dc6b0695__dddca23a45.jpg,0,0,1,source_annotation_pending_spot_check
stresstest_tool_tray,train,stresstest_tool_tray__UVAYOIOM2HV1_jpg.rf.16196042616838079f8eaf1b82968418__dad86a1512.jpg,0,0,1,source_annotation_pending_spot_check
stresstest_tool_tray,train,stresstest_tool_tray__UZ2KTHF8I09G_jpg.rf.1a24b72ddc51ef0af6733cd66f3ca1aa__80cc30aa01.jpg,0,0,1,source_annotation_pending_spot_check
stresstest_tool_tray,train,stresstest_tool_tray__V0WOABYRWTQL_jpg.rf.02a71d198d5aa60579e5f09cba0901b3__3a2dfc4f3d.jpg,0,0,1,source_annotation_pending_spot_check
stresstest_tool_tray,train,stresstest_tool_tray__V41GZ2GNZ12U_jpg.rf.40c698be10c790ab2c7433ecdb0e70a7__b91d087e28.jpg,0,0,1,source_annotation_pending_spot_check
stresstest_tool_tray,train,stresstest_tool_tray__V4C9AQ4D5S3J_jpg.rf.182505b22a3e49a00b73f21edc4238de__ca54ca5011.jpg,0,0,3,source_annotation_pending_spot_check
stresstest_tool_tray,train,stresstest_tool_tray__VA75KX6JR6AP_jpg.rf.0bd9a4daef5b2dec08127a8339e700fe__a7b6e13a30.jpg,0,0,1,source_annotation_pending_spot_check
stresstest_tool_tray,train,stresstest_tool_tray__VC0MC27QSEHR_jpg.rf.c4d04d132f8ea3c8210ba30bf518a9a2__7aef09f3ba.jpg,0,0,1,source_annotation_pending_spot_check
stresstest_tool_tray,train,stresstest_tool_tray__vcx_jpg.rf.393fa5d6866df4350eaa227af4b1ec17__d9700720f6.jpg,2,0,0,source_annotation_pending_spot_check
stresstest_tool_tray,train,stresstest_tool_tray__VDRJO6BNDBS9_jpg.rf.3d3940e56dd7845cc7ccefbf9233976b__449f3df25f.jpg,0,0,1,source_annotation_pending_spot_check
stresstest_tool_tray,train,stresstest_tool_tray__VEQBT1ZO6YZF_jpg.rf.63a8891ce670ef411ae39b8420b15e6e__ecb79710ad.jpg,0,0,1,source_annotation_pending_spot_check
stresstest_tool_tray,train,stresstest_tool_tray__VH1SDW8G6BKB_jpg.rf.5ba201e0e2281ed798402a6516ebdb89__039fd19dc4.jpg,0,0,2,source_annotation_pending_spot_check
stresstest_tool_tray,train,stresstest_tool_tray__VJMWF2SB3CIZ_jpg.rf.47370cb9d8c5083be08c4ed343deb721__9d8f331b96.jpg,0,0,1,source_annotation_pending_spot_check
stresstest_tool_tray,train,stresstest_tool_tray__VMFU5BZAECGZ_jpg.rf.a0e551802de55d651db0b3ea598d89c4__9f6455e862.jpg,0,0,1,source_annotation_pending_spot_check
stresstest_tool_tray,train,stresstest_tool_tray__VQ11WZFSH3WS_jpg.rf.37a2302b4bea049853b333de8871b7d3__692e3d6fc9.jpg,0,0,1,source_annotation_pending_spot_check
stresstest_tool_tray,train,stresstest_tool_tray__VV4401FUM6ZJ_jpg.rf.41ad64c91763605a8c61e93df6cb1feb__d6b03f8cb0.jpg,0,0,1,source_annotation_pending_spot_check
stresstest_tool_tray,train,stresstest_tool_tray__VXV08DPDHVXF_jpg.rf.4ea63f5e740c5067d449330370b4fe4f__8506177a8c.jpg,0,0,1,source_annotation_pending_spot_check
stresstest_tool_tray,train,stresstest_tool_tray__VZR63YLQ5H3M_jpg.rf.6289dce76b398633c35c5873a2a4da6f__ae2673445f.jpg,0,0,1,source_annotation_pending_spot_check
stresstest_tool_tray,train,stresstest_tool_tray__W082UGWSIMDL_jpg.rf.0c2f6b95f2531fc617d4482853e11ed1__bcf9039a6e.jpg,0,0,1,source_annotation_pending_spot_check
stresstest_tool_tray,train,stresstest_tool_tray__W7H70Z730A2M_jpg.rf.06443931392938be1ab84ed4b3e8aa57__06b65ac9d2.jpg,0,0,1,source_annotation_pending_spot_check
stresstest_tool_tray,train,stresstest_tool_tray__W7J92YTM2L6L_jpg.rf.263b91d95eccedd10225defb428cda63__cc14808ae4.jpg,0,0,1,source_annotation_pending_spot_check
stresstest_tool_tray,train,stresstest_tool_tray__WB5GPCUHBBBV_jpg.rf.0a9d011f4c78c8d2da168f188bd63d39__6e9f3f330b.jpg,0,0,1,source_annotation_pending_spot_check
stresstest_tool_tray,train,stresstest_tool_tray__WEBG5S92RLD6_jpg.rf.2eaf0421c22949be5ab4f29a595fb2e2__fc52f8652c.jpg,0,0,1,source_annotation_pending_spot_check
stresstest_tool_tray,train,stresstest_tool_tray__weedf_jpg.rf.32f69bcd46b5b7f998aa17bffc6692fc__ead8d00fc0.jpg,3,0,0,source_annotation_pending_spot_check
stresstest_tool_tray,train,stresstest_tool_tray__wefwfewef_jpg.rf.2e6a58d302e6d07126b3b1fa69685d41__7fa3ebb6f1.jpg,1,0,0,source_annotation_pending_spot_check
stresstest_tool_tray,train,stresstest_tool_tray__werwer_jpg.rf.2bd1c700ade43693cb34fc5467a4b53d__cee655724a.jpg,1,0,0,source_annotation_pending_spot_check
stresstest_tool_tray,test,stresstest_tool_tray__wewe_jpg.rf.0c3e9a8dfa18c54a08507a3e1e7dfeea__6cbe54a0dc.jpg,1,0,0,source_annotation_pending_spot_check
stresstest_tool_tray,train,stresstest_tool_tray__wewewe_jpg.rf.0e0171325aac808b9f8797fcdf9464b6__d7f55e2b95.jpg,1,0,0,source_annotation_pending_spot_check
stresstest_tool_tray,train,stresstest_tool_tray__wewewee_jpg.rf.54ba6c3eecba66c49e161bbdc92ab90c__5dba76251d.jpg,1,0,0,source_annotation_pending_spot_check
stresstest_tool_tray,train,stresstest_tool_tray__WFHIPG1X8BXR_jpg.rf.0067e15dc1006b3fab9332b990079a98__0da8bc8b87.jpg,0,0,1,source_annotation_pending_spot_check
stresstest_tool_tray,train,stresstest_tool_tray__WLRYIFI1B0S0_jpg.rf.88f57ce7ec194518f1cca65290ce9e56__c71b93428e.jpg,0,0,1,source_annotation_pending_spot_check
stresstest_tool_tray,train,stresstest_tool_tray__WLV00LUFUJUH_jpg.rf.66891e366dc2611520471427194689b2__7d436bb68e.jpg,0,0,1,source_annotation_pending_spot_check
stresstest_tool_tray,train,stresstest_tool_tray__WMLRPAG06QN7_jpg.rf.6b744b126acc7a5d1621772131b433d8__0a51678d00.jpg,0,0,1,source_annotation_pending_spot_check
stresstest_tool_tray,train,stresstest_tool_tray__WPTRMU68AXMU_jpg.rf.0528122037412a24210566df2da6ef31__3ae7d64e82.jpg,0,0,1,source_annotation_pending_spot_check
stresstest_tool_tray,train,stresstest_tool_tray__WV3Q8YE37AWM_jpg.rf.00dbc213a37200803d5fe4c65b7dd9ad__b5ad4dbd66.jpg,0,0,1,source_annotation_pending_spot_check
stresstest_tool_tray,train,stresstest_tool_tray__wwsw_jpg.rf.588332c07955cd353f23225abb25bf75__9ee88356c0.jpg,6,0,0,source_annotation_pending_spot_check
stresstest_tool_tray,train,stresstest_tool_tray__wwww_jpg.rf.20dddd194ad7e666ca256eadc47af0f4__830edbab9b.jpg,2,0,0,source_annotation_pending_spot_check
stresstest_tool_tray,train,stresstest_tool_tray__WXT8APTY1YY2_jpg.rf.0aed921d66ae3055f864cf87225b45d0__98f59aac8c.jpg,0,0,1,source_annotation_pending_spot_check
stresstest_tool_tray,train,stresstest_tool_tray__X0CR78MYUNCC_jpg.rf.4751bcbcb9d8b7508cf39ba3b2654007__574727d6bc.jpg,0,0,1,source_annotation_pending_spot_check
stresstest_tool_tray,train,stresstest_tool_tray__X4TF6KWF4ZWN_jpg.rf.67b96306022c0ed43f6cf141cd7d8c6f__0e0d591f6c.jpg,0,0,1,source_annotation_pending_spot_check
stresstest_tool_tray,train,stresstest_tool_tray__X9L7YF21EI3J_jpg.rf.132e1bd03f222452e1b006c35dd11a37__a30905e4b4.jpg,0,0,1,source_annotation_pending_spot_check
stresstest_tool_tray,train,stresstest_tool_tray__XBT85RG15TPI_jpg.rf.0fdefd39cf86f4746304dce810b1d44e__37ba58f7b3.jpg,0,0,1,source_annotation_pending_spot_check
stresstest_tool_tray,train,stresstest_tool_tray__XCB33UGW9HJT_jpg.rf.3ff086551333b70e9a054d15a2f3b611__b7952fefa8.jpg,0,0,1,source_annotation_pending_spot_check
stresstest_tool_tray,train,stresstest_tool_tray__XER5XUD99RSO_jpg.rf.5443190224d40fa043a390f133a9e327__5dbe9c9307.jpg,0,0,1,source_annotation_pending_spot_check
stresstest_tool_tray,train,stresstest_tool_tray__XHMH7F4RSOX6_jpg.rf.5eebd280bebd49f03086937c379cb92e__5aa9678c78.jpg,0,0,1,source_annotation_pending_spot_check
stresstest_tool_tray,train,stresstest_tool_tray__XQBPG6DC3F3R_jpg.rf.692fcdc1cb7479a3183fbb79b1c4c75e__b7fdd2e630.jpg,0,0,1,source_annotation_pending_spot_check
stresstest_tool_tray,train,stresstest_tool_tray__XWVQIN2XL6US_jpg.rf.10c8c5f475991f39009e302841c9d2aa__bae194a19a.jpg,0,0,1,source_annotation_pending_spot_check
stresstest_tool_tray,train,stresstest_tool_tray__xx_jpg.rf.11109834648fad18ee0d92bf9be80a87__ba2c70f85b.jpg,1,0,0,source_annotation_pending_spot_check
stresstest_tool_tray,train,stresstest_tool_tray__XXA5Q6HPA3CA_jpg.rf.3c92aa3008ac5fe619104c22db15874c__f45f40750c.jpg,0,0,1,source_annotation_pending_spot_check
stresstest_tool_tray,train,stresstest_tool_tray__xxsw_jpg.rf.844c8477b3b49a66fdaa1e0548c83e11__04bc417981.jpg,1,0,0,source_annotation_pending_spot_check
stresstest_tool_tray,train,stresstest_tool_tray__xxx_jpg.rf.460bb6c64c014ecdc9c8fbc10f30d3cf__ba50d2e192.jpg,4,0,0,source_annotation_pending_spot_check
stresstest_tool_tray,train,stresstest_tool_tray__Y8E8CEMTJ45Q_jpg.rf.6188d73d14498856af7a7e9956415045__51afd8ba64.jpg,0,0,1,source_annotation_pending_spot_check
stresstest_tool_tray,train,stresstest_tool_tray__y_jpg.rf.0945ceb0d2cabb87c34dddc69b24fc69__2440fd109b.jpg,1,0,0,source_annotation_pending_spot_check
stresstest_tool_tray,train,stresstest_tool_tray__ya_jpg.rf.09b35bd4c40529816e9f85817c539dfd__8abe254792.jpg,4,0,0,source_annotation_pending_spot_check
stresstest_tool_tray,train,stresstest_tool_tray__yawe_jpg.rf.0917688847ec798ee3895627fb3a1ebd__1ecb766a95.jpg,1,0,0,source_annotation_pending_spot_check
stresstest_tool_tray,train,stresstest_tool_tray__YJSDCWOLK0BJ_jpg.rf.54a5ade206fae6ed3f7d7d4a7cab3a9c__afd437eb8f.jpg,0,0,1,source_annotation_pending_spot_check
stresstest_tool_tray,train,stresstest_tool_tray__YMS5RV1BS36R_jpg.rf.573f875cd221ef821a48bd106c412feb__548af18d78.jpg,0,0,1,source_annotation_pending_spot_check
stresstest_tool_tray,train,stresstest_tool_tray__YND4Y469JCFU_jpg.rf.06d6c76cd5d46f766c648b4f838c06ce__1f7383792e.jpg,0,0,1,source_annotation_pending_spot_check
stresstest_tool_tray,train,stresstest_tool_tray__YSZ3B0373X1X_jpg.rf.5213c92aabd2c97f5c93a800aba9ca36__14132a6c6c.jpg,0,0,1,source_annotation_pending_spot_check
stresstest_tool_tray,train,stresstest_tool_tray__YU57EUPW4PRK_jpg.rf.4db959ee116395f8867d3ddb50ba5c99__f4444acb44.jpg,0,0,1,source_annotation_pending_spot_check
stresstest_tool_tray,train,stresstest_tool_tray__yxc_jpg.rf.85094f76617a77fcb61d6a035e004172__0475dcb289.jpg,1,0,0,source_annotation_pending_spot_check
stresstest_tool_tray,train,stresstest_tool_tray__yyaq1_jpg.rf.b6e76e834a91e5275c196809879f9df1__094ef47de9.jpg,1,0,0,source_annotation_pending_spot_check
stresstest_tool_tray,train,stresstest_tool_tray__yyy_jpg.rf.79effae3dca2275f4d8b021ccc792c97__172bbd03a6.jpg,1,0,0,source_annotation_pending_spot_check
stresstest_tool_tray,train,stresstest_tool_tray__yyyyy_jpg.rf.2c4e27ab2f25c9b71d4463f49e8a9f0b__abd45429c6.jpg,2,0,0,source_annotation_pending_spot_check
stresstest_tool_tray,train,stresstest_tool_tray__yyyyyyy_jpg.rf.35599cf073af376e8729d2b12710dc83__002603d641.jpg,2,0,0,source_annotation_pending_spot_check
stresstest_tool_tray,train,stresstest_tool_tray__Z2W5MX0P7A0F_jpg.rf.382f71e97ed09819c8783895a5020695__c877cb228c.jpg,0,0,1,source_annotation_pending_spot_check
stresstest_tool_tray,train,stresstest_tool_tray__Z2Z5MNYY18J4_jpg.rf.cb6c1f466575bf60a587af83ce95b92e__e449a4b85d.jpg,0,0,1,source_annotation_pending_spot_check
stresstest_tool_tray,train,stresstest_tool_tray__Z32LTQWT3ZT2_jpg.rf.0172a88d5970b14610d3a890e96b3e13__8581f6dc1a.jpg,0,0,1,source_annotation_pending_spot_check
stresstest_tool_tray,train,stresstest_tool_tray__Z46K67ZM5B0J_jpg.rf.b546fbaa9acb4fe991e9a7220cf388be__19e1fa0d5d.jpg,0,0,1,source_annotation_pending_spot_check
stresstest_tool_tray,train,stresstest_tool_tray__Z81117UHGBTT_jpg.rf.13d6ac4b5907363f0a4ae6dca82e4f32__f102591188.jpg,0,0,1,source_annotation_pending_spot_check
stresstest_tool_tray,train,stresstest_tool_tray__ZD2PITEF82JN_jpg.rf.a4243ba0c7652fe37c0a7060a897c99f__a892347497.jpg,0,0,1,source_annotation_pending_spot_check
stresstest_tool_tray,train,stresstest_tool_tray__ZIWC3PTBNVXM_jpg.rf.04e883cc79d879691a6f85658bed2cf8__63ab3f6dbc.jpg,0,0,1,source_annotation_pending_spot_check
stresstest_tool_tray,train,stresstest_tool_tray__ZO21PR4KR3RT_jpg.rf.02e87ae90d4ef674abc0fd3a1bd485ac__9b739338f2.jpg,0,0,1,source_annotation_pending_spot_check
stresstest_tool_tray,train,stresstest_tool_tray__ZXHD2CTQ5LJK_jpg.rf.1075a3cb80411ace87fc43be91b2a6fc__8de1a2baba.jpg,0,0,1,source_annotation_pending_spot_check
stresstest_tool_tray,valid,stresstest_tool_tray__02031_jpg.rf.349fafb217221ec77affe6011e60216e__788e22da4c.jpg,0,1,0,source_annotation_pending_spot_check
stresstest_tool_tray,valid,stresstest_tool_tray__0OUZNE34AX5O_jpg.rf.0e79d4fc2f529fc48d30fafcca807cfe__720b3a3a6f.jpg,0,0,6,source_annotation_pending_spot_check
stresstest_tool_tray,valid,stresstest_tool_tray__1200px-Tuerca_-_Nut_jpg.rf.e897fb1fd52a656b07fd7a1d886a6fff__b8e5177509.jpg,0,1,0,source_annotation_pending_spot_check
stresstest_tool_tray,valid,stresstest_tool_tray__1GDWWVQC5ZSO_jpg.rf.866086046694ca81bc0d80313db25a35__baa57e1a1f.jpg,0,0,1,source_annotation_pending_spot_check
stresstest_tool_tray,valid,stresstest_tool_tray__1JKIFCH60F1X_jpg.rf.002cd1f4c528de1904bb327ab86cca2f__15449ba3ca.jpg,0,0,1,source_annotation_pending_spot_check
stresstest_tool_tray,valid,stresstest_tool_tray__1OX2BHBFTFXR_jpg.rf.7577b41992cd9ab1a7075538eed97edd__7cfcb2c947.jpg,0,0,1,source_annotation_pending_spot_check
stresstest_tool_tray,train,stresstest_tool_tray__20_jpg.rf.d48404cd88b90799a656732253da344c__6d526aac9c.jpg,2,2,0,source_annotation_pending_spot_check
stresstest_tool_tray,valid,stresstest_tool_tray__21TCEPHXF164_jpg.rf.757b5bdc16c14c17f1fe76280cbca168__e74cce9918.jpg,0,0,1,source_annotation_pending_spot_check
stresstest_tool_tray,valid,stresstest_tool_tray__221000544648_002_jpg.rf.bccbf15c666b1884d861296e5ed59196__a7db8dfede.jpg,0,1,0,source_annotation_pending_spot_check
stresstest_tool_tray,valid,stresstest_tool_tray__24_jpg.rf.cc28d1d3fb31955d6d857d246b20b655__cecd3ebe46.jpg,0,1,0,source_annotation_pending_spot_check
stresstest_tool_tray,valid,stresstest_tool_tray__2T4BW2JTSNV4_jpg.rf.7fe05c2fba0f9fa6d388cc5f5eced857__ef5b0fa582.jpg,0,0,1,source_annotation_pending_spot_check
stresstest_tool_tray,valid,stresstest_tool_tray__30_jpg.rf.e312ff4e2f93d92665d102ed3828ee4a__08c6003db1.jpg,0,1,0,source_annotation_pending_spot_check
stresstest_tool_tray,valid,stresstest_tool_tray__30XYTSHOBTSW_jpg.rf.4e7a6e275cc7056553a361f04732b1ff__c400428872.jpg,0,0,1,source_annotation_pending_spot_check
stresstest_tool_tray,valid,stresstest_tool_tray__316-304-201-Baja-Tahan-Karat-DIN934-Hexagon-Hex-Nut-M1-2-3-4-5-62_jpg.rf.d9c4689306bedc321a26577f3469f16a__e5153b8aad.jpg,0,3,0,source_annotation_pending_spot_check
stresstest_tool_tray,valid,stresstest_tool_tray__316nhxc012_jpg.rf.60c03f902945412979a45584f34e2817__cb4239350a.jpg,0,1,0,source_annotation_pending_spot_check
stresstest_tool_tray,valid,stresstest_tool_tray__34444_jpg.rf.bdcb2d7e86df628e8ceb5cb6e2ebd05d__693567b02e.jpg,1,0,0,source_annotation_pending_spot_check
stresstest_tool_tray,valid,stresstest_tool_tray__38TBK25TCKJO_jpg.rf.6b99378d12b9dbd704c3451c43930050__89a3f351d1.jpg,0,0,1,source_annotation_pending_spot_check
stresstest_tool_tray,valid,stresstest_tool_tray__3FWKKRM6VLNV_jpg.rf.e64fa504b5b912961c98fdf86531d719__0c61805d4a.jpg,0,0,2,source_annotation_pending_spot_check
stresstest_tool_tray,valid,stresstest_tool_tray__3H2VZT62KHQD_jpg.rf.840feebc3092c295296885447eb0e828__f1d55fb4f5.jpg,0,0,1,source_annotation_pending_spot_check
stresstest_tool_tray,valid,stresstest_tool_tray__3KXZCS5X4M3B_jpg.rf.5514dd69445c39a75b887dc0be82d156__81ae8b2658.jpg,0,0,1,source_annotation_pending_spot_check
stresstest_tool_tray,valid,stresstest_tool_tray__3RP8PF9U0LWN_jpg.rf.19b551277ff5d1c32416f5b3e9e2a1cf__01f6ff1f32.jpg,0,0,1,source_annotation_pending_spot_check
stresstest_tool_tray,valid,stresstest_tool_tray__3TF1NGODK1CQ_jpg.rf.8247d57f5142488550274bff6873e9b6__a1884df332.jpg,0,0,1,source_annotation_pending_spot_check
stresstest_tool_tray,valid,stresstest_tool_tray__423795-d_jpg.rf.4559901e572d8159ec6473f22f3f6f04__7bf30d33a7.jpg,0,1,0,source_annotation_pending_spot_check
stresstest_tool_tray,valid,stresstest_tool_tray__42425H2WLLQM_jpg.rf.964826a682504408cb5cc28a59e31226__01ad7608a6.jpg,0,0,1,source_annotation_pending_spot_check
stresstest_tool_tray,valid,stresstest_tool_tray__4L4VGOQ182XQ_jpg.rf.8d50e1d2956d646d927ff66eec32ddd3__9391a79f84.jpg,0,0,1,source_annotation_pending_spot_check
stresstest_tool_tray,valid,stresstest_tool_tray__4r4_jpg.rf.3df32d918a4bb78b17ccc59162061545__e86b2cba2a.jpg,1,0,0,source_annotation_pending_spot_check
stresstest_tool_tray,valid,stresstest_tool_tray__4WP2QQ59B0FE_jpg.rf.4f0cbba89fbe4a2129c8fcc1a2261e27__1593ac5fb6.jpg,0,0,1,source_annotation_pending_spot_check
stresstest_tool_tray,valid,stresstest_tool_tray__4X6W0IH2GKT3_jpg.rf.ed886036f7a5ec617efb37e85bac1a93__4b41b70157.jpg,0,0,2,source_annotation_pending_spot_check
stresstest_tool_tray,valid,stresstest_tool_tray__4XKDME3X2FRA_jpg.rf.0e11c4e700f125a20e462b0e6e2bf5a3__45a8ef04a1.jpg,0,0,1,source_annotation_pending_spot_check
stresstest_tool_tray,valid,stresstest_tool_tray__51AS5kiKasL-_SR6002C315_PIWhiteStrip2CBottomLeft2C02C35_SCLZZZZZZZ_FMpng_BG2552C2552C255_jpg.rf.1db7873d2841d96db1f121e96488df1d__7b676adfe9.jpg,0,1,0,source_annotation_pending_spot_check
stresstest_tool_tray,valid,stresstest_tool_tray__51ROPSWIQORI_jpg.rf.1805cf9880623a1f4c9e581f43f2ecc2__621beaaf7f.jpg,0,0,1,source_annotation_pending_spot_check
stresstest_tool_tray,valid,stresstest_tool_tray__5381ZP1J8STE_jpg.rf.c3d5fd2ae7515eaa1147f7b9887932bf__4fa12bf941.jpg,0,0,4,source_annotation_pending_spot_check
stresstest_tool_tray,valid,stresstest_tool_tray__5J1GTAV5RD2Z_jpg.rf.b34dda48402da70d53887d7f20bab53c__39bfaf6c47.jpg,0,0,1,source_annotation_pending_spot_check
stresstest_tool_tray,valid,stresstest_tool_tray__5N41YHQ284OV_jpg.rf.a9b5d708d324bd55487bf664a5103e7d__629a260782.jpg,0,0,1,source_annotation_pending_spot_check
stresstest_tool_tray,valid,stresstest_tool_tray__5XTCESPPB5XR_jpg.rf.c183f7a9aebcbe4da010597efb3d4112__47ad5e4e3c.jpg,0,0,1,source_annotation_pending_spot_check
stresstest_tool_tray,valid,stresstest_tool_tray__601EQ9LPBCHK_jpg.rf.85fdc40eae5713b8bc33bca948d1cf65__92df89f0ba.jpg,0,0,1,source_annotation_pending_spot_check
stresstest_tool_tray,valid,stresstest_tool_tray__61APQUCAI7NR_jpg.rf.60bd1b4a51f2d9cec43664258900f7de__73db35ee1a.jpg,0,0,1,source_annotation_pending_spot_check
stresstest_tool_tray,valid,stresstest_tool_tray__61bGadtOf9L-_SL1000__jpg.rf.cee625d52755dc5fb2a46c0b800f0fe0__a430c986c3.jpg,0,4,0,source_annotation_pending_spot_check
stresstest_tool_tray,valid,stresstest_tool_tray__6CW1XPR8FCTB_jpg.rf.83556561eefebec3db18c0342692589e__abb12e923e.jpg,0,0,2,source_annotation_pending_spot_check
stresstest_tool_tray,valid,stresstest_tool_tray__6GW7HM1VPWFF_jpg.rf.029822b86e8ee53cc983e4b1a2ac4d72__dfdb41af73.jpg,0,0,1,source_annotation_pending_spot_check
stresstest_tool_tray,valid,stresstest_tool_tray__6HBXTC2WM9DH_jpg.rf.f54ce18c543fda45de318b92b50f8b6e__1c7fb8e23b.jpg,0,0,1,source_annotation_pending_spot_check
stresstest_tool_tray,valid,stresstest_tool_tray__74TTSZDTLDVP_jpg.rf.0d4456632affca353c44d3e39afd8430__5d80af9657.jpg,0,0,2,source_annotation_pending_spot_check
stresstest_tool_tray,valid,stresstest_tool_tray__769P4DZUVWN3_jpg.rf.24bce0a35cae326fe7966dc187e3a24b__1bc3b0cce1.jpg,0,0,1,source_annotation_pending_spot_check
stresstest_tool_tray,valid,stresstest_tool_tray__78WA9714G81Y_jpg.rf.d83cdd213ed217999cd1f06c3126bea3__b701423e84.jpg,0,0,1,source_annotation_pending_spot_check
stresstest_tool_tray,valid,stresstest_tool_tray__7KI35CQBOWHI_jpg.rf.8f08538263f1da262254e60e8c852221__4fc5bb5d69.jpg,0,0,1,source_annotation_pending_spot_check
stresstest_tool_tray,valid,stresstest_tool_tray__7SE6YXWE9RNR_jpg.rf.151153235dfe3d18a7e600ecfb9e2cbd__9170c7287a.jpg,0,0,1,source_annotation_pending_spot_check
stresstest_tool_tray,valid,stresstest_tool_tray__80420YA81AAN_jpg.rf.b5d9eb339da6d08c7b83a9af545bf8a7__830b7e5488.jpg,0,0,1,source_annotation_pending_spot_check
stresstest_tool_tray,valid,stresstest_tool_tray__81H5IB0jFML_jpg.rf.ce5faf42c43064d9b9fef84b70839c12__0875fd8587.jpg,0,1,0,source_annotation_pending_spot_check
stresstest_tool_tray,valid,stresstest_tool_tray__832574-d_jpg.rf.51747ea0a02bec3875e211c8f8911b4d__a0896bf338.jpg,0,1,0,source_annotation_pending_spot_check
stresstest_tool_tray,train,stresstest_tool_tray__89_jpg.rf.8aedd81f12263b4f7f9cd05c8b6fd826__e489ba7134.jpg,1,0,0,source_annotation_pending_spot_check
stresstest_tool_tray,valid,stresstest_tool_tray__8_jpg.rf.75f854a03fb8f41383b379156e459868__8768d8a485.jpg,1,0,0,source_annotation_pending_spot_check
stresstest_tool_tray,valid,stresstest_tool_tray__8KZDFX454ABA_jpg.rf.ce179888714438bde0a92c0a62c9af85__648729a75e.jpg,0,0,1,source_annotation_pending_spot_check
stresstest_tool_tray,valid,stresstest_tool_tray__8P3QXC3X0QOT_jpg.rf.f93fe460c73eb2e112f5df91f34da8dd__bf0d7e9200.jpg,0,0,1,source_annotation_pending_spot_check
stresstest_tool_tray,valid,stresstest_tool_tray__8TM370NNCC6Z_jpg.rf.e2cc6591663a250f752de77a981c3a4d__8cd3ef3431.jpg,0,0,1,source_annotation_pending_spot_check
stresstest_tool_tray,valid,stresstest_tool_tray__8TWQ5MMTRSKX_jpg.rf.e2a8e6b35bb58b9811f2633ca4f0dd2b__f88363e7ba.jpg,0,0,1,source_annotation_pending_spot_check
stresstest_tool_tray,valid,stresstest_tool_tray__8YA2SBB80T4G_jpg.rf.de064e80c7757f8514406c48eb6fcac8__5e3971168e.jpg,0,0,1,source_annotation_pending_spot_check
stresstest_tool_tray,valid,stresstest_tool_tray__92GULTZYGS40_jpg.rf.429078ca3f6ab587d85a7ffa757def41__5641fdce79.jpg,0,0,1,source_annotation_pending_spot_check
stresstest_tool_tray,valid,stresstest_tool_tray__98VN32JNKNYO_jpg.rf.b34eb3572633f5e9ab23ab4316f15090__5a1589f4ac.jpg,0,0,1,source_annotation_pending_spot_check
stresstest_tool_tray,valid,stresstest_tool_tray__9MVJ0LG44CIG_jpg.rf.7dabb17a25e6de0c38f06bf13c37f96e__c0eff88381.jpg,0,0,1,source_annotation_pending_spot_check
stresstest_tool_tray,valid,stresstest_tool_tray__9NYOGN7WYMLT_jpg.rf.72cc9e4fa12ea3f92b55ba9ee1b25e48__42708032a4.jpg,0,0,2,source_annotation_pending_spot_check
stresstest_tool_tray,valid,stresstest_tool_tray__asxasx_jpg.rf.8b3fd349ca5c590af7842db973b4dcaf__52e9804a0d.jpg,1,0,0,source_annotation_pending_spot_check
stresstest_tool_tray,valid,stresstest_tool_tray__aya_jpg.rf.9f53b9ff52c5f799c32fff1b78cdb237__57b38954ed.jpg,2,0,0,source_annotation_pending_spot_check
stresstest_tool_tray,valid,stresstest_tool_tray__ayy_jpg.rf.7713d5cbf5b60fed84d2a87b949f69f3__8543fc578c.jpg,2,0,0,source_annotation_pending_spot_check
stresstest_tool_tray,valid,stresstest_tool_tray__B91M1JTEDKA7_jpg.rf.bba9430f78f564f096b0934981d8ad48__c37ab8aaf1.jpg,0,0,1,source_annotation_pending_spot_check
stresstest_tool_tray,valid,stresstest_tool_tray__BE70JEL0838Y_jpg.rf.ff1f1305f01d0a7d097b10b251d0fcbb__3a8f7d6001.jpg,0,0,1,source_annotation_pending_spot_check
stresstest_tool_tray,valid,stresstest_tool_tray__BFUD84GM3Y39_jpg.rf.53f5781165c115e18024e5c0dee0f129__e6bb44ad37.jpg,0,0,1,source_annotation_pending_spot_check
stresstest_tool_tray,valid,stresstest_tool_tray__BOSO9QSKHVSI_jpg.rf.1f1ba777d1495806fc7e67909da535f7__6612e417c7.jpg,0,0,1,source_annotation_pending_spot_check
stresstest_tool_tray,valid,stresstest_tool_tray__BXEJ43GFO6UP_jpg.rf.c3dc4ca071a2bf4f0348d52a23bf6b7f__42853e84df.jpg,0,0,1,source_annotation_pending_spot_check
stresstest_tool_tray,valid,stresstest_tool_tray__C4ZCDT4OPRAK_jpg.rf.af40d2c9b75a597365c2fa05f0373db5__c569ff6800.jpg,0,0,1,source_annotation_pending_spot_check
stresstest_tool_tray,valid,stresstest_tool_tray__ccv_jpg.rf.43a7212a6e86e9c4d747041e04874f6d__704c2725b7.jpg,2,0,0,source_annotation_pending_spot_check
stresstest_tool_tray,valid,stresstest_tool_tray__cdddc_jpg.rf.07b491248a1e1f9ab25dbc8368f23c50__8ac400a52f.jpg,4,0,0,source_annotation_pending_spot_check
stresstest_tool_tray,valid,stresstest_tool_tray__CGGG6N99VQPU_jpg.rf.143e60d6b7e778fa467f8d7825c24ba5__1bb5ad46ec.jpg,0,0,1,source_annotation_pending_spot_check
stresstest_tool_tray,valid,stresstest_tool_tray__D4K6N1KF48F7_jpg.rf.6f8c944e5117ea003f6530037d64bb38__22d8776c4c.jpg,0,0,2,source_annotation_pending_spot_check
stresstest_tool_tray,valid,stresstest_tool_tray__D7O5S9YN0G90_jpg.rf.4e3ca4b91f49694e6efb487abd6f938f__99e275d6d3.jpg,0,0,1,source_annotation_pending_spot_check
stresstest_tool_tray,valid,stresstest_tool_tray__difference-between-standard-nut-and-heavy-hex-nuts_png.rf.4fbba9350a062a7ae53329371d184503__e16d5765c3.jpg,0,2,0,source_annotation_pending_spot_check
stresstest_tool_tray,valid,stresstest_tool_tray__DVRUQ9K0178M_jpg.rf.022d855282a0e79ac46c68c8876be22b__be525f1aa2.jpg,0,0,1,source_annotation_pending_spot_check
stresstest_tool_tray,valid,stresstest_tool_tray__E6GUY069NYZ6_jpg.rf.20b34eb34ee3083f0864b7f7064e8a68__e06eccd20c.jpg,0,0,1,source_annotation_pending_spot_check
stresstest_tool_tray,valid,stresstest_tool_tray__E8B3FNF28SOF_jpg.rf.2b77b28450d2023e376bbc38ede65f1d__ffea6ad20f.jpg,0,0,2,source_annotation_pending_spot_check
stresstest_tool_tray,valid,stresstest_tool_tray__EMI4GNLLQV1R_jpg.rf.a743ffab9de4fc58d7d3c9bd18f7019c__a644730a29.jpg,0,0,3,source_annotation_pending_spot_check
stresstest_tool_tray,valid,stresstest_tool_tray__EQ182PHHC7QP_jpg.rf.20a1f2adc18d4bc6de194dfec612ea55__3348bff8b1.jpg,0,0,1,source_annotation_pending_spot_check
stresstest_tool_tray,valid,stresstest_tool_tray__ES2YIKSNBZCI_jpg.rf.0666d0e7fbc3818bada47bf6c9e835f3__a3ea3fb73a.jpg,0,0,1,source_annotation_pending_spot_check
stresstest_tool_tray,valid,stresstest_tool_tray__EX2WUICR5D3N_jpg.rf.ab84bfe54bd37a8fd3d059aa1554dce6__0d31c32984.jpg,0,0,1,source_annotation_pending_spot_check
stresstest_tool_tray,valid,stresstest_tool_tray__f1043372-aec9-492e-bdab-90f8fbdbd731_png.rf.0218c5a6f76442b80dae0287c3ecaefa__e68208f5b2.jpg,0,1,0,source_annotation_pending_spot_check
stresstest_tool_tray,valid,stresstest_tool_tray__FEGWUM8OJMAY_jpg.rf.959c08b0f851082df33dc72d69efba33__c10f0df426.jpg,0,0,3,source_annotation_pending_spot_check
stresstest_tool_tray,valid,stresstest_tool_tray__few_jpg.rf.152085598d180ef1dd0cf6096919833f__132c9f56f9.jpg,10,0,0,source_annotation_pending_spot_check
stresstest_tool_tray,valid,stresstest_tool_tray__FJFFXNQXVKGR_jpg.rf.383b173d8cf39d938ee3eae8abe71474__2ea6a393af.jpg,0,0,1,source_annotation_pending_spot_check
stresstest_tool_tray,valid,stresstest_tool_tray__FL8MWFF7SJ7M_jpg.rf.6f28cdc619a64d03e3c1cf545e0b27ad__5eabb11760.jpg,0,0,1,source_annotation_pending_spot_check
stresstest_tool_tray,valid,stresstest_tool_tray__focus_adjusted20240508-151316_jpg.rf.f73cda021e689d5c8c05533768cb5fce__dbdb64c92b.jpg,0,0,80,source_annotation_pending_spot_check
stresstest_tool_tray,valid,stresstest_tool_tray__focus_adjusted20240508-151414_jpg.rf.47ef53dd13191aab8e8f4fb65c6951fe__6dc7060bc1.jpg,0,0,78,source_annotation_pending_spot_check
stresstest_tool_tray,valid,stresstest_tool_tray__focus_adjusted20240508-152038_jpg.rf.718be495a6383b8d2e91756aeb7a0f88__209b1e0852.jpg,0,0,80,source_annotation_pending_spot_check
stresstest_tool_tray,valid,stresstest_tool_tray__FSX1I8W46EOF_jpg.rf.064db314566e9f3da0a4a96c8d853f72__c70bdfb48f.jpg,0,0,1,source_annotation_pending_spot_check
stresstest_tool_tray,valid,stresstest_tool_tray__grid_50901780_jpg.rf.40d724211a3ebdb063f9d90a4b2285b6__d332a10234.jpg,0,1,0,source_annotation_pending_spot_check
stresstest_tool_tray,valid,stresstest_tool_tray__GRME6YH6TREK_jpg.rf.1aa06927885d2b479992b4f94909529a__75ecf01b5b.jpg,0,0,1,source_annotation_pending_spot_check
stresstest_tool_tray,valid,stresstest_tool_tray__HAIRW37NVLDS_jpg.rf.07124eaa1216c64f2c93c461aea07b7e__5d83de7dcd.jpg,0,0,1,source_annotation_pending_spot_check
stresstest_tool_tray,valid,stresstest_tool_tray__hex-nut_jpg.rf.eefe26e403d7413bf9d38c607e940068__3e26b78f29.jpg,0,3,0,source_annotation_pending_spot_check
stresstest_tool_tray,valid,stresstest_tool_tray__hex_nut1-374x250_jpg.rf.c74bfc3754e1802e1361cca3868a2da5__292e2e2364.jpg,0,1,0,source_annotation_pending_spot_check
stresstest_tool_tray,valid,stresstest_tool_tray__Hexagon-Hex-Nuts-A4-316-Stainless-Steel-M2-M2-5-M3-M4-M5-M6-M8-M10_jpg.rf.34453823d260d015dc2418a688cf6db0__aa934b0711.jpg,0,1,0,source_annotation_pending_spot_check
stresstest_tool_tray,valid,stresstest_tool_tray__hhhh_jpg.rf.087485c53d5bbe1eb7c905ecc3058e16__eafcff697c.jpg,1,0,0,source_annotation_pending_spot_check
stresstest_tool_tray,valid,stresstest_tool_tray__HRWWPYI68A5V_jpg.rf.d33fbd36c63772602c46f3695905c0bd__15d5c8e1af.jpg,0,0,1,source_annotation_pending_spot_check
stresstest_tool_tray,valid,stresstest_tool_tray__HWG0POX8X2X4_jpg.rf.7463c7359966cef491ab2de34abb2485__a556c096b9.jpg,0,0,2,source_annotation_pending_spot_check
stresstest_tool_tray,valid,stresstest_tool_tray__I5OPE7N1L295_jpg.rf.9d3df088716a9f0b123369a33e55fc34__7cbe76b104.jpg,0,0,1,source_annotation_pending_spot_check
stresstest_tool_tray,valid,stresstest_tool_tray__I92D83ZLVUTU_jpg.rf.885580a1b2f1823961f68a8ede12f145__5dd4271760.jpg,0,0,3,source_annotation_pending_spot_check
stresstest_tool_tray,valid,stresstest_tool_tray__image12_jpeg.rf.3e976bd986b2cd0707d9d804033205a3__d375985a70.jpg,0,1,0,source_annotation_pending_spot_check
stresstest_tool_tray,valid,stresstest_tool_tray__image19_jpeg.rf.18791bf9397ceef73aa57c874780714a__556193c8ea.jpg,0,1,0,source_annotation_pending_spot_check
stresstest_tool_tray,train,stresstest_tool_tray__image21_jpeg.rf.abe30d6a793e3526caf77cdc369f835e__649bc6a6b4.jpg,0,1,0,source_annotation_pending_spot_check
stresstest_tool_tray,valid,stresstest_tool_tray__image8_jpeg.rf.e96a15fa0d4972faf40972a43b719a90__e3e380b5d4.jpg,0,1,0,source_annotation_pending_spot_check
stresstest_tool_tray,train,stresstest_tool_tray__image_36_jpg.rf.bcc842b430572d926531b9f65f03108c__a5457081f2.jpg,1,0,0,source_annotation_pending_spot_check
stresstest_tool_tray,valid,stresstest_tool_tray__image_50_jpg.rf.159c402746c7c9a5f1373d96e5f9cfb2__89b0e6b35a.jpg,0,8,0,source_annotation_pending_spot_check
stresstest_tool_tray,valid,stresstest_tool_tray__image_52_jpg.rf.3cf44078373d43ab8ee31081f2320e71__8b71ad30f4.jpg,0,4,0,source_annotation_pending_spot_check
stresstest_tool_tray,valid,stresstest_tool_tray__image_60_jpg.rf.58f5fb25b7b1c8b55674426909f4be18__1695a7094f.jpg,1,0,0,source_annotation_pending_spot_check
stresstest_tool_tray,valid,stresstest_tool_tray__image_66_jpg.rf.5d609728c2ce3f0269f69a10fb5acf3c__1002234ed7.jpg,0,4,0,source_annotation_pending_spot_check
stresstest_tool_tray,valid,stresstest_tool_tray__image_70_jpg.rf.f0c28d21de9632adcdedea4eb83a3a77__70ddb279a6.jpg,0,1,0,source_annotation_pending_spot_check
stresstest_tool_tray,valid,stresstest_tool_tray__images106_jpg.rf.edb171723472337ad35b6561250bb88b__d147ca65a8.jpg,0,1,0,source_annotation_pending_spot_check
stresstest_tool_tray,valid,stresstest_tool_tray__images109_jpg.rf.e80422afd47530bab7ab68f77f8c9158__9dba2562fc.jpg,0,2,0,source_annotation_pending_spot_check
stresstest_tool_tray,valid,stresstest_tool_tray__images124_jpg.rf.8df2574fd87dc749a98221224a55c954__8caec1f0de.jpg,0,2,0,source_annotation_pending_spot_check
stresstest_tool_tray,valid,stresstest_tool_tray__images132_jpg.rf.e2c668b3407db376b3d30638504ff63f__31619263cc.jpg,0,1,0,source_annotation_pending_spot_check
stresstest_tool_tray,valid,stresstest_tool_tray__images139_jpg.rf.a77213f3bf2f4dd3587074a2d924d8df__adb24cae63.jpg,0,1,0,source_annotation_pending_spot_check
stresstest_tool_tray,valid,stresstest_tool_tray__images142_jpg.rf.ed7a4f8d9808b564c730c3047a427052__74bfb16e1f.jpg,0,1,0,source_annotation_pending_spot_check
stresstest_tool_tray,valid,stresstest_tool_tray__images153_jpg.rf.72b32fd85da43df65d8be5baee2da995__039c4005a7.jpg,0,1,0,source_annotation_pending_spot_check
stresstest_tool_tray,valid,stresstest_tool_tray__images155_jpg.rf.b937d5f17c736df45a66ee9dce90c3ef__34f5eebebf.jpg,0,2,0,source_annotation_pending_spot_check
stresstest_tool_tray,valid,stresstest_tool_tray__images169_jpg.rf.d55a3a3d533394e49beb8eaef31a46a9__acadd0ca3a.jpg,0,2,0,source_annotation_pending_spot_check
stresstest_tool_tray,valid,stresstest_tool_tray__images173_jpg.rf.b2ceeeef4314cff57b96549a6f8b27dd__7b6332f270.jpg,0,1,0,source_annotation_pending_spot_check
stresstest_tool_tray,valid,stresstest_tool_tray__images174_jpg.rf.2145fc8e4ec70128fba036ff5576b19c__0d4111f788.jpg,0,1,0,source_annotation_pending_spot_check
stresstest_tool_tray,valid,stresstest_tool_tray__images176_jpg.rf.bf32e50698411fe247268b3c5c995479__2145b4516e.jpg,0,1,0,source_annotation_pending_spot_check
stresstest_tool_tray,valid,stresstest_tool_tray__images183_jpg.rf.98b80de26d9780d8798c08f6747802b1__0d5f599966.jpg,0,1,0,source_annotation_pending_spot_check
stresstest_tool_tray,valid,stresstest_tool_tray__images185_jpg.rf.2d925820ec5fb77de79c373211cd1f12__e560cf2a53.jpg,0,1,0,source_annotation_pending_spot_check
stresstest_tool_tray,valid,stresstest_tool_tray__images22_jpg.rf.66829955f4173602a955c2282c223c7e__0894f17f1d.jpg,0,1,0,source_annotation_pending_spot_check
stresstest_tool_tray,valid,stresstest_tool_tray__images51_jpg.rf.fd1881aaf6ac9dfd0508a34eeae4ffba__b9addb83f3.jpg,0,1,0,source_annotation_pending_spot_check
stresstest_tool_tray,valid,stresstest_tool_tray__images59_jpg.rf.40d5f308245e91fecfe6fd79854bc6c7__0b6b8a2fda.jpg,0,1,0,source_annotation_pending_spot_check
stresstest_tool_tray,valid,stresstest_tool_tray__images76_jpg.rf.dad443049e1067411532d0a5d43d285d__389770e599.jpg,0,6,0,source_annotation_pending_spot_check
stresstest_tool_tray,valid,stresstest_tool_tray__images97_jpg.rf.4a05c5a36621791518c93b5ea4c403a7__80839dd0f5.jpg,0,1,0,source_annotation_pending_spot_check
stresstest_tool_tray,valid,stresstest_tool_tray__IMG_0448_jpg.rf.4a0cb7c7f36491fb9480864bdd6d805e__d01f5c7e35.jpg,7,0,0,source_annotation_pending_spot_check
stresstest_tool_tray,valid,stresstest_tool_tray__IMG_0450_jpg.rf.e6557384618fb900b550091bf63e049d__9dc6d4a6c1.jpg,2,0,0,source_annotation_pending_spot_check
stresstest_tool_tray,valid,stresstest_tool_tray__IMG_0457_jpg.rf.396db5ca4e7835e3f6bc35253c58a3bf__d737877ebf.jpg,0,1,0,source_annotation_pending_spot_check
stresstest_tool_tray,valid,stresstest_tool_tray__IMG_0467_jpg.rf.a420c56f500bf175425192daf226b315__17c7e51bab.jpg,0,2,0,source_annotation_pending_spot_check
stresstest_tool_tray,valid,stresstest_tool_tray__IMG_0471_jpg.rf.a8763bb834cbc821bf8e9030691295ed__d9a027c307.jpg,0,5,0,source_annotation_pending_spot_check
stresstest_tool_tray,valid,stresstest_tool_tray__IMG_9816_jpg.rf.bd1c8aa8cb2aa7768184e77da5a9a8a6__b075e7a2b5.jpg,0,0,14,source_annotation_pending_spot_check
stresstest_tool_tray,valid,stresstest_tool_tray__IMG_9821_jpg.rf.7315d12914acf40a0b7f948c06642290__ad5bd2282c.jpg,0,0,14,source_annotation_pending_spot_check
stresstest_tool_tray,valid,stresstest_tool_tray__INPMHBKDV3R2_jpg.rf.d13bcfbdaf14c006d545f54c50df0af2__2ef5bea21a.jpg,0,0,1,source_annotation_pending_spot_check
stresstest_tool_tray,valid,stresstest_tool_tray__IWR0O6PU0WE4_jpg.rf.1182148f0641704130d89b5f196051e7__72871a9a23.jpg,0,0,1,source_annotation_pending_spot_check
stresstest_tool_tray,valid,stresstest_tool_tray__JTL6T8NBO26P_jpg.rf.bb3cf0cbeb2988ae1f3e8d81ef9254ef__96df3363eb.jpg,0,0,1,source_annotation_pending_spot_check
stresstest_tool_tray,valid,stresstest_tool_tray__KC7JODGPUD0G_jpg.rf.ff140d6fea0b50a8521306b2781de030__59b3f7e9b8.jpg,0,0,1,source_annotation_pending_spot_check
stresstest_tool_tray,valid,stresstest_tool_tray__KESZDNW4UR89_jpg.rf.52e214e096ba1c8e7f21538300df29a4__406a4f67ab.jpg,0,0,1,source_annotation_pending_spot_check
stresstest_tool_tray,valid,stresstest_tool_tray__KIXGOEO0GGU8_jpg.rf.cd5eda5a06c76b0291abe6dd6813e249__2329d7781f.jpg,0,0,1,source_annotation_pending_spot_check
stresstest_tool_tray,valid,stresstest_tool_tray__KRN0O4QINPML_jpg.rf.1b07f4c926635be92237d8ee1b863cc1__c2376082d0.jpg,0,0,1,source_annotation_pending_spot_check
stresstest_tool_tray,valid,stresstest_tool_tray__LL2S023FSMP2_jpg.rf.e891072d334b389034349310acf825cd__35763587f8.jpg,0,0,1,source_annotation_pending_spot_check
stresstest_tool_tray,valid,stresstest_tool_tray__lll_jpg.rf.9675b1f77fddf2faba9cfe2150f38533__35a4f20f70.jpg,1,0,0,source_annotation_pending_spot_check
stresstest_tool_tray,valid,stresstest_tool_tray__M0IDPPM4TPO1_jpg.rf.2778a5f2f0771f78f8510bb00489bf06__336de38f04.jpg,0,0,1,source_annotation_pending_spot_check
stresstest_tool_tray,valid,stresstest_tool_tray__M3ZGQ4XC1740_jpg.rf.4a903da945a88eda5832eeee9f599b01__3d2c839c2d.jpg,0,0,5,source_annotation_pending_spot_check
stresstest_tool_tray,valid,stresstest_tool_tray__M8_tuerca_nylon_jpg.rf.477fdcce6091a0d4e86eaf0362b2cb91__c1a62a08db.jpg,0,1,0,source_annotation_pending_spot_check
stresstest_tool_tray,valid,stresstest_tool_tray__MI3OV32UT1XG_jpg.rf.d285cd91ea3c2377c39cee7388ea164e__c12e92a016.jpg,0,0,2,source_annotation_pending_spot_check
stresstest_tool_tray,valid,stresstest_tool_tray__MLXVASS98F9C_jpg.rf.7769a72712339ac541648d1fc3915332__3d5bc13c4f.jpg,0,0,1,source_annotation_pending_spot_check
stresstest_tool_tray,valid,stresstest_tool_tray__MMD7RNK4JD7A_jpg.rf.166bc777fa48febe32b83b150404bc3e__3b195c8ab5.jpg,0,0,1,source_annotation_pending_spot_check
stresstest_tool_tray,valid,stresstest_tool_tray__MN2680000A20000_jpg.rf.5a2c9fde83465a97b1f33a4fa70f10c8__f28fe13d67.jpg,0,1,0,source_annotation_pending_spot_check
stresstest_tool_tray,valid,stresstest_tool_tray__MQR81TP4XT9I_jpg.rf.5d87f3aa6008655b21074f74dba909d8__868618c79e.jpg,0,0,1,source_annotation_pending_spot_check
stresstest_tool_tray,valid,stresstest_tool_tray__MS9D2AW3SSBK_jpg.rf.8f08dfe59a5c1e9a8caa7225f72083f8__09e2f5e72f.jpg,0,0,1,source_annotation_pending_spot_check
stresstest_tool_tray,valid,stresstest_tool_tray__NJUXDTA84XOJ_jpg.rf.d136ec2acb5683eba3c434360d343da0__ed53615319.jpg,0,0,1,source_annotation_pending_spot_check
stresstest_tool_tray,valid,stresstest_tool_tray__NU8Z_ZINC-HEX-NUTS_jpg.rf.dbde24ab5e872b0cd72b805fb70f8bb4__6185ac922c.jpg,0,1,0,source_annotation_pending_spot_check
stresstest_tool_tray,valid,stresstest_tool_tray__nut__70974-1537208691_jpg.rf.e2373323ccf741999b45442e390a0cdd__aeda2eb520.jpg,0,2,0,source_annotation_pending_spot_check
stresstest_tool_tray,valid,stresstest_tool_tray__O9DB9ANGI0VR_jpg.rf.149745bfda7b2f9b647ffff4a3398c63__39e9fc1ffe.jpg,0,0,1,source_annotation_pending_spot_check
stresstest_tool_tray,valid,stresstest_tool_tray__OMMBQ0IXA1RO_jpg.rf.a9766be176dfa5a9d356a8bd5f1178a8__80a4154f60.jpg,0,0,1,source_annotation_pending_spot_check
stresstest_tool_tray,valid,stresstest_tool_tray__Photo-on-3-4-24-at-6-16-PM-2_jpeg.rf.3e96a8437e2032715133883852cfa1d8__aea3c28dbd.jpg,0,0,1,source_annotation_pending_spot_check
stresstest_tool_tray,valid,stresstest_tool_tray__Photo-on-3-4-24-at-6-16-PM-4_jpeg.rf.0b50f2ad9475f845eda861f6894517f2__d8ed0391d9.jpg,0,0,1,source_annotation_pending_spot_check
stresstest_tool_tray,valid,stresstest_tool_tray__Photo-on-3-4-24-at-6-16-PM-5_jpeg.rf.5886f64f496b6a8af7d989d8e8150c85__ce2a9b1ef4.jpg,0,0,1,source_annotation_pending_spot_check
stresstest_tool_tray,valid,stresstest_tool_tray__Photo-on-3-4-24-at-6-17-PM-5_jpeg.rf.6ec1df5c396007b19c71df45a8632740__0906ee5f09.jpg,0,0,1,source_annotation_pending_spot_check
stresstest_tool_tray,valid,stresstest_tool_tray__Photo-on-3-4-24-at-6-17-PM_jpeg.rf.23b9f10528232580181d95093c79102f__d529e97e9e.jpg,0,0,1,source_annotation_pending_spot_check
stresstest_tool_tray,valid,stresstest_tool_tray__Photo-on-3-4-24-at-6-18-PM-4_jpeg.rf.b80eb5269b6937aa92c8e12a3f530680__295324cf2a.jpg,0,0,1,source_annotation_pending_spot_check
stresstest_tool_tray,valid,stresstest_tool_tray__Photo-on-3-4-24-at-6-25-PM-4_jpeg.rf.37a4e8ed7133a862d77acb2b986481cb__eb82641397.jpg,0,0,1,source_annotation_pending_spot_check
stresstest_tool_tray,valid,stresstest_tool_tray__Photo-on-3-4-24-at-6-27-PM-6_jpeg.rf.f90cc06c920c215e50aa7e88052c9310__9d579ce1bc.jpg,0,0,1,source_annotation_pending_spot_check
stresstest_tool_tray,valid,stresstest_tool_tray__Photo-on-3-4-24-at-6-27-PM-8_jpeg.rf.927944b12a715c59e1f9f2421b34b999__182d426642.jpg,0,0,1,source_annotation_pending_spot_check
stresstest_tool_tray,valid,stresstest_tool_tray__Photo-on-3-6-24-at-4-18-PM-2_jpeg.rf.9582a8bcaec4199dbfd8562de77564cf__9351f2998f.jpg,0,0,1,source_annotation_pending_spot_check
stresstest_tool_tray,valid,stresstest_tool_tray__Photo-on-3-6-24-at-4-21-PM-4_jpeg.rf.51b79983c13bbbbd0aa492c1d40ff08a__5347c365bd.jpg,0,0,1,source_annotation_pending_spot_check
stresstest_tool_tray,valid,stresstest_tool_tray__Photo-on-3-6-24-at-4-24-PM-3_jpeg.rf.c8c41a4489e5c00c868c07af920e767d__3e605b389f.jpg,0,0,1,source_annotation_pending_spot_check
stresstest_tool_tray,valid,stresstest_tool_tray__Photo-on-3-6-24-at-4-24-PM-4_jpeg.rf.5a4f04e2979feb3f25d5800ab12065de__f32c361339.jpg,0,0,1,source_annotation_pending_spot_check
stresstest_tool_tray,valid,stresstest_tool_tray__Photo-on-3-6-24-at-4-24-PM-6_jpeg.rf.55e7ab15fdbaa52202d4901c7fa8ab7b__315caa43a2.jpg,0,0,1,source_annotation_pending_spot_check
stresstest_tool_tray,valid,stresstest_tool_tray__Photo-on-3-6-24-at-4-25-PM-4_jpeg.rf.3814894b3a72ab52f2a8f8a060e71e20__538f8b1e6b.jpg,0,0,1,source_annotation_pending_spot_check
stresstest_tool_tray,valid,stresstest_tool_tray__Photo-on-3-6-24-at-4-25-PM-6_jpeg.rf.dfb69d22156072e7345bb220ac03c454__4c2c8a730f.jpg,0,0,1,source_annotation_pending_spot_check
stresstest_tool_tray,valid,stresstest_tool_tray__Photo-on-3-6-24-at-4-25-PM-7_jpeg.rf.a2e238091a28f7ec9f18451a57710675__8d2b2ba736.jpg,0,0,1,source_annotation_pending_spot_check
stresstest_tool_tray,valid,stresstest_tool_tray__Photo-on-3-6-24-at-4-26-PM-2_jpeg.rf.aa865cbca8a05f0f3337f1d419f22f45__e8011621ea.jpg,0,0,1,source_annotation_pending_spot_check
stresstest_tool_tray,valid,stresstest_tool_tray__Photo-on-3-6-24-at-4-26-PM-3_jpeg.rf.57aafa29d6efe933e9a43d586ceb84c1__c208a25b9f.jpg,0,0,1,source_annotation_pending_spot_check
stresstest_tool_tray,valid,stresstest_tool_tray__Photo-on-3-6-24-at-4-26-PM_jpeg.rf.9540dfab2827f3a373a373978ae4e125__924c7572c1.jpg,0,0,1,source_annotation_pending_spot_check
stresstest_tool_tray,valid,stresstest_tool_tray__Photo-on-3-6-24-at-4-29-PM-3_jpeg.rf.6dbb03f097fba9be42343f947b32f86a__1788269d46.jpg,0,0,1,source_annotation_pending_spot_check
stresstest_tool_tray,valid,stresstest_tool_tray__Photo-on-3-6-24-at-4-29-PM-4_jpeg.rf.2c7101b2ab8d74fa063f09e3121d881f__5b93b85b99.jpg,0,0,1,source_annotation_pending_spot_check
stresstest_tool_tray,valid,stresstest_tool_tray__Photo-on-3-6-24-at-4-29-PM_jpeg.rf.3f87ebd10968a3b750959830572b7713__13541a4211.jpg,0,0,1,source_annotation_pending_spot_check
stresstest_tool_tray,valid,stresstest_tool_tray__Photo-on-3-6-24-at-5-22-PM-8_jpeg.rf.269b327d7c5fb23880f397ae0c9331b3__7319aae6b0.jpg,0,0,1,source_annotation_pending_spot_check
stresstest_tool_tray,valid,stresstest_tool_tray__Photo-on-3-6-24-at-5-25-PM-4_jpeg.rf.8187334e0a26394757af6aac81eb68a7__854f538cb5.jpg,0,0,1,source_annotation_pending_spot_check
stresstest_tool_tray,valid,stresstest_tool_tray__Photo-on-3-6-24-at-5-26-PM-5_jpeg.rf.e28b9c08e909f4c6bed755fc12c01383__6df5bda974.jpg,0,0,1,source_annotation_pending_spot_check
stresstest_tool_tray,valid,stresstest_tool_tray__Photo-on-3-6-24-at-5-26-PM-7_jpeg.rf.29b27f7fe5bfed1c0ff8d8c4e677d436__d29fbaccb9.jpg,0,0,1,source_annotation_pending_spot_check
stresstest_tool_tray,valid,stresstest_tool_tray__PXBEXCR1G2Y1_jpg.rf.4feb56297fafa874d267a83fd92f8f01__000d7204f3.jpg,0,0,1,source_annotation_pending_spot_check
stresstest_tool_tray,valid,stresstest_tool_tray__PYT5CYID8FII_jpg.rf.bf6c0d124def615b9c90e2493b8f850b__d69cbcb02f.jpg,0,0,1,source_annotation_pending_spot_check
stresstest_tool_tray,valid,stresstest_tool_tray__Q1T5HUWJULK4_jpg.rf.87020a8e0864126089d279a38b8b6fe0__b98d9949a8.jpg,0,0,1,source_annotation_pending_spot_check
stresstest_tool_tray,valid,stresstest_tool_tray__Q5IXT0HUFG3Y_jpg.rf.7a1d1d67df22f13f57ef0a69e74b10bd__f9e7cfa28e.jpg,0,0,2,source_annotation_pending_spot_check
stresstest_tool_tray,valid,stresstest_tool_tray__QIW53DX9CSEO_jpg.rf.ea957b4a449a2402b39ad1eb5729950b__78868c847e.jpg,0,0,1,source_annotation_pending_spot_check
stresstest_tool_tray,valid,stresstest_tool_tray__QKFRDC431ITH_jpg.rf.920d38336417eb061829628efd48edbf__b0ab577a06.jpg,0,0,1,source_annotation_pending_spot_check
stresstest_tool_tray,valid,stresstest_tool_tray__QM8IW6F9K4IO_jpg.rf.6b080f861fd2805791ee34132013b893__bcf17a0f61.jpg,0,0,1,source_annotation_pending_spot_check
stresstest_tool_tray,valid,stresstest_tool_tray__QP464O56CTPE_jpg.rf.98f5b35821147fd13262e1d31254f560__b2021d81c5.jpg,0,0,1,source_annotation_pending_spot_check
stresstest_tool_tray,valid,stresstest_tool_tray__QVPBVAL1GNO7_jpg.rf.0abaca77fe2dc20ac905afc9aa605fa3__d32fe2fde7.jpg,0,0,0,source_annotation_pending_spot_check
stresstest_tool_tray,valid,stresstest_tool_tray__QVTSOXW491TB_jpg.rf.67ec060b988bb3e443098b487ef056eb__1575648eeb.jpg,0,0,1,source_annotation_pending_spot_check
stresstest_tool_tray,valid,stresstest_tool_tray__qw21_jpg.rf.850bcc2842519d5d7ed8c742d36d18b1__2c70f54bc6.jpg,1,0,0,source_annotation_pending_spot_check
stresstest_tool_tray,valid,stresstest_tool_tray__qwe_jpg.rf.69462f88603d509f1dfcceb21ce67360__ccf62bfc2a.jpg,6,0,0,source_annotation_pending_spot_check
stresstest_tool_tray,valid,stresstest_tool_tray__RCDFPOLNJNSO_jpg.rf.2cc4e3a01ca8e5e4cbfb4d40d5629fdd__77b1adec64.jpg,0,0,1,source_annotation_pending_spot_check
stresstest_tool_tray,valid,stresstest_tool_tray__RLRTFPUUGGJY_jpg.rf.e167aaf495d9cb3fb4168bf8779754a5__01fa9fc320.jpg,0,0,1,source_annotation_pending_spot_check
stresstest_tool_tray,valid,stresstest_tool_tray__RNUFGK5BOWLG_jpg.rf.3f97e5b81863b2d1c4fa55af2e84ec45__2a33df8729.jpg,0,0,1,source_annotation_pending_spot_check
stresstest_tool_tray,valid,stresstest_tool_tray__RU0Q0J57HONJ_jpg.rf.54510825bef11384f7e720716ea68854__bb23ee38a4.jpg,0,0,1,source_annotation_pending_spot_check
stresstest_tool_tray,train,stresstest_tool_tray__scdc_jpg.rf.1587d83556893a4bb4a71b808dc36104__193e20f5b7.jpg,1,0,0,source_annotation_pending_spot_check
stresstest_tool_tray,valid,stresstest_tool_tray__screw-bolt-nut-washer-threading-screw_jpg.rf.e9bebd1f93a6ca8abd204056b05f1331__5ff42c1c9b.jpg,0,0,0,source_annotation_pending_spot_check
stresstest_tool_tray,valid,stresstest_tool_tray__SFR7IMXRWD4G_jpg.rf.68d82b1240259c1c79e3ef399b4c5255__1aaa08240e.jpg,0,0,1,source_annotation_pending_spot_check
stresstest_tool_tray,valid,stresstest_tool_tray__SLENESPUAG83_jpg.rf.3f7dcfe1814d24dc54e0b17bf41211b8__b3c7cc5ebf.jpg,0,0,1,source_annotation_pending_spot_check
stresstest_tool_tray,valid,stresstest_tool_tray__SQRZNNGS1FU3_jpg.rf.ccd7a499dfa598da6a75cc7e7aaa7151__5d70a0f9c1.jpg,0,0,2,source_annotation_pending_spot_check
stresstest_tool_tray,valid,stresstest_tool_tray__T1DVR9N38WV8_jpg.rf.0ea9ecddbf20e14a3e49c4de0b8c7df1__e96ac9fb23.jpg,0,0,1,source_annotation_pending_spot_check
stresstest_tool_tray,valid,stresstest_tool_tray__T5B2K0SKM5IP_jpg.rf.a23bc20ae2df9cd97e4cfbc598a86911__6e45dfb412.jpg,0,0,1,source_annotation_pending_spot_check
stresstest_tool_tray,valid,stresstest_tool_tray__TH512_jpg.rf.eb755ea41b80af34dcff50b0ccbce70d__69b3ee0e2c.jpg,0,1,0,source_annotation_pending_spot_check
stresstest_tool_tray,valid,stresstest_tool_tray__TUE-1-2_jpg.rf.663d0841bc8fa595cc1c319036343c7d__c4186c4653.jpg,0,1,0,source_annotation_pending_spot_check
stresstest_tool_tray,valid,stresstest_tool_tray__TuercaGrado5_png.rf.2b29863630cabf770f0c6216e125758c__d983772be2.jpg,0,1,0,source_annotation_pending_spot_check
stresstest_tool_tray,valid,stresstest_tool_tray__tuercas_png.rf.0bc10f53c3568afee85cfa1038a750b1__d5e03fd29a.jpg,0,1,0,source_annotation_pending_spot_check
stresstest_tool_tray,valid,stresstest_tool_tray__U2FNE15AI3GQ_jpg.rf.270c7dcd0f52a699f3f14c7ced205fc7__f61e88ecb5.jpg,0,0,1,source_annotation_pending_spot_check
stresstest_tool_tray,valid,stresstest_tool_tray__UHFOE3GYZ8HL_jpg.rf.dfc7af0aaaef786dd42d7ba8b12174f2__768703ae1a.jpg,0,0,1,source_annotation_pending_spot_check
stresstest_tool_tray,valid,stresstest_tool_tray__Untitled1_jpg.rf.1b4562598c4eb6bb5139ba811570bff8__e262119a5b.jpg,5,4,0,source_annotation_pending_spot_check
stresstest_tool_tray,valid,stresstest_tool_tray__UT94TDXRYKOW_jpg.rf.361d00b332d816b53acb1035ff5953df__0b4b52ef4b.jpg,0,0,1,source_annotation_pending_spot_check
stresstest_tool_tray,valid,stresstest_tool_tray__V1YEBILLGZNN_jpg.rf.b45a4f8ca755b095a1fb3139c97b66ba__7b86516971.jpg,0,0,1,source_annotation_pending_spot_check
stresstest_tool_tray,valid,stresstest_tool_tray__V5M80PKOOA47_jpg.rf.141510c2d7d786b6e2b8a3bccaf5f8c9__2038e0abc3.jpg,0,0,1,source_annotation_pending_spot_check
stresstest_tool_tray,valid,stresstest_tool_tray__VCT4X7H5GRSU_jpg.rf.4b74d8ab665f136bc9b67835c727d2e6__860b3ae73f.jpg,0,0,1,source_annotation_pending_spot_check
stresstest_tool_tray,valid,stresstest_tool_tray__VIYHTCL4BAKM_jpg.rf.1c21af1396a7fb45ec2f894db5114d58__2d8a07dd1f.jpg,0,0,1,source_annotation_pending_spot_check
stresstest_tool_tray,valid,stresstest_tool_tray__VKTSL7OB37D6_jpg.rf.da2241aece3c367477cc38bab093a60c__9412b7b94b.jpg,0,0,1,source_annotation_pending_spot_check
stresstest_tool_tray,valid,stresstest_tool_tray__VYPC3LLDY8A0_jpg.rf.61a1e72b11133011539e5d4e0ba4e2a6__81a240c127.jpg,0,0,1,source_annotation_pending_spot_check
stresstest_tool_tray,valid,stresstest_tool_tray__WALAOMEK2ZC4_jpg.rf.bd17b2d12c23ec6889e431db6f4f01bf__673a137710.jpg,0,0,1,source_annotation_pending_spot_check
stresstest_tool_tray,valid,stresstest_tool_tray__WCN4UCPYRW4Z_jpg.rf.717b44be9026c41d5e3179d2f3a1500b__ba8190bc62.jpg,0,0,1,source_annotation_pending_spot_check
stresstest_tool_tray,valid,stresstest_tool_tray__wer2_jpg.rf.87dc25ef9f9d149a49391a884fa828b4__1d30af2910.jpg,1,0,0,source_annotation_pending_spot_check
stresstest_tool_tray,valid,stresstest_tool_tray__wer_jpg.rf.fffefafbfb70b1a76f7843928558e4c7__6d86d3ab42.jpg,2,0,0,source_annotation_pending_spot_check
stresstest_tool_tray,valid,stresstest_tool_tray__wqe_jpg.rf.52157572025ae44fa89cc7c1581c50ae__876d1bef1d.jpg,1,0,0,source_annotation_pending_spot_check
stresstest_tool_tray,valid,stresstest_tool_tray__XDB853E13G0H_jpg.rf.0f0a79e87b2a94450c4dc3477ffbeedc__1918602911.jpg,0,0,4,source_annotation_pending_spot_check
stresstest_tool_tray,valid,stresstest_tool_tray__XWRJFV13J9A9_jpg.rf.642bfc50fcebaeca4b238e41000b0f54__314f2b1b95.jpg,0,0,1,source_annotation_pending_spot_check
stresstest_tool_tray,valid,stresstest_tool_tray__xys_jpg.rf.04ef1d2767099b1c5075c1aea292d1c8__c2204a2e44.jpg,1,0,0,source_annotation_pending_spot_check
stresstest_tool_tray,valid,stresstest_tool_tray__Y29MROC6FURV_jpg.rf.b7d77446f908d0a06341c6c9826312f7__f96714c5f2.jpg,0,0,1,source_annotation_pending_spot_check
stresstest_tool_tray,valid,stresstest_tool_tray__Y4ZUQUFUR0Q1_jpg.rf.3d4cfcd9888ede63e9d377c1b1021932__4fa4317b6d.jpg,0,0,2,source_annotation_pending_spot_check
stresstest_tool_tray,valid,stresstest_tool_tray__yy_jpg.rf.e522950bc786074256c3383bf90c61cb__82d6cb2bb4.jpg,5,0,0,source_annotation_pending_spot_check
stresstest_tool_tray,valid,stresstest_tool_tray__yyyy_jpg.rf.2f1a61fd2b50de2165c6dd33116b92d1__4da4c9a6cf.jpg,4,0,0,source_annotation_pending_spot_check
stresstest_tool_tray,valid,stresstest_tool_tray__Z4CVI1N5IMCY_jpg.rf.abac45a4d6d68fe30d5c18c367db4834__fad88f5579.jpg,0,0,1,source_annotation_pending_spot_check
stresstest_tool_tray,valid,stresstest_tool_tray__ZCOJOP7XLY77_jpg.rf.32f82e22447cde8e4d27b3662d1ff9e2__0d998d1163.jpg,0,0,1,source_annotation_pending_spot_check
stresstest_tool_tray,valid,stresstest_tool_tray__ZK-17010_jpg.rf.7519dbcfe6eafe031737e37bdb4aa662__142449f9fe.jpg,0,1,0,source_annotation_pending_spot_check
stresstest_tool_tray,test,stresstest_tool_tray__01I56HR6WPHG_jpg.rf.92b48ef1ccba76048289c7e47d4ca6bd__fafc2c044c.jpg,0,0,1,source_annotation_pending_spot_check
stresstest_tool_tray,test,stresstest_tool_tray__02025_jpg.rf.b6cda534d812f043e4985d8835378ae9__17165eb340.jpg,0,1,0,source_annotation_pending_spot_check
stresstest_tool_tray,test,stresstest_tool_tray__02XD5YE20CT1_jpg.rf.eb620128180b74b4f9c144ea377abb92__a31fb0f7ec.jpg,0,0,1,source_annotation_pending_spot_check
stresstest_tool_tray,test,stresstest_tool_tray__0XF07C7K1FMO_jpg.rf.e1ba07158f5f8a45cfc131f43ee58e48__f934fc0e74.jpg,0,0,1,source_annotation_pending_spot_check
stresstest_tool_tray,test,stresstest_tool_tray__1H3MOBHXVK4K_jpg.rf.fcf939a3fef8463d9db617975e24ab6e__de24b50372.jpg,0,0,1,source_annotation_pending_spot_check
stresstest_tool_tray,test,stresstest_tool_tray__1QN7JTT3AR2B_jpg.rf.4ce8e164694f8b44c80c87e2c5fdaffd__913658dc83.jpg,0,0,1,source_annotation_pending_spot_check
stresstest_tool_tray,test,stresstest_tool_tray__23rr_jpg.rf.6c4d287cf7271dd72aec483128c6ccca__490c3ccdc8.jpg,1,0,0,source_annotation_pending_spot_check
stresstest_tool_tray,test,stresstest_tool_tray__2HYKTX5Z3XMZ_jpg.rf.aec75112e2e601bd1b1b73db2a73749c__fdca6eef99.jpg,0,0,1,source_annotation_pending_spot_check
stresstest_tool_tray,test,stresstest_tool_tray__2w_jpg.rf.9be5e371a9f4c0133e0e64a34eb546a5__c7677ac899.jpg,1,0,0,source_annotation_pending_spot_check
stresstest_tool_tray,test,stresstest_tool_tray__3e_jpg.rf.bac40881d659a41011b19ebb4c14f5ed__d076ec1096.jpg,1,0,0,source_annotation_pending_spot_check
stresstest_tool_tray,test,stresstest_tool_tray__3JVDITO4UR4S_jpg.rf.3498c10595fb83569fcd3d2839ec0d6d__0153225948.jpg,0,0,1,source_annotation_pending_spot_check
stresstest_tool_tray,test,stresstest_tool_tray__3L7LPT7U9CJ0_jpg.rf.5896f722ca6af29093281fc7d1f1ea50__e1c7499939.jpg,0,0,1,source_annotation_pending_spot_check
stresstest_tool_tray,test,stresstest_tool_tray__3RJHNYOXNMVN_jpg.rf.fd6f512945eec77a28f4e4eb4f688569__61314b79d9.jpg,0,0,1,source_annotation_pending_spot_check
stresstest_tool_tray,test,stresstest_tool_tray__41FS4KMZRB1P_jpg.rf.a90abc65e9bbf6c40736b5eb1dba5ec7__00fc2da719.jpg,0,0,1,source_annotation_pending_spot_check
stresstest_tool_tray,test,stresstest_tool_tray__4UTPZS7YKJDR_jpg.rf.b785e2549060140e29c65f37142e503b__bf6e66b69c.jpg,0,0,1,source_annotation_pending_spot_check
stresstest_tool_tray,test,stresstest_tool_tray__4W04MHV1HZ97_jpg.rf.e4d1e54b1d3d986eb40786d7190079ac__45c57a5cce.jpg,0,0,1,source_annotation_pending_spot_check
stresstest_tool_tray,test,stresstest_tool_tray__56WVI67ZXLD0_jpg.rf.eb8f39c6127ab3f828baebec2124b716__81876b6260.jpg,0,0,1,source_annotation_pending_spot_check
stresstest_tool_tray,test,stresstest_tool_tray__61LNMYEO63VM_jpg.rf.c2493fe2ae33bec68a76d6a872af7e38__7fe8848665.jpg,0,0,1,source_annotation_pending_spot_check
stresstest_tool_tray,test,stresstest_tool_tray__668EYW5NP34E_jpg.rf.15ee7788c1ce668079b91ff35962f7da__90d3c46d59.jpg,0,0,1,source_annotation_pending_spot_check
stresstest_tool_tray,test,stresstest_tool_tray__66_jpg.rf.61ea28de1e83abffd7bb643300099491__a86639ec60.jpg,1,0,0,source_annotation_pending_spot_check
stresstest_tool_tray,test,stresstest_tool_tray__6_jpg.rf.e3a2ef1a7f5505e136edd4cd06eeac84__faa01fd99f.jpg,1,0,0,source_annotation_pending_spot_check
stresstest_tool_tray,test,stresstest_tool_tray__6g-003_1_3_jpg.rf.4e5897cf023ecc5957a2a17ff4ebc2a7__b9298b5fee.jpg,0,2,0,source_annotation_pending_spot_check
stresstest_tool_tray,test,stresstest_tool_tray__6WL1Y9C4NJ0B_jpg.rf.00de73958fceec50204622227450df94__9f62185d27.jpg,0,0,1,source_annotation_pending_spot_check
stresstest_tool_tray,test,stresstest_tool_tray__71gD2939pLL-_SL1500__jpg.rf.53f4fb0cf90e8d7e7f8d06bfd4da9227__8ca919065f.jpg,0,2,0,source_annotation_pending_spot_check
stresstest_tool_tray,test,stresstest_tool_tray__77TIWR29PVU8_jpg.rf.24ce72cbc9b168051e532287f2ed9747__e80b0d2b14.jpg,0,0,1,source_annotation_pending_spot_check
stresstest_tool_tray,test,stresstest_tool_tray__821008-d_jpg.rf.6a5beaa34e4491773e2301db51678ed9__b42a1e6500.jpg,0,1,0,source_annotation_pending_spot_check
stresstest_tool_tray,test,stresstest_tool_tray__888_jpg.rf.a9dcfe2b101d55bc823112b672fa5a7b__205c16234d.jpg,1,0,0,source_annotation_pending_spot_check
stresstest_tool_tray,test,stresstest_tool_tray__8ANVB21DKXHL_jpg.rf.dea416e42e2cbd8ed1ceb99d433b6df9__c03456e2c5.jpg,0,0,3,source_annotation_pending_spot_check
stresstest_tool_tray,test,stresstest_tool_tray__AR6NKUPQF7RP_jpg.rf.03fc1f7900230258d8424e781854c760__6332045b6d.jpg,0,0,1,source_annotation_pending_spot_check
stresstest_tool_tray,test,stresstest_tool_tray__AX4V9OGVWT2I_jpg.rf.a519e2512f9ac1a5c6b806ee143abc02__3bb751b969.jpg,0,0,1,source_annotation_pending_spot_check
stresstest_tool_tray,test,stresstest_tool_tray__B46X2CGPSLEH_jpg.rf.4f463078fec63d47aeda2c72356ac5f2__b6484b0108.jpg,0,0,1,source_annotation_pending_spot_check
stresstest_tool_tray,test,stresstest_tool_tray__BA0RJ2YSUS6H_jpg.rf.b84ea1df7b52226cec5bbc9dad84d96d__b97d2a5c1d.jpg,0,0,1,source_annotation_pending_spot_check
stresstest_tool_tray,test,stresstest_tool_tray__BJL38O4XNPVJ_jpg.rf.a11bb7f3f4e90b35bfa02bb6280217c1__a7201cc578.jpg,0,0,1,source_annotation_pending_spot_check
stresstest_tool_tray,test,stresstest_tool_tray__BSIY4OWW86QW_jpg.rf.e5ff508a0305caefc974ca2745be3fa5__ddbcebf539.jpg,0,0,1,source_annotation_pending_spot_check
stresstest_tool_tray,test,stresstest_tool_tray__cdss_jpg.rf.5a42d8139cbd515cc54dbefdd7b9de41__1ba901872d.jpg,1,0,0,source_annotation_pending_spot_check
stresstest_tool_tray,test,stresstest_tool_tray__D_NQ_NP_872658-MLM27918614046_082018-O_jpg.rf.a18dea06887d07d70883e6d8738b8ded__6a806350c9.jpg,0,1,0,source_annotation_pending_spot_check
stresstest_tool_tray,test,stresstest_tool_tray__ENSSGKAO1O35_jpg.rf.4291515e7cce1aa41f7eaebebfad9eac__7cf4de1933.jpg,0,0,5,source_annotation_pending_spot_check
stresstest_tool_tray,test,stresstest_tool_tray__F46UZ467KA6N_jpg.rf.3c16742d1f481b207a09e57425e14f31__a39de2d55d.jpg,0,0,1,source_annotation_pending_spot_check
stresstest_tool_tray,test,stresstest_tool_tray__F6CRI3R2PYFN_jpg.rf.002b81296f6122061214a8168e459c5b__9038f0b725.jpg,0,0,1,source_annotation_pending_spot_check
stresstest_tool_tray,test,stresstest_tool_tray__G0HVC0ISSXB4_jpg.rf.c8f4560f1c9b9ba7d17f1bee403105eb__79e241065f.jpg,0,0,1,source_annotation_pending_spot_check
stresstest_tool_tray,test,stresstest_tool_tray__grid_24400350_jpg.rf.05ee7117d27763f928d5416903ac43ed__33f0a58bfe.jpg,0,1,0,source_annotation_pending_spot_check
stresstest_tool_tray,test,stresstest_tool_tray__grid_27904790_jpg.rf.c2ecbab61ba6db017652ae6fb07c6cb5__76a9b62d5f.jpg,0,1,0,source_annotation_pending_spot_check
stresstest_tool_tray,test,stresstest_tool_tray__GS18D1YWACYO_jpg.rf.4caa6bc47895d640fdf58a62ab762bf1__fecb46d70d.jpg,0,0,1,source_annotation_pending_spot_check
stresstest_tool_tray,test,stresstest_tool_tray__H2N5XVKMDSN5_jpg.rf.40f73f8e342bef7b643b605458510f59__7f77c34125.jpg,0,0,2,source_annotation_pending_spot_check
stresstest_tool_tray,test,stresstest_tool_tray__HQTEIO8RN7MB_jpg.rf.289fbf7151c05a865aa34716130a46ca__38d0ed4c9e.jpg,0,0,1,source_annotation_pending_spot_check
stresstest_tool_tray,test,stresstest_tool_tray__I8N9X8HGXCUM_jpg.rf.80e1a586cea2ff3b1396437f21db4373__b94efc0961.jpg,0,0,2,source_annotation_pending_spot_check
stresstest_tool_tray,test,stresstest_tool_tray__ICFU9ST4O8G7_jpg.rf.ca040d3b7befbc9ac49c5b48de891857__4aa5a06951.jpg,0,0,2,source_annotation_pending_spot_check
stresstest_tool_tray,test,stresstest_tool_tray__image_40_jpg.rf.bdce5f1979f880c4b39589edfb6e3f03__b339a91dcc.jpg,0,4,0,source_annotation_pending_spot_check
stresstest_tool_tray,test,stresstest_tool_tray__image_68_jpg.rf.1250d55fe0a21480d466404c188e1259__c089c703ba.jpg,1,0,0,source_annotation_pending_spot_check
stresstest_tool_tray,test,stresstest_tool_tray__image_74_jpg.rf.d7a4a8b23df264ee03aa61f84cad3bea__31b8e47643.jpg,0,2,0,source_annotation_pending_spot_check
stresstest_tool_tray,test,stresstest_tool_tray__images10_jpg.rf.1ea04b7b8238267c3f8e3dca92e493e3__9c9ab8031d.jpg,0,1,0,source_annotation_pending_spot_check
stresstest_tool_tray,test,stresstest_tool_tray__images114_jpg.rf.7b284be1e7e7fc661ce92885812f397d__676e1de69b.jpg,0,1,0,source_annotation_pending_spot_check
stresstest_tool_tray,test,stresstest_tool_tray__images179_jpg.rf.7c3a53bcb4f7fe4fb00e22d0c45f7d84__cf2c0ee21e.jpg,0,2,0,source_annotation_pending_spot_check
stresstest_tool_tray,test,stresstest_tool_tray__images204_jpg.rf.26da82bd8f5ad514bb04077675e885cc__d8b6771a75.jpg,0,1,0,source_annotation_pending_spot_check
stresstest_tool_tray,test,stresstest_tool_tray__images27_jpg.rf.7c1a7acf562885dafa38467609eb5897__14d85d5956.jpg,1,0,0,source_annotation_pending_spot_check
stresstest_tool_tray,test,stresstest_tool_tray__images36_jpg.rf.45e29c20ee8919e6a08b31adf08a7bde__aa02d097e0.jpg,0,1,0,source_annotation_pending_spot_check
stresstest_tool_tray,test,stresstest_tool_tray__images72_jpg.rf.aa2f1e17407310a40939b1f281d1272f__2c44c575b8.jpg,0,1,0,source_annotation_pending_spot_check
stresstest_tool_tray,test,stresstest_tool_tray__images86_jpg.rf.8660f7716b5d2f1c8bbb4c8a0f6e93f3__5d51036c06.jpg,0,1,0,source_annotation_pending_spot_check
stresstest_tool_tray,test,stresstest_tool_tray__images87_jpg.rf.2992039e2d35a0c16feb9ad276f97cc6__36a15dda13.jpg,0,3,0,source_annotation_pending_spot_check
stresstest_tool_tray,test,stresstest_tool_tray__images95_jpg.rf.8e9a4153f7a0e747d17a6f55ed2f0ba4__7f9f72d94f.jpg,0,1,0,source_annotation_pending_spot_check
stresstest_tool_tray,test,stresstest_tool_tray__images98_jpg.rf.7f687a46bd845ac57ef640d73a3f3bba__6299990748.jpg,0,1,0,source_annotation_pending_spot_check
stresstest_tool_tray,test,stresstest_tool_tray__IMG_0437_jpg.rf.b62b707d9d6983a5290e9c8dfbeda353__87e2f70108.jpg,1,0,0,source_annotation_pending_spot_check
stresstest_tool_tray,test,stresstest_tool_tray__IMG_0443_jpg.rf.9ea00d2e52e1a837fa504f98d9eddcf4__8a18512624.jpg,2,0,0,source_annotation_pending_spot_check
stresstest_tool_tray,test,stresstest_tool_tray__IMG_0462_jpg.rf.edbb05df8ba25c10bbb8c5d7e44938f0__7a7aae1665.jpg,0,5,0,source_annotation_pending_spot_check
stresstest_tool_tray,test,stresstest_tool_tray__IMG_0466_jpg.rf.e7d210f083b4ce41548fed81bc7a18cc__bea3ad6dc3.jpg,0,5,0,source_annotation_pending_spot_check
stresstest_tool_tray,test,stresstest_tool_tray__IMG_0468_jpg.rf.c3964433d0342dba9407605fc9784c70__7ee2e065d7.jpg,0,1,0,source_annotation_pending_spot_check
stresstest_tool_tray,test,stresstest_tool_tray__IMG_9818_jpg.rf.a487660a80552fb0158ee186cc825d93__2246de2d36.jpg,0,0,14,source_annotation_pending_spot_check
stresstest_tool_tray,test,stresstest_tool_tray__IMG_9824_jpg.rf.b2b559e384a01b0f48327d91fedce791__71d655c746.jpg,0,0,14,source_annotation_pending_spot_check
stresstest_tool_tray,test,stresstest_tool_tray__IMG_9868_jpg.rf.aa2a594fc56e1d7cda68f8a8b2057a9e__0116fb99df.jpg,0,0,2,source_annotation_pending_spot_check
stresstest_tool_tray,test,stresstest_tool_tray__IMG_9869_jpg.rf.88a057d217b8b0d6e57c675dffe955b2__60ce191941.jpg,0,0,2,source_annotation_pending_spot_check
stresstest_tool_tray,test,stresstest_tool_tray__IZTYDXF4106V_jpg.rf.111a2c9b03f7e3a52c993a4ee5b838c7__1e41eab5c0.jpg,0,0,2,source_annotation_pending_spot_check
stresstest_tool_tray,test,stresstest_tool_tray__JTJB5L6YZESA_jpg.rf.0add8c509768cc1c7974a2b7f28b4fdf__6ec8125c5a.jpg,0,0,1,source_annotation_pending_spot_check
stresstest_tool_tray,test,stresstest_tool_tray__KOCXP2RYYM7R_jpg.rf.7710eaee2cfea693bfeb51d40f598fb2__92fe609168.jpg,0,0,1,source_annotation_pending_spot_check
stresstest_tool_tray,test,stresstest_tool_tray__LBI46JJVRN6O_jpg.rf.78e87c030203f4b51144552a92bdc016__7db34b5f75.jpg,0,0,1,source_annotation_pending_spot_check
stresstest_tool_tray,test,stresstest_tool_tray__LTHVC7KO6LSS_jpg.rf.600423949fccaf8319f2de4695bc8ae6__0f7c79b2ed.jpg,0,0,1,source_annotation_pending_spot_check
stresstest_tool_tray,test,stresstest_tool_tray__m8-ms-hex-nut_jpg.rf.d4c9bd4edfd0421fd44063584418e1d0__5ec3ae1090.jpg,0,2,0,source_annotation_pending_spot_check
stresstest_tool_tray,test,stresstest_tool_tray__MC3XJU7MQ6I7_jpg.rf.77e0a36e32ef0a6e617e0650a1a01937__097272bc51.jpg,0,0,1,source_annotation_pending_spot_check
stresstest_tool_tray,test,stresstest_tool_tray__MSM9ISFBVN34_jpg.rf.17704b12035d5cf3a9bde6fa5605bf78__6306e8cbc7.jpg,0,0,2,source_annotation_pending_spot_check
stresstest_tool_tray,test,stresstest_tool_tray__MWD8733M1IXZ_jpg.rf.64282ed75fd445ca6071021b896c40e5__7cc1b9ade8.jpg,0,0,1,source_annotation_pending_spot_check
stresstest_tool_tray,test,stresstest_tool_tray__NOJ605L8ZIEL_jpg.rf.fc3252ec3b0dde049fd2eeab3b6ddf40__31d7fc7496.jpg,0,0,1,source_annotation_pending_spot_check
stresstest_tool_tray,test,stresstest_tool_tray__O5AGG39GMJFV_jpg.rf.b62e823c77c6ea2ac45e7d7ce474dec2__b5425f377a.jpg,0,0,1,source_annotation_pending_spot_check
stresstest_tool_tray,test,stresstest_tool_tray__O8TYHY68G2TK_jpg.rf.74e583025c6822eaf73476992944ba15__d46f1fb173.jpg,0,0,1,source_annotation_pending_spot_check
stresstest_tool_tray,test,stresstest_tool_tray__P3A1IWHSLMZI_jpg.rf.5a64b1395e3feea968504d22bd00bef7__5115477dc1.jpg,0,0,1,source_annotation_pending_spot_check
stresstest_tool_tray,test,stresstest_tool_tray__Photo-on-3-4-24-at-6-27-PM-4_jpeg.rf.6a1d3786eaee75261952aa11e58abe4b__9d5cc4237b.jpg,0,0,1,source_annotation_pending_spot_check
stresstest_tool_tray,test,stresstest_tool_tray__Photo-on-3-4-24-at-6-28-PM-2_jpeg.rf.a81f24e8dbd7359276b301dfb904a607__ea8220caa3.jpg,0,0,1,source_annotation_pending_spot_check
stresstest_tool_tray,test,stresstest_tool_tray__Photo-on-3-6-24-at-4-23-PM_jpeg.rf.cb4b59df7a8b265f1227523a04ad4638__46d2930afc.jpg,0,0,1,source_annotation_pending_spot_check
stresstest_tool_tray,test,stresstest_tool_tray__Photo-on-3-6-24-at-4-25-PM-5_jpeg.rf.add3e2048532ce5b51b4ff71dab3829b__a3d4e84a03.jpg,0,0,1,source_annotation_pending_spot_check
stresstest_tool_tray,test,stresstest_tool_tray__Photo-on-3-6-24-at-4-26-PM-5_jpeg.rf.a6a98ecda4f7e4fef826ee012d0c46b6__a88659f9a3.jpg,0,0,1,source_annotation_pending_spot_check
stresstest_tool_tray,test,stresstest_tool_tray__Photo-on-3-6-24-at-4-28-PM-3_jpeg.rf.c33cf4bfc6936754b590c8c7154301f4__5334ddc031.jpg,0,0,1,source_annotation_pending_spot_check
stresstest_tool_tray,test,stresstest_tool_tray__Photo-on-3-6-24-at-5-22-PM-2_jpeg.rf.43b7b8a84433766a261ae6b29942a46b__6d86d46acc.jpg,0,0,1,source_annotation_pending_spot_check
stresstest_tool_tray,test,stresstest_tool_tray__Photo-on-3-6-24-at-5-22-PM_jpeg.rf.7c7562fe5732edc45d874afb35364327__6520d22d46.jpg,0,0,1,source_annotation_pending_spot_check
stresstest_tool_tray,test,stresstest_tool_tray__Photo-on-3-6-24-at-5-23-PM-3_jpeg.rf.6377583dcc4b47e6dd83635fcb71e6fa__aebb6f66b1.jpg,0,0,1,source_annotation_pending_spot_check
stresstest_tool_tray,test,stresstest_tool_tray__Q45HJEWRSVQL_jpg.rf.5de38a36cfc8255ade78d561257c38fa__30c433ca55.jpg,0,0,1,source_annotation_pending_spot_check
stresstest_tool_tray,test,stresstest_tool_tray__Q5FXU273GP2X_jpg.rf.31659210d65f4a089a318061640bf6ba__009e5a2a42.jpg,0,0,5,source_annotation_pending_spot_check
stresstest_tool_tray,test,stresstest_tool_tray__QMAWQ356PXQJ_jpg.rf.41757f562e67afeab4315fa9f11f2184__5df050d5f4.jpg,0,0,1,source_annotation_pending_spot_check
stresstest_tool_tray,test,stresstest_tool_tray__QO7A7F43MUCW_jpg.rf.0edc329a3e6b6e65483e3d1c4bf6b81e__b81495d075.jpg,0,0,1,source_annotation_pending_spot_check
stresstest_tool_tray,test,stresstest_tool_tray__QTLA05K5R2SR_jpg.rf.ff44b1280f560abbeefb54cc3f477054__08aba31ed8.jpg,0,0,1,source_annotation_pending_spot_check
stresstest_tool_tray,test,stresstest_tool_tray__r3ww_jpg.rf.88b4daa36e4b87340ef8dd3c220060b1__548065bba3.jpg,1,0,0,source_annotation_pending_spot_check
stresstest_tool_tray,test,stresstest_tool_tray__RAM37AYMHH0H_jpg.rf.7b59aec1f3c421bc2fe18828eeb525eb__1849698c25.jpg,0,0,1,source_annotation_pending_spot_check
stresstest_tool_tray,test,stresstest_tool_tray__RAWW0TCKGCN0_jpg.rf.fee0c92fd192da0c3ca19bbad87eecd3__272870d7c8.jpg,0,0,2,source_annotation_pending_spot_check
stresstest_tool_tray,test,stresstest_tool_tray__Stainless-Hex-Nuts-3-1200x1200_jpg.rf.2605985c1824efd17a6d04801b7a03b2__d64ee8a664.jpg,0,1,0,source_annotation_pending_spot_check
stresstest_tool_tray,test,stresstest_tool_tray__SUPVQBCVOKNG_jpg.rf.087845d709cdd09565b909d27c6b56f2__8108611dea.jpg,0,0,1,source_annotation_pending_spot_check
stresstest_tool_tray,test,stresstest_tool_tray__SWRGAEG7QMQL_jpg.rf.d686e4c2c82649a59fd6661bce708f2c__ee13a7e4c7.jpg,0,0,1,source_annotation_pending_spot_check
stresstest_tool_tray,test,stresstest_tool_tray__tuerca-sujetadora-de-brilo-de-rin-para-tsuru-sentra-tiida_jpg.rf.8d077a7ce41e6af9c2d685ca6d79af85__8b6becca74.jpg,0,1,0,source_annotation_pending_spot_check
stresstest_tool_tray,test,stresstest_tool_tray__tuerca_hexagonal_con_arandela_dentada_flange-1_jpg.rf.ee0fbf082e5e335fd8c22127ce9658b9__7a3ec9b3c5.jpg,0,1,0,source_annotation_pending_spot_check
stresstest_tool_tray,test,stresstest_tool_tray__tuercas2_jpg.rf.c2fd370073f260dc4f2909bdfd8cc6ab__1cedfed55b.jpg,0,1,0,source_annotation_pending_spot_check
stresstest_tool_tray,test,stresstest_tool_tray__TXF7KWLQ7XPG_jpg.rf.0a2d7059bf4944e832809668ba2f5446__a88ee03b27.jpg,0,0,1,source_annotation_pending_spot_check
stresstest_tool_tray,test,stresstest_tool_tray__UHL1L8K37KMM_jpg.rf.90ec5b3efa97eb91585b06c6ac10b5c5__0cbeb87c4e.jpg,0,0,1,source_annotation_pending_spot_check
stresstest_tool_tray,test,stresstest_tool_tray__V6DJ3B5CKGGG_jpg.rf.3a7a134c61638b8c24afa95cfa544328__2d8082cebc.jpg,0,0,1,source_annotation_pending_spot_check
stresstest_tool_tray,test,stresstest_tool_tray__V933INR7UJX5_jpg.rf.4cdb41a7a02cd2ab14432340a4c4adc0__383612ea38.jpg,0,0,1,source_annotation_pending_spot_check
stresstest_tool_tray,test,stresstest_tool_tray__X85EKX96ZGXS_jpg.rf.296b292a873d15b6ad01a5279bb54a25__05bd883aaf.jpg,0,0,1,source_annotation_pending_spot_check
stresstest_tool_tray,test,stresstest_tool_tray__x_jpg.rf.b0193c1c13ed127323e3ef9ed6eb0fb5__f10393c3a7.jpg,1,0,0,source_annotation_pending_spot_check
stresstest_tool_tray,test,stresstest_tool_tray__XMW13PBTU3KR_jpg.rf.3e391093b9e5b0767b7a3f534f73835f__3d2ddf761f.jpg,0,0,1,source_annotation_pending_spot_check
stresstest_tool_tray,test,stresstest_tool_tray__YL297N8H8QZL_jpg.rf.99cb917b007ec178eb6f04409772bbb9__c7fd0cb574.jpg,0,0,2,source_annotation_pending_spot_check
stresstest_tool_tray,test,stresstest_tool_tray__YO6Z05OM68TA_jpg.rf.9463714d234578555dad5fc7f85ba140__cb091b5bd6.jpg,0,0,1,source_annotation_pending_spot_check
stresstest_tool_tray,test,stresstest_tool_tray__YYPXLUYAT0A9_jpg.rf.1e3f4d127a83ec9e05925846637d0d57__bf755e7a2c.jpg,0,0,1,source_annotation_pending_spot_check
stresstest_tool_tray,test,stresstest_tool_tray__ZSHKGTQ8QGHK_jpg.rf.53588e798c92cd8147919237482da957__bc3fefbf2b.jpg,0,0,1,source_annotation_pending_spot_check
